2026-05-21T19:02:53.339+05:30  INFO 1621 --- [Fraud-Management] [restartedMain] c.f.F.FraudManagementApplication         : Starting FraudManagementApplication using Java 17.0.10 with PID 1621 (/Users/himanshudevi/Desktop/doc/BITS_study_doc/Dissertation/AI_DRIVEN_FRAUD_MONITORING_PRODUCT/Fraud-Management/target/classes started by himanshudevi in /Users/himanshudevi/Desktop/doc/BITS_study_doc/Dissertation/AI_DRIVEN_FRAUD_MONITORING_PRODUCT/Fraud-Management)
2026-05-21T19:02:53.346+05:30 DEBUG 1621 --- [Fraud-Management] [restartedMain] c.f.F.FraudManagementApplication         : Running with Spring Boot v3.4.4, Spring v6.2.5
2026-05-21T19:02:53.347+05:30  INFO 1621 --- [Fraud-Management] [restartedMain] c.f.F.FraudManagementApplication         : The following 1 profile is active: "local"
2026-05-21T19:02:53.390+05:30  INFO 1621 --- [Fraud-Management] [restartedMain] o.s.b.devtools.restart.ChangeableUrls    : The Class-Path manifest attribute in /Users/himanshudevi/.m2/repository/org/apache/kafka/kafka-clients/3.7.0/kafka-clients-3.7.0.jar referenced one or more files that do not exist: file:/Users/himanshudevi/.m2/repository/org/apache/kafka/kafka-clients/3.7.0/zstd-jni-1.5.5-6.jar,file:/Users/himanshudevi/.m2/repository/org/apache/kafka/kafka-clients/3.7.0/lz4-java-1.8.0.jar,file:/Users/himanshudevi/.m2/repository/org/apache/kafka/kafka-clients/3.7.0/snappy-java-1.1.10.5.jar,file:/Users/himanshudevi/.m2/repository/org/apache/kafka/kafka-clients/3.7.0/slf4j-api-1.7.36.jar
2026-05-21T19:02:53.391+05:30  INFO 1621 --- [Fraud-Management] [restartedMain] .e.DevToolsPropertyDefaultsPostProcessor : Devtools property defaults active! Set 'spring.devtools.add-properties' to 'false' to disable
2026-05-21T19:02:53.391+05:30  INFO 1621 --- [Fraud-Management] [restartedMain] .e.DevToolsPropertyDefaultsPostProcessor : For additional web related logging consider setting the 'logging.level.web' property to 'DEBUG'
2026-05-21T19:02:54.388+05:30  INFO 1621 --- [Fraud-Management] [restartedMain] .s.d.r.c.RepositoryConfigurationDelegate : Bootstrapping Spring Data JPA repositories in DEFAULT mode.
2026-05-21T19:02:54.504+05:30  INFO 1621 --- [Fraud-Management] [restartedMain] .s.d.r.c.RepositoryConfigurationDelegate : Finished Spring Data repository scanning in 108 ms. Found 6 JPA repository interfaces.
2026-05-21T19:02:54.737+05:30  INFO 1621 --- [Fraud-Management] [restartedMain] o.s.cloud.context.scope.GenericScope     : BeanFactory id=e20747d0-2e54-3449-808a-dad8cc159ac2
2026-05-21T19:02:55.423+05:30  INFO 1621 --- [Fraud-Management] [restartedMain] o.s.b.w.embedded.tomcat.TomcatWebServer  : Tomcat initialized with port 8082 (http)
2026-05-21T19:02:55.434+05:30  INFO 1621 --- [Fraud-Management] [restartedMain] o.apache.catalina.core.StandardService   : Starting service [Tomcat]
2026-05-21T19:02:55.435+05:30  INFO 1621 --- [Fraud-Management] [restartedMain] o.apache.catalina.core.StandardEngine    : Starting Servlet engine: [Apache Tomcat/10.1.39]
2026-05-21T19:02:55.476+05:30  INFO 1621 --- [Fraud-Management] [restartedMain] o.a.c.c.C.[Tomcat].[localhost].[/]       : Initializing Spring embedded WebApplicationContext
2026-05-21T19:02:55.476+05:30  INFO 1621 --- [Fraud-Management] [restartedMain] w.s.c.ServletWebServerApplicationContext : Root WebApplicationContext: initialization completed in 2084 ms
2026-05-21T19:02:55.810+05:30  INFO 1621 --- [Fraud-Management] [restartedMain] o.hibernate.jpa.internal.util.LogHelper  : HHH000204: Processing PersistenceUnitInfo [name: default]
2026-05-21T19:02:55.852+05:30  INFO 1621 --- [Fraud-Management] [restartedMain] org.hibernate.Version                    : HHH000412: Hibernate ORM core version 6.4.4.Final
2026-05-21T19:02:55.875+05:30  INFO 1621 --- [Fraud-Management] [restartedMain] o.h.c.internal.RegionFactoryInitiator    : HHH000026: Second-level cache disabled
2026-05-21T19:02:56.012+05:30  INFO 1621 --- [Fraud-Management] [restartedMain] o.s.o.j.p.SpringPersistenceUnitInfo      : No LoadTimeWeaver setup: ignoring JPA class transformer
2026-05-21T19:02:56.036+05:30  INFO 1621 --- [Fraud-Management] [restartedMain] com.zaxxer.hikari.HikariDataSource       : HikariPool-1 - Starting...
2026-05-21T19:02:56.138+05:30  INFO 1621 --- [Fraud-Management] [restartedMain] com.zaxxer.hikari.pool.HikariPool        : HikariPool-1 - Added connection org.postgresql.jdbc.PgConnection@2f65c5e0
2026-05-21T19:02:56.141+05:30  INFO 1621 --- [Fraud-Management] [restartedMain] com.zaxxer.hikari.HikariDataSource       : HikariPool-1 - Start completed.
2026-05-21T19:02:56.178+05:30  WARN 1621 --- [Fraud-Management] [restartedMain] org.hibernate.orm.deprecation            : HHH90000025: PostgreSQLDialect does not need to be specified explicitly using 'hibernate.dialect' (remove the property setting and it will be selected by default)
2026-05-21T19:02:57.441+05:30  INFO 1621 --- [Fraud-Management] [restartedMain] o.h.m.i.EntityInstantiatorPojoStandard   : HHH000182: No default (no-argument) constructor for class: com.fraud_detection.Fraud_Management.entity.Transaction (class must be instantiated by Interceptor)
2026-05-21T19:02:57.740+05:30  INFO 1621 --- [Fraud-Management] [restartedMain] o.h.e.t.j.p.i.JtaPlatformInitiator       : HHH000489: No JTA platform available (set 'hibernate.transaction.jta.platform' to enable JTA platform integration)
2026-05-21T19:02:57.821+05:30  INFO 1621 --- [Fraud-Management] [restartedMain] j.LocalContainerEntityManagerFactoryBean : Initialized JPA EntityManagerFactory for persistence unit 'default'
2026-05-21T19:02:59.200+05:30  WARN 1621 --- [Fraud-Management] [restartedMain] JpaBaseConfiguration$JpaWebConfiguration : spring.jpa.open-in-view is enabled by default. Therefore, database queries may be performed during view rendering. Explicitly configure spring.jpa.open-in-view to disable this warning
2026-05-21T19:03:01.024+05:30  INFO 1621 --- [Fraud-Management] [restartedMain] o.s.b.d.a.OptionalLiveReloadServer       : LiveReload server is running on port 35729
2026-05-21T19:03:01.088+05:30  INFO 1621 --- [Fraud-Management] [restartedMain] DiscoveryClientOptionalArgsConfiguration : Eureka HTTP Client uses RestTemplate.
2026-05-21T19:03:01.179+05:30  WARN 1621 --- [Fraud-Management] [restartedMain] iguration$LoadBalancerCaffeineWarnLogger : Spring Cloud LoadBalancer is currently working with the default cache. While this cache implementation is useful for development and tests, it's recommended to use Caffeine cache in production.You can switch to using Caffeine cache, by adding it and org.springframework.cache.caffeine.CaffeineCacheManager to the classpath.
2026-05-21T19:03:01.190+05:30  INFO 1621 --- [Fraud-Management] [restartedMain] o.s.b.a.e.web.EndpointLinksResolver      : Exposing 1 endpoint beneath base path '/actuator'
2026-05-21T19:03:01.320+05:30  INFO 1621 --- [Fraud-Management] [restartedMain] o.s.c.n.eureka.InstanceInfoFactory       : Setting initial instance status as: STARTING
2026-05-21T19:03:01.354+05:30  INFO 1621 --- [Fraud-Management] [restartedMain] com.netflix.discovery.DiscoveryClient    : Initializing Eureka in region us-east-1
2026-05-21T19:03:01.357+05:30  INFO 1621 --- [Fraud-Management] [restartedMain] c.n.d.s.r.aws.ConfigClusterResolver      : Resolving eureka endpoints via configuration
2026-05-21T19:03:01.369+05:30  INFO 1621 --- [Fraud-Management] [restartedMain] com.netflix.discovery.DiscoveryClient    : Disable delta property : false
2026-05-21T19:03:01.370+05:30  INFO 1621 --- [Fraud-Management] [restartedMain] com.netflix.discovery.DiscoveryClient    : Single vip registry refresh property : null
2026-05-21T19:03:01.370+05:30  INFO 1621 --- [Fraud-Management] [restartedMain] com.netflix.discovery.DiscoveryClient    : Force full registry fetch : false
2026-05-21T19:03:01.370+05:30  INFO 1621 --- [Fraud-Management] [restartedMain] com.netflix.discovery.DiscoveryClient    : Application is null : false
2026-05-21T19:03:01.370+05:30  INFO 1621 --- [Fraud-Management] [restartedMain] com.netflix.discovery.DiscoveryClient    : Registered Applications size is zero : true
2026-05-21T19:03:01.370+05:30  INFO 1621 --- [Fraud-Management] [restartedMain] com.netflix.discovery.DiscoveryClient    : Application version is -1: true
2026-05-21T19:03:01.370+05:30  INFO 1621 --- [Fraud-Management] [restartedMain] com.netflix.discovery.DiscoveryClient    : Getting all instance registry info from the eureka server
2026-05-21T19:03:01.838+05:30  INFO 1621 --- [Fraud-Management] [restartedMain] com.netflix.discovery.DiscoveryClient    : The response status is 200
2026-05-21T19:03:01.840+05:30  INFO 1621 --- [Fraud-Management] [restartedMain] com.netflix.discovery.DiscoveryClient    : Starting heartbeat executor: renew interval is: 30
2026-05-21T19:03:01.841+05:30  INFO 1621 --- [Fraud-Management] [restartedMain] c.n.discovery.InstanceInfoReplicator     : InstanceInfoReplicator onDemand update allowed rate per min is 4
2026-05-21T19:03:01.843+05:30  INFO 1621 --- [Fraud-Management] [restartedMain] com.netflix.discovery.DiscoveryClient    : Discovery Client initialized at timestamp 1779370381842 with initial instances count: 2
2026-05-21T19:03:01.853+05:30  INFO 1621 --- [Fraud-Management] [restartedMain] o.s.c.n.e.s.EurekaServiceRegistry        : Registering application FRAUD-MANAGEMENT with eureka with status UP
2026-05-21T19:03:01.853+05:30  INFO 1621 --- [Fraud-Management] [restartedMain] com.netflix.discovery.DiscoveryClient    : Saw local status change event StatusChangeEvent [timestamp=1779370381853, current=UP, previous=STARTING]
2026-05-21T19:03:01.855+05:30  INFO 1621 --- [Fraud-Management] [DiscoveryClient-InstanceInfoReplicator-%d] com.netflix.discovery.DiscoveryClient    : DiscoveryClient_FRAUD-MANAGEMENT/192.168.1.15:Fraud-Management:8082: registering service...
2026-05-21T19:03:01.868+05:30  INFO 1621 --- [Fraud-Management] [restartedMain] o.s.b.w.embedded.tomcat.TomcatWebServer  : Tomcat started on port 8082 (http) with context path '/'
2026-05-21T19:03:01.870+05:30  INFO 1621 --- [Fraud-Management] [restartedMain] .s.c.n.e.s.EurekaAutoServiceRegistration : Updating port to 8082
2026-05-21T19:03:01.909+05:30  INFO 1621 --- [Fraud-Management] [DiscoveryClient-InstanceInfoReplicator-%d] com.netflix.discovery.DiscoveryClient    : DiscoveryClient_FRAUD-MANAGEMENT/192.168.1.15:Fraud-Management:8082 - registration status: 204
2026-05-21T19:03:01.913+05:30  INFO 1621 --- [Fraud-Management] [restartedMain] c.f.F.FraudManagementApplication         : Started FraudManagementApplication in 9.241 seconds (process running for 10.283)
2026-05-21T19:03:02.254+05:30  INFO 1621 --- [Fraud-Management] [restartedMain] .s.b.a.l.ConditionEvaluationReportLogger : 

Error starting ApplicationContext. To display the condition evaluation report re-run your application with 'debug' enabled.
2026-05-21T19:03:02.281+05:30 ERROR 1621 --- [Fraud-Management] [restartedMain] o.s.boot.SpringApplication               : Application run failed

org.neo4j.driver.exceptions.ServiceUnavailableException: Unable to connect to localhost:7687, ensure the database is running and that there is a working network connection to it.
	at org.neo4j.driver.internal.util.Futures.blockingGet(Futures.java:108) ~[neo4j-java-driver-5.19.0.jar:5.19.0-6da7f62de02aa3f9f0084bda8c619812b1a190ac]
	at org.neo4j.driver.internal.InternalSession.run(InternalSession.java:63) ~[neo4j-java-driver-5.19.0.jar:5.19.0-6da7f62de02aa3f9f0084bda8c619812b1a190ac]
	at org.neo4j.driver.internal.InternalSession.run(InternalSession.java:48) ~[neo4j-java-driver-5.19.0.jar:5.19.0-6da7f62de02aa3f9f0084bda8c619812b1a190ac]
	at org.neo4j.driver.internal.AbstractQueryRunner.run(AbstractQueryRunner.java:32) ~[neo4j-java-driver-5.19.0.jar:5.19.0-6da7f62de02aa3f9f0084bda8c619812b1a190ac]
	at org.neo4j.driver.internal.AbstractQueryRunner.run(AbstractQueryRunner.java:37) ~[neo4j-java-driver-5.19.0.jar:5.19.0-6da7f62de02aa3f9f0084bda8c619812b1a190ac]
	at com.fraud_detection.Fraud_Management.graph.Neo4jGraphLoaderService.loadHistoricalData(Neo4jGraphLoaderService.java:65) ~[classes/:na]
	at com.fraud_detection.Fraud_Management.graph.GraphInitializer.run(GraphInitializer.java:20) ~[classes/:na]
	at org.springframework.boot.SpringApplication.lambda$callRunner$5(SpringApplication.java:788) ~[spring-boot-3.4.4.jar:3.4.4]
	at org.springframework.util.function.ThrowingConsumer$1.acceptWithException(ThrowingConsumer.java:82) ~[spring-core-6.2.5.jar:6.2.5]
	at org.springframework.util.function.ThrowingConsumer.accept(ThrowingConsumer.java:60) ~[spring-core-6.2.5.jar:6.2.5]
	at org.springframework.util.function.ThrowingConsumer$1.accept(ThrowingConsumer.java:86) ~[spring-core-6.2.5.jar:6.2.5]
	at org.springframework.boot.SpringApplication.callRunner(SpringApplication.java:796) ~[spring-boot-3.4.4.jar:3.4.4]
	at org.springframework.boot.SpringApplication.callRunner(SpringApplication.java:787) ~[spring-boot-3.4.4.jar:3.4.4]
	at org.springframework.boot.SpringApplication.lambda$callRunners$3(SpringApplication.java:772) ~[spring-boot-3.4.4.jar:3.4.4]
	at java.base/java.util.stream.ForEachOps$ForEachOp$OfRef.accept(ForEachOps.java:183) ~[na:na]
	at java.base/java.util.stream.SortedOps$SizedRefSortingSink.end(SortedOps.java:357) ~[na:na]
	at java.base/java.util.stream.AbstractPipeline.copyInto(AbstractPipeline.java:510) ~[na:na]
	at java.base/java.util.stream.AbstractPipeline.wrapAndCopyInto(AbstractPipeline.java:499) ~[na:na]
	at java.base/java.util.stream.ForEachOps$ForEachOp.evaluateSequential(ForEachOps.java:150) ~[na:na]
	at java.base/java.util.stream.ForEachOps$ForEachOp$OfRef.evaluateSequential(ForEachOps.java:173) ~[na:na]
	at java.base/java.util.stream.AbstractPipeline.evaluate(AbstractPipeline.java:234) ~[na:na]
	at java.base/java.util.stream.ReferencePipeline.forEach(ReferencePipeline.java:596) ~[na:na]
	at org.springframework.boot.SpringApplication.callRunners(SpringApplication.java:772) ~[spring-boot-3.4.4.jar:3.4.4]
	at org.springframework.boot.SpringApplication.run(SpringApplication.java:325) ~[spring-boot-3.4.4.jar:3.4.4]
	at org.springframework.boot.SpringApplication.run(SpringApplication.java:1361) ~[spring-boot-3.4.4.jar:3.4.4]
	at org.springframework.boot.SpringApplication.run(SpringApplication.java:1350) ~[spring-boot-3.4.4.jar:3.4.4]
	at com.fraud_detection.Fraud_Management.FraudManagementApplication.main(FraudManagementApplication.java:13) ~[classes/:na]
	at java.base/jdk.internal.reflect.NativeMethodAccessorImpl.invoke0(Native Method) ~[na:na]
	at java.base/jdk.internal.reflect.NativeMethodAccessorImpl.invoke(NativeMethodAccessorImpl.java:77) ~[na:na]
	at java.base/jdk.internal.reflect.DelegatingMethodAccessorImpl.invoke(DelegatingMethodAccessorImpl.java:43) ~[na:na]
	at java.base/java.lang.reflect.Method.invoke(Method.java:568) ~[na:na]
	at org.springframework.boot.devtools.restart.RestartLauncher.run(RestartLauncher.java:50) ~[spring-boot-devtools-3.4.4.jar:3.4.4]
	Suppressed: org.neo4j.driver.internal.util.ErrorUtil$InternalExceptionCause: null
		at org.neo4j.driver.internal.async.connection.ChannelConnectedListener.databaseUnavailableError(ChannelConnectedListener.java:80) ~[neo4j-java-driver-5.19.0.jar:5.19.0-6da7f62de02aa3f9f0084bda8c619812b1a190ac]
		at org.neo4j.driver.internal.async.connection.ChannelConnectedListener.operationComplete(ChannelConnectedListener.java:74) ~[neo4j-java-driver-5.19.0.jar:5.19.0-6da7f62de02aa3f9f0084bda8c619812b1a190ac]
		at org.neo4j.driver.internal.async.connection.ChannelConnectedListener.operationComplete(ChannelConnectedListener.java:33) ~[neo4j-java-driver-5.19.0.jar:5.19.0-6da7f62de02aa3f9f0084bda8c619812b1a190ac]
		at io.netty.util.concurrent.DefaultPromise.notifyListener0(DefaultPromise.java:590) ~[netty-common-4.1.119.Final.jar:4.1.119.Final]
		at io.netty.util.concurrent.DefaultPromise.notifyListeners0(DefaultPromise.java:583) ~[netty-common-4.1.119.Final.jar:4.1.119.Final]
		at io.netty.util.concurrent.DefaultPromise.notifyListenersNow(DefaultPromise.java:559) ~[netty-common-4.1.119.Final.jar:4.1.119.Final]
		at io.netty.util.concurrent.DefaultPromise.notifyListeners(DefaultPromise.java:492) ~[netty-common-4.1.119.Final.jar:4.1.119.Final]
		at io.netty.util.concurrent.DefaultPromise.setValue0(DefaultPromise.java:636) ~[netty-common-4.1.119.Final.jar:4.1.119.Final]
		at io.netty.util.concurrent.DefaultPromise.setFailure0(DefaultPromise.java:629) ~[netty-common-4.1.119.Final.jar:4.1.119.Final]
		at io.netty.util.concurrent.DefaultPromise.tryFailure(DefaultPromise.java:118) ~[netty-common-4.1.119.Final.jar:4.1.119.Final]
		at io.netty.channel.nio.AbstractNioChannel$AbstractNioUnsafe.fulfillConnectPromise(AbstractNioChannel.java:326) ~[netty-transport-4.1.119.Final.jar:4.1.119.Final]
		at io.netty.channel.nio.AbstractNioChannel$AbstractNioUnsafe.finishConnect(AbstractNioChannel.java:342) ~[netty-transport-4.1.119.Final.jar:4.1.119.Final]
		at io.netty.channel.nio.NioEventLoop.processSelectedKey(NioEventLoop.java:784) ~[netty-transport-4.1.119.Final.jar:4.1.119.Final]
		at io.netty.channel.nio.NioEventLoop.processSelectedKeysOptimized(NioEventLoop.java:732) ~[netty-transport-4.1.119.Final.jar:4.1.119.Final]
		at io.netty.channel.nio.NioEventLoop.processSelectedKeys(NioEventLoop.java:658) ~[netty-transport-4.1.119.Final.jar:4.1.119.Final]
		at io.netty.channel.nio.NioEventLoop.run(NioEventLoop.java:562) ~[netty-transport-4.1.119.Final.jar:4.1.119.Final]
		at io.netty.util.concurrent.SingleThreadEventExecutor$4.run(SingleThreadEventExecutor.java:998) ~[netty-common-4.1.119.Final.jar:4.1.119.Final]
		at io.netty.util.internal.ThreadExecutorMap$2.run(ThreadExecutorMap.java:74) ~[netty-common-4.1.119.Final.jar:4.1.119.Final]
		at io.netty.util.concurrent.FastThreadLocalRunnable.run(FastThreadLocalRunnable.java:30) ~[netty-common-4.1.119.Final.jar:4.1.119.Final]
		at java.base/java.lang.Thread.run(Thread.java:840) ~[na:na]
Caused by: io.netty.channel.AbstractChannel$AnnotatedConnectException: Connection refused: localhost/127.0.0.1:7687
Caused by: java.net.ConnectException: Connection refused
	at java.base/sun.nio.ch.Net.pollConnect(Native Method) ~[na:na]
	at java.base/sun.nio.ch.Net.pollConnectNow(Net.java:672) ~[na:na]
	at java.base/sun.nio.ch.SocketChannelImpl.finishConnect(SocketChannelImpl.java:946) ~[na:na]
	at io.netty.channel.socket.nio.NioSocketChannel.doFinishConnect(NioSocketChannel.java:336) ~[netty-transport-4.1.119.Final.jar:4.1.119.Final]
	at io.netty.channel.nio.AbstractNioChannel$AbstractNioUnsafe.finishConnect(AbstractNioChannel.java:339) ~[netty-transport-4.1.119.Final.jar:4.1.119.Final]
	at io.netty.channel.nio.NioEventLoop.processSelectedKey(NioEventLoop.java:784) ~[netty-transport-4.1.119.Final.jar:4.1.119.Final]
	at io.netty.channel.nio.NioEventLoop.processSelectedKeysOptimized(NioEventLoop.java:732) ~[netty-transport-4.1.119.Final.jar:4.1.119.Final]
	at io.netty.channel.nio.NioEventLoop.processSelectedKeys(NioEventLoop.java:658) ~[netty-transport-4.1.119.Final.jar:4.1.119.Final]
	at io.netty.channel.nio.NioEventLoop.run(NioEventLoop.java:562) ~[netty-transport-4.1.119.Final.jar:4.1.119.Final]
	at io.netty.util.concurrent.SingleThreadEventExecutor$4.run(SingleThreadEventExecutor.java:998) ~[netty-common-4.1.119.Final.jar:4.1.119.Final]
	at io.netty.util.internal.ThreadExecutorMap$2.run(ThreadExecutorMap.java:74) ~[netty-common-4.1.119.Final.jar:4.1.119.Final]
	at io.netty.util.concurrent.FastThreadLocalRunnable.run(FastThreadLocalRunnable.java:30) ~[netty-common-4.1.119.Final.jar:4.1.119.Final]
	at java.base/java.lang.Thread.run(Thread.java:840) ~[na:na]

2026-05-21T19:03:02.290+05:30  INFO 1621 --- [Fraud-Management] [restartedMain] o.s.c.n.e.s.EurekaServiceRegistry        : Unregistering application FRAUD-MANAGEMENT with eureka with status DOWN
2026-05-21T19:03:02.290+05:30  INFO 1621 --- [Fraud-Management] [restartedMain] com.netflix.discovery.DiscoveryClient    : Saw local status change event StatusChangeEvent [timestamp=1779370382290, current=DOWN, previous=UP]
2026-05-21T19:03:02.291+05:30  INFO 1621 --- [Fraud-Management] [DiscoveryClient-InstanceInfoReplicator-%d] com.netflix.discovery.DiscoveryClient    : DiscoveryClient_FRAUD-MANAGEMENT/192.168.1.15:Fraud-Management:8082: registering service...
2026-05-21T19:03:02.296+05:30  INFO 1621 --- [Fraud-Management] [restartedMain] o.s.b.w.e.tomcat.GracefulShutdown        : Commencing graceful shutdown. Waiting for active requests to complete
2026-05-21T19:03:02.301+05:30  INFO 1621 --- [Fraud-Management] [DiscoveryClient-InstanceInfoReplicator-%d] com.netflix.discovery.DiscoveryClient    : DiscoveryClient_FRAUD-MANAGEMENT/192.168.1.15:Fraud-Management:8082 - registration status: 204
2026-05-21T19:03:04.312+05:30  INFO 1621 --- [Fraud-Management] [tomcat-shutdown] o.s.b.w.e.tomcat.GracefulShutdown        : Graceful shutdown complete
2026-05-21T19:03:04.570+05:30  INFO 1621 --- [Fraud-Management] [restartedMain] j.LocalContainerEntityManagerFactoryBean : Closing JPA EntityManagerFactory for persistence unit 'default'
2026-05-21T19:03:04.586+05:30  INFO 1621 --- [Fraud-Management] [restartedMain] com.zaxxer.hikari.HikariDataSource       : HikariPool-1 - Shutdown initiated...
2026-05-21T19:03:04.594+05:30  INFO 1621 --- [Fraud-Management] [restartedMain] com.zaxxer.hikari.HikariDataSource       : HikariPool-1 - Shutdown completed.
2026-05-21T19:03:04.598+05:30  INFO 1621 --- [Fraud-Management] [restartedMain] com.netflix.discovery.DiscoveryClient    : Shutting down DiscoveryClient ...
2026-05-21T19:03:07.605+05:30  INFO 1621 --- [Fraud-Management] [restartedMain] com.netflix.discovery.DiscoveryClient    : Unregistering ...
2026-05-21T19:03:07.633+05:30  INFO 1621 --- [Fraud-Management] [restartedMain] com.netflix.discovery.DiscoveryClient    : DiscoveryClient_FRAUD-MANAGEMENT/192.168.1.15:Fraud-Management:8082 - deregister  status: 200
2026-05-21T19:03:07.634+05:30  INFO 1621 --- [Fraud-Management] [restartedMain] com.netflix.discovery.DiscoveryClient    : Completed shut down of DiscoveryClient
2026-05-21T19:04:09.189+05:30  INFO 1778 --- [Fraud-Management] [restartedMain] c.f.F.FraudManagementApplication         : Starting FraudManagementApplication using Java 17.0.10 with PID 1778 (/Users/himanshudevi/Desktop/doc/BITS_study_doc/Dissertation/AI_DRIVEN_FRAUD_MONITORING_PRODUCT/Fraud-Management/target/classes started by himanshudevi in /Users/himanshudevi/Desktop/doc/BITS_study_doc/Dissertation/AI_DRIVEN_FRAUD_MONITORING_PRODUCT/Fraud-Management)
2026-05-21T19:04:09.192+05:30 DEBUG 1778 --- [Fraud-Management] [restartedMain] c.f.F.FraudManagementApplication         : Running with Spring Boot v3.4.4, Spring v6.2.5
2026-05-21T19:04:09.193+05:30  INFO 1778 --- [Fraud-Management] [restartedMain] c.f.F.FraudManagementApplication         : The following 1 profile is active: "local"
2026-05-21T19:04:09.246+05:30  INFO 1778 --- [Fraud-Management] [restartedMain] o.s.b.devtools.restart.ChangeableUrls    : The Class-Path manifest attribute in /Users/himanshudevi/.m2/repository/org/apache/kafka/kafka-clients/3.7.0/kafka-clients-3.7.0.jar referenced one or more files that do not exist: file:/Users/himanshudevi/.m2/repository/org/apache/kafka/kafka-clients/3.7.0/zstd-jni-1.5.5-6.jar,file:/Users/himanshudevi/.m2/repository/org/apache/kafka/kafka-clients/3.7.0/lz4-java-1.8.0.jar,file:/Users/himanshudevi/.m2/repository/org/apache/kafka/kafka-clients/3.7.0/snappy-java-1.1.10.5.jar,file:/Users/himanshudevi/.m2/repository/org/apache/kafka/kafka-clients/3.7.0/slf4j-api-1.7.36.jar
2026-05-21T19:04:09.246+05:30  INFO 1778 --- [Fraud-Management] [restartedMain] .e.DevToolsPropertyDefaultsPostProcessor : Devtools property defaults active! Set 'spring.devtools.add-properties' to 'false' to disable
2026-05-21T19:04:09.246+05:30  INFO 1778 --- [Fraud-Management] [restartedMain] .e.DevToolsPropertyDefaultsPostProcessor : For additional web related logging consider setting the 'logging.level.web' property to 'DEBUG'
2026-05-21T19:04:10.587+05:30  INFO 1778 --- [Fraud-Management] [restartedMain] .s.d.r.c.RepositoryConfigurationDelegate : Bootstrapping Spring Data JPA repositories in DEFAULT mode.
2026-05-21T19:04:10.749+05:30  INFO 1778 --- [Fraud-Management] [restartedMain] .s.d.r.c.RepositoryConfigurationDelegate : Finished Spring Data repository scanning in 152 ms. Found 6 JPA repository interfaces.
2026-05-21T19:04:11.388+05:30  INFO 1778 --- [Fraud-Management] [restartedMain] o.s.cloud.context.scope.GenericScope     : BeanFactory id=e20747d0-2e54-3449-808a-dad8cc159ac2
2026-05-21T19:04:12.784+05:30  INFO 1778 --- [Fraud-Management] [restartedMain] o.s.b.w.embedded.tomcat.TomcatWebServer  : Tomcat initialized with port 8082 (http)
2026-05-21T19:04:12.814+05:30  INFO 1778 --- [Fraud-Management] [restartedMain] o.apache.catalina.core.StandardService   : Starting service [Tomcat]
2026-05-21T19:04:12.815+05:30  INFO 1778 --- [Fraud-Management] [restartedMain] o.apache.catalina.core.StandardEngine    : Starting Servlet engine: [Apache Tomcat/10.1.39]
2026-05-21T19:04:12.919+05:30  INFO 1778 --- [Fraud-Management] [restartedMain] o.a.c.c.C.[Tomcat].[localhost].[/]       : Initializing Spring embedded WebApplicationContext
2026-05-21T19:04:12.920+05:30  INFO 1778 --- [Fraud-Management] [restartedMain] w.s.c.ServletWebServerApplicationContext : Root WebApplicationContext: initialization completed in 3674 ms
2026-05-21T19:04:13.592+05:30  INFO 1778 --- [Fraud-Management] [restartedMain] o.hibernate.jpa.internal.util.LogHelper  : HHH000204: Processing PersistenceUnitInfo [name: default]
2026-05-21T19:04:13.680+05:30  INFO 1778 --- [Fraud-Management] [restartedMain] org.hibernate.Version                    : HHH000412: Hibernate ORM core version 6.4.4.Final
2026-05-21T19:04:13.742+05:30  INFO 1778 --- [Fraud-Management] [restartedMain] o.h.c.internal.RegionFactoryInitiator    : HHH000026: Second-level cache disabled
2026-05-21T19:04:14.041+05:30  INFO 1778 --- [Fraud-Management] [restartedMain] o.s.o.j.p.SpringPersistenceUnitInfo      : No LoadTimeWeaver setup: ignoring JPA class transformer
2026-05-21T19:04:14.084+05:30  INFO 1778 --- [Fraud-Management] [restartedMain] com.zaxxer.hikari.HikariDataSource       : HikariPool-1 - Starting...
2026-05-21T19:04:14.228+05:30  INFO 1778 --- [Fraud-Management] [restartedMain] com.zaxxer.hikari.pool.HikariPool        : HikariPool-1 - Added connection org.postgresql.jdbc.PgConnection@7f70a85d
2026-05-21T19:04:14.230+05:30  INFO 1778 --- [Fraud-Management] [restartedMain] com.zaxxer.hikari.HikariDataSource       : HikariPool-1 - Start completed.
2026-05-21T19:04:14.268+05:30  WARN 1778 --- [Fraud-Management] [restartedMain] org.hibernate.orm.deprecation            : HHH90000025: PostgreSQLDialect does not need to be specified explicitly using 'hibernate.dialect' (remove the property setting and it will be selected by default)
2026-05-21T19:04:15.049+05:30  INFO 1778 --- [Fraud-Management] [restartedMain] o.h.m.i.EntityInstantiatorPojoStandard   : HHH000182: No default (no-argument) constructor for class: com.fraud_detection.Fraud_Management.entity.Transaction (class must be instantiated by Interceptor)
2026-05-21T19:04:15.254+05:30  INFO 1778 --- [Fraud-Management] [restartedMain] o.h.e.t.j.p.i.JtaPlatformInitiator       : HHH000489: No JTA platform available (set 'hibernate.transaction.jta.platform' to enable JTA platform integration)
2026-05-21T19:04:15.327+05:30  INFO 1778 --- [Fraud-Management] [restartedMain] j.LocalContainerEntityManagerFactoryBean : Initialized JPA EntityManagerFactory for persistence unit 'default'
2026-05-21T19:04:16.557+05:30  WARN 1778 --- [Fraud-Management] [restartedMain] JpaBaseConfiguration$JpaWebConfiguration : spring.jpa.open-in-view is enabled by default. Therefore, database queries may be performed during view rendering. Explicitly configure spring.jpa.open-in-view to disable this warning
2026-05-21T19:04:17.950+05:30  WARN 1778 --- [Fraud-Management] [restartedMain] o.s.b.d.a.OptionalLiveReloadServer       : Unable to start LiveReload server
2026-05-21T19:04:18.004+05:30  INFO 1778 --- [Fraud-Management] [restartedMain] DiscoveryClientOptionalArgsConfiguration : Eureka HTTP Client uses RestTemplate.
2026-05-21T19:04:18.101+05:30  WARN 1778 --- [Fraud-Management] [restartedMain] iguration$LoadBalancerCaffeineWarnLogger : Spring Cloud LoadBalancer is currently working with the default cache. While this cache implementation is useful for development and tests, it's recommended to use Caffeine cache in production.You can switch to using Caffeine cache, by adding it and org.springframework.cache.caffeine.CaffeineCacheManager to the classpath.
2026-05-21T19:04:18.115+05:30  INFO 1778 --- [Fraud-Management] [restartedMain] o.s.b.a.e.web.EndpointLinksResolver      : Exposing 1 endpoint beneath base path '/actuator'
2026-05-21T19:04:18.226+05:30  INFO 1778 --- [Fraud-Management] [restartedMain] o.s.c.n.eureka.InstanceInfoFactory       : Setting initial instance status as: STARTING
2026-05-21T19:04:18.252+05:30  INFO 1778 --- [Fraud-Management] [restartedMain] com.netflix.discovery.DiscoveryClient    : Initializing Eureka in region us-east-1
2026-05-21T19:04:18.256+05:30  INFO 1778 --- [Fraud-Management] [restartedMain] c.n.d.s.r.aws.ConfigClusterResolver      : Resolving eureka endpoints via configuration
2026-05-21T19:04:18.263+05:30  INFO 1778 --- [Fraud-Management] [restartedMain] com.netflix.discovery.DiscoveryClient    : Disable delta property : false
2026-05-21T19:04:18.264+05:30  INFO 1778 --- [Fraud-Management] [restartedMain] com.netflix.discovery.DiscoveryClient    : Single vip registry refresh property : null
2026-05-21T19:04:18.264+05:30  INFO 1778 --- [Fraud-Management] [restartedMain] com.netflix.discovery.DiscoveryClient    : Force full registry fetch : false
2026-05-21T19:04:18.264+05:30  INFO 1778 --- [Fraud-Management] [restartedMain] com.netflix.discovery.DiscoveryClient    : Application is null : false
2026-05-21T19:04:18.264+05:30  INFO 1778 --- [Fraud-Management] [restartedMain] com.netflix.discovery.DiscoveryClient    : Registered Applications size is zero : true
2026-05-21T19:04:18.264+05:30  INFO 1778 --- [Fraud-Management] [restartedMain] com.netflix.discovery.DiscoveryClient    : Application version is -1: true
2026-05-21T19:04:18.264+05:30  INFO 1778 --- [Fraud-Management] [restartedMain] com.netflix.discovery.DiscoveryClient    : Getting all instance registry info from the eureka server
2026-05-21T19:04:18.611+05:30  INFO 1778 --- [Fraud-Management] [restartedMain] com.netflix.discovery.DiscoveryClient    : The response status is 200
2026-05-21T19:04:18.613+05:30  INFO 1778 --- [Fraud-Management] [restartedMain] com.netflix.discovery.DiscoveryClient    : Starting heartbeat executor: renew interval is: 30
2026-05-21T19:04:18.615+05:30  INFO 1778 --- [Fraud-Management] [restartedMain] c.n.discovery.InstanceInfoReplicator     : InstanceInfoReplicator onDemand update allowed rate per min is 4
2026-05-21T19:04:18.616+05:30  INFO 1778 --- [Fraud-Management] [restartedMain] com.netflix.discovery.DiscoveryClient    : Discovery Client initialized at timestamp 1779370458615 with initial instances count: 3
2026-05-21T19:04:18.622+05:30  INFO 1778 --- [Fraud-Management] [restartedMain] o.s.c.n.e.s.EurekaServiceRegistry        : Registering application FRAUD-MANAGEMENT with eureka with status UP
2026-05-21T19:04:18.623+05:30  INFO 1778 --- [Fraud-Management] [restartedMain] com.netflix.discovery.DiscoveryClient    : Saw local status change event StatusChangeEvent [timestamp=1779370458623, current=UP, previous=STARTING]
2026-05-21T19:04:18.624+05:30  INFO 1778 --- [Fraud-Management] [DiscoveryClient-InstanceInfoReplicator-%d] com.netflix.discovery.DiscoveryClient    : DiscoveryClient_FRAUD-MANAGEMENT/192.168.1.15:Fraud-Management:8082: registering service...
2026-05-21T19:04:18.635+05:30  INFO 1778 --- [Fraud-Management] [restartedMain] o.s.b.w.embedded.tomcat.TomcatWebServer  : Tomcat started on port 8082 (http) with context path '/'
2026-05-21T19:04:18.636+05:30  INFO 1778 --- [Fraud-Management] [restartedMain] .s.c.n.e.s.EurekaAutoServiceRegistration : Updating port to 8082
2026-05-21T19:04:18.662+05:30  INFO 1778 --- [Fraud-Management] [DiscoveryClient-InstanceInfoReplicator-%d] com.netflix.discovery.DiscoveryClient    : DiscoveryClient_FRAUD-MANAGEMENT/192.168.1.15:Fraud-Management:8082 - registration status: 204
2026-05-21T19:04:18.665+05:30  INFO 1778 --- [Fraud-Management] [restartedMain] c.f.F.FraudManagementApplication         : Started FraudManagementApplication in 10.027 seconds (process running for 11.083)
2026-05-21T19:09:18.275+05:30  INFO 1778 --- [Fraud-Management] [AsyncResolver-bootstrap-executor-%d] c.n.d.s.r.aws.ConfigClusterResolver      : Resolving eureka endpoints via configuration
2026-05-21T19:14:18.301+05:30  INFO 1778 --- [Fraud-Management] [AsyncResolver-bootstrap-executor-%d] c.n.d.s.r.aws.ConfigClusterResolver      : Resolving eureka endpoints via configuration
2026-05-21T19:19:18.320+05:30  INFO 1778 --- [Fraud-Management] [AsyncResolver-bootstrap-executor-%d] c.n.d.s.r.aws.ConfigClusterResolver      : Resolving eureka endpoints via configuration
2026-05-21T19:24:18.329+05:30  INFO 1778 --- [Fraud-Management] [AsyncResolver-bootstrap-executor-%d] c.n.d.s.r.aws.ConfigClusterResolver      : Resolving eureka endpoints via configuration
2026-05-21T19:26:20.126+05:30  INFO 1778 --- [Fraud-Management] [DiscoveryClient-CacheRefreshExecutor-%d] c.n.d.s.t.d.RedirectingEurekaHttpClient  : Request execution error. endpoint=DefaultEndpoint{ serviceUrl='http://localhost:8761/eureka/} exception=I/O error on GET request for "http://localhost:8761/eureka/apps/delta": Connect to http://localhost:8761 [localhost/127.0.0.1, localhost/0:0:0:0:0:0:0:1] failed: Connection refused stacktrace=org.springframework.web.client.ResourceAccessException: I/O error on GET request for "http://localhost:8761/eureka/apps/delta": Connect to http://localhost:8761 [localhost/127.0.0.1, localhost/0:0:0:0:0:0:0:1] failed: Connection refused
	at org.springframework.web.client.RestTemplate.createResourceAccessException(RestTemplate.java:926)
	at org.springframework.web.client.RestTemplate.doExecute(RestTemplate.java:906)
	at org.springframework.web.client.RestTemplate.execute(RestTemplate.java:841)
	at org.springframework.web.client.RestTemplate.exchange(RestTemplate.java:702)
	at org.springframework.cloud.netflix.eureka.http.RestTemplateEurekaHttpClient.getApplicationsInternal(RestTemplateEurekaHttpClient.java:174)
	at org.springframework.cloud.netflix.eureka.http.RestTemplateEurekaHttpClient.getDelta(RestTemplateEurekaHttpClient.java:186)
	at com.netflix.discovery.shared.transport.decorator.EurekaHttpClientDecorator$7.execute(EurekaHttpClientDecorator.java:152)
	at com.netflix.discovery.shared.transport.decorator.RedirectingEurekaHttpClient.execute(RedirectingEurekaHttpClient.java:91)
	at com.netflix.discovery.shared.transport.decorator.EurekaHttpClientDecorator.getDelta(EurekaHttpClientDecorator.java:149)
	at com.netflix.discovery.shared.transport.decorator.EurekaHttpClientDecorator$7.execute(EurekaHttpClientDecorator.java:152)
	at com.netflix.discovery.shared.transport.decorator.RetryableEurekaHttpClient.execute(RetryableEurekaHttpClient.java:120)
	at com.netflix.discovery.shared.transport.decorator.EurekaHttpClientDecorator.getDelta(EurekaHttpClientDecorator.java:149)
	at com.netflix.discovery.shared.transport.decorator.EurekaHttpClientDecorator$7.execute(EurekaHttpClientDecorator.java:152)
	at com.netflix.discovery.shared.transport.decorator.SessionedEurekaHttpClient.execute(SessionedEurekaHttpClient.java:76)
	at com.netflix.discovery.shared.transport.decorator.EurekaHttpClientDecorator.getDelta(EurekaHttpClientDecorator.java:149)
	at com.netflix.discovery.DiscoveryClient.getAndUpdateDelta(DiscoveryClient.java:1080)
	at com.netflix.discovery.DiscoveryClient.fetchRegistry(DiscoveryClient.java:963)
	at com.netflix.discovery.DiscoveryClient.refreshRegistry(DiscoveryClient.java:1473)
	at com.netflix.discovery.DiscoveryClient$CacheRefreshThread.run(DiscoveryClient.java:1441)
	at java.base/java.util.concurrent.Executors$RunnableAdapter.call(Executors.java:539)
	at java.base/java.util.concurrent.FutureTask.run(FutureTask.java:264)
	at java.base/java.util.concurrent.ThreadPoolExecutor.runWorker(ThreadPoolExecutor.java:1136)
	at java.base/java.util.concurrent.ThreadPoolExecutor$Worker.run(ThreadPoolExecutor.java:635)
	at java.base/java.lang.Thread.run(Thread.java:840)
Caused by: org.apache.hc.client5.http.HttpHostConnectException: Connect to http://localhost:8761 [localhost/127.0.0.1, localhost/0:0:0:0:0:0:0:1] failed: Connection refused
	at java.base/sun.nio.ch.Net.pollConnect(Native Method)
	at java.base/sun.nio.ch.Net.pollConnectNow(Net.java:672)
	at java.base/sun.nio.ch.NioSocketImpl.timedFinishConnect(NioSocketImpl.java:547)
	at java.base/sun.nio.ch.NioSocketImpl.connect(NioSocketImpl.java:602)
	at java.base/java.net.SocksSocketImpl.connect(SocksSocketImpl.java:327)
	at java.base/java.net.Socket.connect(Socket.java:633)
	at org.apache.hc.client5.http.impl.io.DefaultHttpClientConnectionOperator.connect(DefaultHttpClientConnectionOperator.java:216)
	at org.apache.hc.client5.http.impl.io.PoolingHttpClientConnectionManager.connect(PoolingHttpClientConnectionManager.java:490)
	at org.apache.hc.client5.http.impl.classic.InternalExecRuntime.connectEndpoint(InternalExecRuntime.java:164)
	at org.apache.hc.client5.http.impl.classic.InternalExecRuntime.connectEndpoint(InternalExecRuntime.java:174)
	at org.apache.hc.client5.http.impl.classic.ConnectExec.execute(ConnectExec.java:144)
	at org.apache.hc.client5.http.impl.classic.ExecChainElement.execute(ExecChainElement.java:51)
	at org.apache.hc.client5.http.impl.classic.ProtocolExec.execute(ProtocolExec.java:192)
	at org.apache.hc.client5.http.impl.classic.ExecChainElement.execute(ExecChainElement.java:51)
	at org.apache.hc.client5.http.impl.classic.ContentCompressionExec.execute(ContentCompressionExec.java:150)
	at org.apache.hc.client5.http.impl.classic.ExecChainElement.execute(ExecChainElement.java:51)
	at org.apache.hc.client5.http.impl.classic.HttpRequestRetryExec.execute(HttpRequestRetryExec.java:113)
	at org.apache.hc.client5.http.impl.classic.ExecChainElement.execute(ExecChainElement.java:51)
	at org.apache.hc.client5.http.impl.classic.RedirectExec.execute(RedirectExec.java:110)
	at org.apache.hc.client5.http.impl.classic.ExecChainElement.execute(ExecChainElement.java:51)
	at org.apache.hc.client5.http.impl.classic.InternalHttpClient.doExecute(InternalHttpClient.java:174)
	at org.apache.hc.client5.http.impl.classic.CloseableHttpClient.execute(CloseableHttpClient.java:87)
	at org.apache.hc.client5.http.impl.classic.CloseableHttpClient.execute(CloseableHttpClient.java:55)
	at org.apache.hc.client5.http.classic.HttpClient.executeOpen(HttpClient.java:183)
	at org.springframework.http.client.HttpComponentsClientHttpRequest.executeInternal(HttpComponentsClientHttpRequest.java:99)
	at org.springframework.http.client.AbstractStreamingClientHttpRequest.executeInternal(AbstractStreamingClientHttpRequest.java:71)
	at org.springframework.http.client.AbstractClientHttpRequest.execute(AbstractClientHttpRequest.java:81)
	at org.springframework.http.client.InterceptingClientHttpRequest$InterceptingRequestExecution.execute(InterceptingClientHttpRequest.java:117)
	at org.springframework.cloud.netflix.eureka.http.RestTemplateTransportClientFactory.lambda$restTemplate$2(RestTemplateTransportClientFactory.java:145)
	at org.springframework.http.client.InterceptingClientHttpRequest$InterceptingRequestExecution.execute(InterceptingClientHttpRequest.java:88)
	at org.springframework.http.client.InterceptingClientHttpRequest.executeInternal(InterceptingClientHttpRequest.java:72)
	at org.springframework.http.client.AbstractBufferingClientHttpRequest.executeInternal(AbstractBufferingClientHttpRequest.java:48)
	at org.springframework.http.client.AbstractClientHttpRequest.execute(AbstractClientHttpRequest.java:81)
	at org.springframework.web.client.RestTemplate.doExecute(RestTemplate.java:900)
	... 22 more

2026-05-21T19:26:20.132+05:30  INFO 1778 --- [Fraud-Management] [DiscoveryClient-HeartbeatExecutor-%d] c.n.d.s.t.d.RedirectingEurekaHttpClient  : Request execution error. endpoint=DefaultEndpoint{ serviceUrl='http://localhost:8761/eureka/} exception=I/O error on PUT request for "http://localhost:8761/eureka/apps/FRAUD-MANAGEMENT/192.168.1.15:Fraud-Management:8082": Connect to http://localhost:8761 [localhost/127.0.0.1, localhost/0:0:0:0:0:0:0:1] failed: Connection refused stacktrace=org.springframework.web.client.ResourceAccessException: I/O error on PUT request for "http://localhost:8761/eureka/apps/FRAUD-MANAGEMENT/192.168.1.15:Fraud-Management:8082": Connect to http://localhost:8761 [localhost/127.0.0.1, localhost/0:0:0:0:0:0:0:1] failed: Connection refused
	at org.springframework.web.client.RestTemplate.createResourceAccessException(RestTemplate.java:926)
	at org.springframework.web.client.RestTemplate.doExecute(RestTemplate.java:906)
	at org.springframework.web.client.RestTemplate.execute(RestTemplate.java:841)
	at org.springframework.web.client.RestTemplate.exchange(RestTemplate.java:702)
	at org.springframework.cloud.netflix.eureka.http.RestTemplateEurekaHttpClient.sendHeartBeat(RestTemplateEurekaHttpClient.java:119)
	at com.netflix.discovery.shared.transport.decorator.EurekaHttpClientDecorator$3.execute(EurekaHttpClientDecorator.java:92)
	at com.netflix.discovery.shared.transport.decorator.RedirectingEurekaHttpClient.execute(RedirectingEurekaHttpClient.java:91)
	at com.netflix.discovery.shared.transport.decorator.EurekaHttpClientDecorator.sendHeartBeat(EurekaHttpClientDecorator.java:89)
	at com.netflix.discovery.shared.transport.decorator.EurekaHttpClientDecorator$3.execute(EurekaHttpClientDecorator.java:92)
	at com.netflix.discovery.shared.transport.decorator.RetryableEurekaHttpClient.execute(RetryableEurekaHttpClient.java:120)
	at com.netflix.discovery.shared.transport.decorator.EurekaHttpClientDecorator.sendHeartBeat(EurekaHttpClientDecorator.java:89)
	at com.netflix.discovery.shared.transport.decorator.EurekaHttpClientDecorator$3.execute(EurekaHttpClientDecorator.java:92)
	at com.netflix.discovery.shared.transport.decorator.SessionedEurekaHttpClient.execute(SessionedEurekaHttpClient.java:76)
	at com.netflix.discovery.shared.transport.decorator.EurekaHttpClientDecorator.sendHeartBeat(EurekaHttpClientDecorator.java:89)
	at com.netflix.discovery.DiscoveryClient.renew(DiscoveryClient.java:845)
	at com.netflix.discovery.DiscoveryClient$HeartbeatThread.run(DiscoveryClient.java:1402)
	at java.base/java.util.concurrent.Executors$RunnableAdapter.call(Executors.java:539)
	at java.base/java.util.concurrent.FutureTask.run(FutureTask.java:264)
	at java.base/java.util.concurrent.ThreadPoolExecutor.runWorker(ThreadPoolExecutor.java:1136)
	at java.base/java.util.concurrent.ThreadPoolExecutor$Worker.run(ThreadPoolExecutor.java:635)
	at java.base/java.lang.Thread.run(Thread.java:840)
Caused by: org.apache.hc.client5.http.HttpHostConnectException: Connect to http://localhost:8761 [localhost/127.0.0.1, localhost/0:0:0:0:0:0:0:1] failed: Connection refused
	at java.base/sun.nio.ch.Net.pollConnect(Native Method)
	at java.base/sun.nio.ch.Net.pollConnectNow(Net.java:672)
	at java.base/sun.nio.ch.NioSocketImpl.timedFinishConnect(NioSocketImpl.java:554)
	at java.base/sun.nio.ch.NioSocketImpl.connect(NioSocketImpl.java:602)
	at java.base/java.net.SocksSocketImpl.connect(SocksSocketImpl.java:327)
	at java.base/java.net.Socket.connect(Socket.java:633)
	at org.apache.hc.client5.http.impl.io.DefaultHttpClientConnectionOperator.connect(DefaultHttpClientConnectionOperator.java:216)
	at org.apache.hc.client5.http.impl.io.PoolingHttpClientConnectionManager.connect(PoolingHttpClientConnectionManager.java:490)
	at org.apache.hc.client5.http.impl.classic.InternalExecRuntime.connectEndpoint(InternalExecRuntime.java:164)
	at org.apache.hc.client5.http.impl.classic.InternalExecRuntime.connectEndpoint(InternalExecRuntime.java:174)
	at org.apache.hc.client5.http.impl.classic.ConnectExec.execute(ConnectExec.java:144)
	at org.apache.hc.client5.http.impl.classic.ExecChainElement.execute(ExecChainElement.java:51)
	at org.apache.hc.client5.http.impl.classic.ProtocolExec.execute(ProtocolExec.java:192)
	at org.apache.hc.client5.http.impl.classic.ExecChainElement.execute(ExecChainElement.java:51)
	at org.apache.hc.client5.http.impl.classic.ContentCompressionExec.execute(ContentCompressionExec.java:150)
	at org.apache.hc.client5.http.impl.classic.ExecChainElement.execute(ExecChainElement.java:51)
	at org.apache.hc.client5.http.impl.classic.HttpRequestRetryExec.execute(HttpRequestRetryExec.java:113)
	at org.apache.hc.client5.http.impl.classic.ExecChainElement.execute(ExecChainElement.java:51)
	at org.apache.hc.client5.http.impl.classic.RedirectExec.execute(RedirectExec.java:110)
	at org.apache.hc.client5.http.impl.classic.ExecChainElement.execute(ExecChainElement.java:51)
	at org.apache.hc.client5.http.impl.classic.InternalHttpClient.doExecute(InternalHttpClient.java:174)
	at org.apache.hc.client5.http.impl.classic.CloseableHttpClient.execute(CloseableHttpClient.java:87)
	at org.apache.hc.client5.http.impl.classic.CloseableHttpClient.execute(CloseableHttpClient.java:55)
	at org.apache.hc.client5.http.classic.HttpClient.executeOpen(HttpClient.java:183)
	at org.springframework.http.client.HttpComponentsClientHttpRequest.executeInternal(HttpComponentsClientHttpRequest.java:99)
	at org.springframework.http.client.AbstractStreamingClientHttpRequest.executeInternal(AbstractStreamingClientHttpRequest.java:71)
	at org.springframework.http.client.AbstractClientHttpRequest.execute(AbstractClientHttpRequest.java:81)
	at org.springframework.http.client.InterceptingClientHttpRequest$InterceptingRequestExecution.execute(InterceptingClientHttpRequest.java:117)
	at org.springframework.cloud.netflix.eureka.http.RestTemplateTransportClientFactory.lambda$restTemplate$2(RestTemplateTransportClientFactory.java:145)
	at org.springframework.http.client.InterceptingClientHttpRequest$InterceptingRequestExecution.execute(InterceptingClientHttpRequest.java:88)
	at org.springframework.http.client.InterceptingClientHttpRequest.executeInternal(InterceptingClientHttpRequest.java:72)
	at org.springframework.http.client.AbstractBufferingClientHttpRequest.executeInternal(AbstractBufferingClientHttpRequest.java:48)
	at org.springframework.http.client.AbstractClientHttpRequest.execute(AbstractClientHttpRequest.java:81)
	at org.springframework.web.client.RestTemplate.doExecute(RestTemplate.java:900)
	... 19 more

2026-05-21T19:26:20.134+05:30  WARN 1778 --- [Fraud-Management] [DiscoveryClient-CacheRefreshExecutor-%d] c.n.d.s.t.d.RetryableEurekaHttpClient    : Request execution failed with message: I/O error on GET request for "http://localhost:8761/eureka/apps/delta": Connect to http://localhost:8761 [localhost/127.0.0.1, localhost/0:0:0:0:0:0:0:1] failed: Connection refused
2026-05-21T19:26:20.134+05:30  WARN 1778 --- [Fraud-Management] [DiscoveryClient-HeartbeatExecutor-%d] c.n.d.s.t.d.RetryableEurekaHttpClient    : Request execution failed with message: I/O error on PUT request for "http://localhost:8761/eureka/apps/FRAUD-MANAGEMENT/192.168.1.15:Fraud-Management:8082": Connect to http://localhost:8761 [localhost/127.0.0.1, localhost/0:0:0:0:0:0:0:1] failed: Connection refused
2026-05-21T19:26:20.186+05:30  INFO 1778 --- [Fraud-Management] [DiscoveryClient-HeartbeatExecutor-%d] c.n.d.s.t.d.RedirectingEurekaHttpClient  : Request execution error. endpoint=DefaultEndpoint{ serviceUrl='http://localhost:8761/eureka/}, exception=I/O error on PUT request for "http://localhost:8761/eureka/apps/FRAUD-MANAGEMENT/192.168.1.15:Fraud-Management:8082": Connect to http://localhost:8761 [localhost/127.0.0.1, localhost/0:0:0:0:0:0:0:1] failed: Connection refused stacktrace=org.springframework.web.client.ResourceAccessException: I/O error on PUT request for "http://localhost:8761/eureka/apps/FRAUD-MANAGEMENT/192.168.1.15:Fraud-Management:8082": Connect to http://localhost:8761 [localhost/127.0.0.1, localhost/0:0:0:0:0:0:0:1] failed: Connection refused
	at org.springframework.web.client.RestTemplate.createResourceAccessException(RestTemplate.java:926)
	at org.springframework.web.client.RestTemplate.doExecute(RestTemplate.java:906)
	at org.springframework.web.client.RestTemplate.execute(RestTemplate.java:841)
	at org.springframework.web.client.RestTemplate.exchange(RestTemplate.java:702)
	at org.springframework.cloud.netflix.eureka.http.RestTemplateEurekaHttpClient.sendHeartBeat(RestTemplateEurekaHttpClient.java:119)
	at com.netflix.discovery.shared.transport.decorator.EurekaHttpClientDecorator$3.execute(EurekaHttpClientDecorator.java:92)
	at com.netflix.discovery.shared.transport.decorator.RedirectingEurekaHttpClient.executeOnNewServer(RedirectingEurekaHttpClient.java:121)
	at com.netflix.discovery.shared.transport.decorator.RedirectingEurekaHttpClient.execute(RedirectingEurekaHttpClient.java:80)
	at com.netflix.discovery.shared.transport.decorator.EurekaHttpClientDecorator.sendHeartBeat(EurekaHttpClientDecorator.java:89)
	at com.netflix.discovery.shared.transport.decorator.EurekaHttpClientDecorator$3.execute(EurekaHttpClientDecorator.java:92)
	at com.netflix.discovery.shared.transport.decorator.RetryableEurekaHttpClient.execute(RetryableEurekaHttpClient.java:120)
	at com.netflix.discovery.shared.transport.decorator.EurekaHttpClientDecorator.sendHeartBeat(EurekaHttpClientDecorator.java:89)
	at com.netflix.discovery.shared.transport.decorator.EurekaHttpClientDecorator$3.execute(EurekaHttpClientDecorator.java:92)
	at com.netflix.discovery.shared.transport.decorator.SessionedEurekaHttpClient.execute(SessionedEurekaHttpClient.java:76)
	at com.netflix.discovery.shared.transport.decorator.EurekaHttpClientDecorator.sendHeartBeat(EurekaHttpClientDecorator.java:89)
	at com.netflix.discovery.DiscoveryClient.renew(DiscoveryClient.java:845)
	at com.netflix.discovery.DiscoveryClient$HeartbeatThread.run(DiscoveryClient.java:1402)
	at java.base/java.util.concurrent.Executors$RunnableAdapter.call(Executors.java:539)
	at java.base/java.util.concurrent.FutureTask.run(FutureTask.java:264)
	at java.base/java.util.concurrent.ThreadPoolExecutor.runWorker(ThreadPoolExecutor.java:1136)
	at java.base/java.util.concurrent.ThreadPoolExecutor$Worker.run(ThreadPoolExecutor.java:635)
	at java.base/java.lang.Thread.run(Thread.java:840)
Caused by: org.apache.hc.client5.http.HttpHostConnectException: Connect to http://localhost:8761 [localhost/127.0.0.1, localhost/0:0:0:0:0:0:0:1] failed: Connection refused
	at java.base/sun.nio.ch.Net.pollConnect(Native Method)
	at java.base/sun.nio.ch.Net.pollConnectNow(Net.java:672)
	at java.base/sun.nio.ch.NioSocketImpl.timedFinishConnect(NioSocketImpl.java:554)
	at java.base/sun.nio.ch.NioSocketImpl.connect(NioSocketImpl.java:602)
	at java.base/java.net.SocksSocketImpl.connect(SocksSocketImpl.java:327)
	at java.base/java.net.Socket.connect(Socket.java:633)
	at org.apache.hc.client5.http.impl.io.DefaultHttpClientConnectionOperator.connect(DefaultHttpClientConnectionOperator.java:216)
	at org.apache.hc.client5.http.impl.io.PoolingHttpClientConnectionManager.connect(PoolingHttpClientConnectionManager.java:490)
	at org.apache.hc.client5.http.impl.classic.InternalExecRuntime.connectEndpoint(InternalExecRuntime.java:164)
	at org.apache.hc.client5.http.impl.classic.InternalExecRuntime.connectEndpoint(InternalExecRuntime.java:174)
	at org.apache.hc.client5.http.impl.classic.ConnectExec.execute(ConnectExec.java:144)
	at org.apache.hc.client5.http.impl.classic.ExecChainElement.execute(ExecChainElement.java:51)
	at org.apache.hc.client5.http.impl.classic.ProtocolExec.execute(ProtocolExec.java:192)
	at org.apache.hc.client5.http.impl.classic.ExecChainElement.execute(ExecChainElement.java:51)
	at org.apache.hc.client5.http.impl.classic.ContentCompressionExec.execute(ContentCompressionExec.java:150)
	at org.apache.hc.client5.http.impl.classic.ExecChainElement.execute(ExecChainElement.java:51)
	at org.apache.hc.client5.http.impl.classic.HttpRequestRetryExec.execute(HttpRequestRetryExec.java:113)
	at org.apache.hc.client5.http.impl.classic.ExecChainElement.execute(ExecChainElement.java:51)
	at org.apache.hc.client5.http.impl.classic.RedirectExec.execute(RedirectExec.java:110)
	at org.apache.hc.client5.http.impl.classic.ExecChainElement.execute(ExecChainElement.java:51)
	at org.apache.hc.client5.http.impl.classic.InternalHttpClient.doExecute(InternalHttpClient.java:174)
	at org.apache.hc.client5.http.impl.classic.CloseableHttpClient.execute(CloseableHttpClient.java:87)
	at org.apache.hc.client5.http.impl.classic.CloseableHttpClient.execute(CloseableHttpClient.java:55)
	at org.apache.hc.client5.http.classic.HttpClient.executeOpen(HttpClient.java:183)
	at org.springframework.http.client.HttpComponentsClientHttpRequest.executeInternal(HttpComponentsClientHttpRequest.java:99)
	at org.springframework.http.client.AbstractStreamingClientHttpRequest.executeInternal(AbstractStreamingClientHttpRequest.java:71)
	at org.springframework.http.client.AbstractClientHttpRequest.execute(AbstractClientHttpRequest.java:81)
	at org.springframework.http.client.InterceptingClientHttpRequest$InterceptingRequestExecution.execute(InterceptingClientHttpRequest.java:117)
	at org.springframework.cloud.netflix.eureka.http.RestTemplateTransportClientFactory.lambda$restTemplate$2(RestTemplateTransportClientFactory.java:145)
	at org.springframework.http.client.InterceptingClientHttpRequest$InterceptingRequestExecution.execute(InterceptingClientHttpRequest.java:88)
	at org.springframework.http.client.InterceptingClientHttpRequest.executeInternal(InterceptingClientHttpRequest.java:72)
	at org.springframework.http.client.AbstractBufferingClientHttpRequest.executeInternal(AbstractBufferingClientHttpRequest.java:48)
	at org.springframework.http.client.AbstractClientHttpRequest.execute(AbstractClientHttpRequest.java:81)
	at org.springframework.web.client.RestTemplate.doExecute(RestTemplate.java:900)
	... 20 more

2026-05-21T19:26:20.187+05:30  WARN 1778 --- [Fraud-Management] [DiscoveryClient-HeartbeatExecutor-%d] c.n.d.s.t.d.RetryableEurekaHttpClient    : Request execution failed with message: I/O error on PUT request for "http://localhost:8761/eureka/apps/FRAUD-MANAGEMENT/192.168.1.15:Fraud-Management:8082": Connect to http://localhost:8761 [localhost/127.0.0.1, localhost/0:0:0:0:0:0:0:1] failed: Connection refused
2026-05-21T19:26:20.192+05:30  INFO 1778 --- [Fraud-Management] [DiscoveryClient-CacheRefreshExecutor-%d] c.n.d.s.t.d.RedirectingEurekaHttpClient  : Request execution error. endpoint=DefaultEndpoint{ serviceUrl='http://localhost:8761/eureka/}, exception=I/O error on GET request for "http://localhost:8761/eureka/apps/delta": Connect to http://localhost:8761 [localhost/127.0.0.1, localhost/0:0:0:0:0:0:0:1] failed: Connection refused stacktrace=org.springframework.web.client.ResourceAccessException: I/O error on GET request for "http://localhost:8761/eureka/apps/delta": Connect to http://localhost:8761 [localhost/127.0.0.1, localhost/0:0:0:0:0:0:0:1] failed: Connection refused
	at org.springframework.web.client.RestTemplate.createResourceAccessException(RestTemplate.java:926)
	at org.springframework.web.client.RestTemplate.doExecute(RestTemplate.java:906)
	at org.springframework.web.client.RestTemplate.execute(RestTemplate.java:841)
	at org.springframework.web.client.RestTemplate.exchange(RestTemplate.java:702)
	at org.springframework.cloud.netflix.eureka.http.RestTemplateEurekaHttpClient.getApplicationsInternal(RestTemplateEurekaHttpClient.java:174)
	at org.springframework.cloud.netflix.eureka.http.RestTemplateEurekaHttpClient.getDelta(RestTemplateEurekaHttpClient.java:186)
	at com.netflix.discovery.shared.transport.decorator.EurekaHttpClientDecorator$7.execute(EurekaHttpClientDecorator.java:152)
	at com.netflix.discovery.shared.transport.decorator.RedirectingEurekaHttpClient.executeOnNewServer(RedirectingEurekaHttpClient.java:121)
	at com.netflix.discovery.shared.transport.decorator.RedirectingEurekaHttpClient.execute(RedirectingEurekaHttpClient.java:80)
	at com.netflix.discovery.shared.transport.decorator.EurekaHttpClientDecorator.getDelta(EurekaHttpClientDecorator.java:149)
	at com.netflix.discovery.shared.transport.decorator.EurekaHttpClientDecorator$7.execute(EurekaHttpClientDecorator.java:152)
	at com.netflix.discovery.shared.transport.decorator.RetryableEurekaHttpClient.execute(RetryableEurekaHttpClient.java:120)
	at com.netflix.discovery.shared.transport.decorator.EurekaHttpClientDecorator.getDelta(EurekaHttpClientDecorator.java:149)
	at com.netflix.discovery.shared.transport.decorator.EurekaHttpClientDecorator$7.execute(EurekaHttpClientDecorator.java:152)
	at com.netflix.discovery.shared.transport.decorator.SessionedEurekaHttpClient.execute(SessionedEurekaHttpClient.java:76)
	at com.netflix.discovery.shared.transport.decorator.EurekaHttpClientDecorator.getDelta(EurekaHttpClientDecorator.java:149)
	at com.netflix.discovery.DiscoveryClient.getAndUpdateDelta(DiscoveryClient.java:1080)
	at com.netflix.discovery.DiscoveryClient.fetchRegistry(DiscoveryClient.java:963)
	at com.netflix.discovery.DiscoveryClient.refreshRegistry(DiscoveryClient.java:1473)
	at com.netflix.discovery.DiscoveryClient$CacheRefreshThread.run(DiscoveryClient.java:1441)
	at java.base/java.util.concurrent.Executors$RunnableAdapter.call(Executors.java:539)
	at java.base/java.util.concurrent.FutureTask.run(FutureTask.java:264)
	at java.base/java.util.concurrent.ThreadPoolExecutor.runWorker(ThreadPoolExecutor.java:1136)
	at java.base/java.util.concurrent.ThreadPoolExecutor$Worker.run(ThreadPoolExecutor.java:635)
	at java.base/java.lang.Thread.run(Thread.java:840)
Caused by: org.apache.hc.client5.http.HttpHostConnectException: Connect to http://localhost:8761 [localhost/127.0.0.1, localhost/0:0:0:0:0:0:0:1] failed: Connection refused
	at java.base/sun.nio.ch.Net.pollConnect(Native Method)
	at java.base/sun.nio.ch.Net.pollConnectNow(Net.java:672)
	at java.base/sun.nio.ch.NioSocketImpl.timedFinishConnect(NioSocketImpl.java:554)
	at java.base/sun.nio.ch.NioSocketImpl.connect(NioSocketImpl.java:602)
	at java.base/java.net.SocksSocketImpl.connect(SocksSocketImpl.java:327)
	at java.base/java.net.Socket.connect(Socket.java:633)
	at org.apache.hc.client5.http.impl.io.DefaultHttpClientConnectionOperator.connect(DefaultHttpClientConnectionOperator.java:216)
	at org.apache.hc.client5.http.impl.io.PoolingHttpClientConnectionManager.connect(PoolingHttpClientConnectionManager.java:490)
	at org.apache.hc.client5.http.impl.classic.InternalExecRuntime.connectEndpoint(InternalExecRuntime.java:164)
	at org.apache.hc.client5.http.impl.classic.InternalExecRuntime.connectEndpoint(InternalExecRuntime.java:174)
	at org.apache.hc.client5.http.impl.classic.ConnectExec.execute(ConnectExec.java:144)
	at org.apache.hc.client5.http.impl.classic.ExecChainElement.execute(ExecChainElement.java:51)
	at org.apache.hc.client5.http.impl.classic.ProtocolExec.execute(ProtocolExec.java:192)
	at org.apache.hc.client5.http.impl.classic.ExecChainElement.execute(ExecChainElement.java:51)
	at org.apache.hc.client5.http.impl.classic.ContentCompressionExec.execute(ContentCompressionExec.java:150)
	at org.apache.hc.client5.http.impl.classic.ExecChainElement.execute(ExecChainElement.java:51)
	at org.apache.hc.client5.http.impl.classic.HttpRequestRetryExec.execute(HttpRequestRetryExec.java:113)
	at org.apache.hc.client5.http.impl.classic.ExecChainElement.execute(ExecChainElement.java:51)
	at org.apache.hc.client5.http.impl.classic.RedirectExec.execute(RedirectExec.java:110)
	at org.apache.hc.client5.http.impl.classic.ExecChainElement.execute(ExecChainElement.java:51)
	at org.apache.hc.client5.http.impl.classic.InternalHttpClient.doExecute(InternalHttpClient.java:174)
	at org.apache.hc.client5.http.impl.classic.CloseableHttpClient.execute(CloseableHttpClient.java:87)
	at org.apache.hc.client5.http.impl.classic.CloseableHttpClient.execute(CloseableHttpClient.java:55)
	at org.apache.hc.client5.http.classic.HttpClient.executeOpen(HttpClient.java:183)
	at org.springframework.http.client.HttpComponentsClientHttpRequest.executeInternal(HttpComponentsClientHttpRequest.java:99)
	at org.springframework.http.client.AbstractStreamingClientHttpRequest.executeInternal(AbstractStreamingClientHttpRequest.java:71)
	at org.springframework.http.client.AbstractClientHttpRequest.execute(AbstractClientHttpRequest.java:81)
	at org.springframework.http.client.InterceptingClientHttpRequest$InterceptingRequestExecution.execute(InterceptingClientHttpRequest.java:117)
	at org.springframework.cloud.netflix.eureka.http.RestTemplateTransportClientFactory.lambda$restTemplate$2(RestTemplateTransportClientFactory.java:145)
	at org.springframework.http.client.InterceptingClientHttpRequest$InterceptingRequestExecution.execute(InterceptingClientHttpRequest.java:88)
	at org.springframework.http.client.InterceptingClientHttpRequest.executeInternal(InterceptingClientHttpRequest.java:72)
	at org.springframework.http.client.AbstractBufferingClientHttpRequest.executeInternal(AbstractBufferingClientHttpRequest.java:48)
	at org.springframework.http.client.AbstractClientHttpRequest.execute(AbstractClientHttpRequest.java:81)
	at org.springframework.web.client.RestTemplate.doExecute(RestTemplate.java:900)
	... 23 more

2026-05-21T19:26:20.194+05:30  WARN 1778 --- [Fraud-Management] [DiscoveryClient-CacheRefreshExecutor-%d] c.n.d.s.t.d.RetryableEurekaHttpClient    : Request execution failed with message: I/O error on GET request for "http://localhost:8761/eureka/apps/delta": Connect to http://localhost:8761 [localhost/127.0.0.1, localhost/0:0:0:0:0:0:0:1] failed: Connection refused
2026-05-21T19:26:20.197+05:30  INFO 1778 --- [Fraud-Management] [DiscoveryClient-CacheRefreshExecutor-%d] com.netflix.discovery.DiscoveryClient    : DiscoveryClient_FRAUD-MANAGEMENT/192.168.1.15:Fraud-Management:8082 - was unable to refresh its cache! This periodic background refresh will be retried in 30 seconds. status = Cannot execute request on any known server stacktrace = com.netflix.discovery.shared.transport.TransportException: Cannot execute request on any known server
	at com.netflix.discovery.shared.transport.decorator.RetryableEurekaHttpClient.execute(RetryableEurekaHttpClient.java:112)
	at com.netflix.discovery.shared.transport.decorator.EurekaHttpClientDecorator.getDelta(EurekaHttpClientDecorator.java:149)
	at com.netflix.discovery.shared.transport.decorator.EurekaHttpClientDecorator$7.execute(EurekaHttpClientDecorator.java:152)
	at com.netflix.discovery.shared.transport.decorator.SessionedEurekaHttpClient.execute(SessionedEurekaHttpClient.java:76)
	at com.netflix.discovery.shared.transport.decorator.EurekaHttpClientDecorator.getDelta(EurekaHttpClientDecorator.java:149)
	at com.netflix.discovery.DiscoveryClient.getAndUpdateDelta(DiscoveryClient.java:1080)
	at com.netflix.discovery.DiscoveryClient.fetchRegistry(DiscoveryClient.java:963)
	at com.netflix.discovery.DiscoveryClient.refreshRegistry(DiscoveryClient.java:1473)
	at com.netflix.discovery.DiscoveryClient$CacheRefreshThread.run(DiscoveryClient.java:1441)
	at java.base/java.util.concurrent.Executors$RunnableAdapter.call(Executors.java:539)
	at java.base/java.util.concurrent.FutureTask.run(FutureTask.java:264)
	at java.base/java.util.concurrent.ThreadPoolExecutor.runWorker(ThreadPoolExecutor.java:1136)
	at java.base/java.util.concurrent.ThreadPoolExecutor$Worker.run(ThreadPoolExecutor.java:635)
	at java.base/java.lang.Thread.run(Thread.java:840)

2026-05-21T19:26:20.188+05:30 ERROR 1778 --- [Fraud-Management] [DiscoveryClient-HeartbeatExecutor-%d] com.netflix.discovery.DiscoveryClient    : DiscoveryClient_FRAUD-MANAGEMENT/192.168.1.15:Fraud-Management:8082 - was unable to send heartbeat!

com.netflix.discovery.shared.transport.TransportException: Cannot execute request on any known server
	at com.netflix.discovery.shared.transport.decorator.RetryableEurekaHttpClient.execute(RetryableEurekaHttpClient.java:112) ~[eureka-client-2.0.4.jar:2.0.4]
	at com.netflix.discovery.shared.transport.decorator.EurekaHttpClientDecorator.sendHeartBeat(EurekaHttpClientDecorator.java:89) ~[eureka-client-2.0.4.jar:2.0.4]
	at com.netflix.discovery.shared.transport.decorator.EurekaHttpClientDecorator$3.execute(EurekaHttpClientDecorator.java:92) ~[eureka-client-2.0.4.jar:2.0.4]
	at com.netflix.discovery.shared.transport.decorator.SessionedEurekaHttpClient.execute(SessionedEurekaHttpClient.java:76) ~[eureka-client-2.0.4.jar:2.0.4]
	at com.netflix.discovery.shared.transport.decorator.EurekaHttpClientDecorator.sendHeartBeat(EurekaHttpClientDecorator.java:89) ~[eureka-client-2.0.4.jar:2.0.4]
	at com.netflix.discovery.DiscoveryClient.renew(DiscoveryClient.java:845) ~[eureka-client-2.0.4.jar:2.0.4]
	at com.netflix.discovery.DiscoveryClient$HeartbeatThread.run(DiscoveryClient.java:1402) ~[eureka-client-2.0.4.jar:2.0.4]
	at java.base/java.util.concurrent.Executors$RunnableAdapter.call(Executors.java:539) ~[na:na]
	at java.base/java.util.concurrent.FutureTask.run(FutureTask.java:264) ~[na:na]
	at java.base/java.util.concurrent.ThreadPoolExecutor.runWorker(ThreadPoolExecutor.java:1136) ~[na:na]
	at java.base/java.util.concurrent.ThreadPoolExecutor$Worker.run(ThreadPoolExecutor.java:635) ~[na:na]
	at java.base/java.lang.Thread.run(Thread.java:840) ~[na:na]

2026-05-21T19:26:50.292+05:30  INFO 1778 --- [Fraud-Management] [DiscoveryClient-HeartbeatExecutor-%d] com.netflix.discovery.DiscoveryClient    : DiscoveryClient_FRAUD-MANAGEMENT/192.168.1.15:Fraud-Management:8082 - Re-registering apps/FRAUD-MANAGEMENT
2026-05-21T19:26:50.294+05:30  INFO 1778 --- [Fraud-Management] [DiscoveryClient-HeartbeatExecutor-%d] com.netflix.discovery.DiscoveryClient    : DiscoveryClient_FRAUD-MANAGEMENT/192.168.1.15:Fraud-Management:8082: registering service...
2026-05-21T19:26:50.315+05:30  INFO 1778 --- [Fraud-Management] [DiscoveryClient-HeartbeatExecutor-%d] com.netflix.discovery.DiscoveryClient    : DiscoveryClient_FRAUD-MANAGEMENT/192.168.1.15:Fraud-Management:8082 - registration status: 204
2026-05-21T19:27:20.288+05:30  INFO 1778 --- [Fraud-Management] [DiscoveryClient-CacheRefreshExecutor-%d] com.netflix.discovery.DiscoveryClient    : Disable delta property : false
2026-05-21T19:27:20.291+05:30  INFO 1778 --- [Fraud-Management] [DiscoveryClient-CacheRefreshExecutor-%d] com.netflix.discovery.DiscoveryClient    : Single vip registry refresh property : null
2026-05-21T19:27:20.291+05:30  INFO 1778 --- [Fraud-Management] [DiscoveryClient-CacheRefreshExecutor-%d] com.netflix.discovery.DiscoveryClient    : Force full registry fetch : false
2026-05-21T19:27:20.291+05:30  INFO 1778 --- [Fraud-Management] [DiscoveryClient-CacheRefreshExecutor-%d] com.netflix.discovery.DiscoveryClient    : Application is null : false
2026-05-21T19:27:20.292+05:30  INFO 1778 --- [Fraud-Management] [DiscoveryClient-CacheRefreshExecutor-%d] com.netflix.discovery.DiscoveryClient    : Registered Applications size is zero : true
2026-05-21T19:27:20.292+05:30  INFO 1778 --- [Fraud-Management] [DiscoveryClient-CacheRefreshExecutor-%d] com.netflix.discovery.DiscoveryClient    : Application version is -1: false
2026-05-21T19:27:20.293+05:30  INFO 1778 --- [Fraud-Management] [DiscoveryClient-CacheRefreshExecutor-%d] com.netflix.discovery.DiscoveryClient    : Getting all instance registry info from the eureka server
2026-05-21T19:27:20.331+05:30  INFO 1778 --- [Fraud-Management] [DiscoveryClient-CacheRefreshExecutor-%d] com.netflix.discovery.DiscoveryClient    : The response status is 200
2026-05-21T19:28:50.446+05:30  INFO 1778 --- [Fraud-Management] [DiscoveryClient-HeartbeatExecutor-%d] com.netflix.discovery.DiscoveryClient    : DiscoveryClient_FRAUD-MANAGEMENT/192.168.1.15:Fraud-Management:8082 - Re-registering apps/FRAUD-MANAGEMENT
2026-05-21T19:28:50.451+05:30  INFO 1778 --- [Fraud-Management] [DiscoveryClient-HeartbeatExecutor-%d] com.netflix.discovery.DiscoveryClient    : DiscoveryClient_FRAUD-MANAGEMENT/192.168.1.15:Fraud-Management:8082: registering service...
2026-05-21T19:28:50.464+05:30  INFO 1778 --- [Fraud-Management] [DiscoveryClient-HeartbeatExecutor-%d] com.netflix.discovery.DiscoveryClient    : DiscoveryClient_FRAUD-MANAGEMENT/192.168.1.15:Fraud-Management:8082 - registration status: 204
2026-05-21T19:29:18.332+05:30  INFO 1778 --- [Fraud-Management] [AsyncResolver-bootstrap-executor-%d] c.n.d.s.r.aws.ConfigClusterResolver      : Resolving eureka endpoints via configuration
2026-05-21T19:34:18.338+05:30  INFO 1778 --- [Fraud-Management] [AsyncResolver-bootstrap-executor-%d] c.n.d.s.r.aws.ConfigClusterResolver      : Resolving eureka endpoints via configuration
2026-05-21T19:38:08.091+05:30  INFO 1778 --- [Fraud-Management] [http-nio-8082-exec-1] o.a.c.c.C.[Tomcat].[localhost].[/]       : Initializing Spring DispatcherServlet 'dispatcherServlet'
2026-05-21T19:38:08.093+05:30  INFO 1778 --- [Fraud-Management] [http-nio-8082-exec-1] o.s.web.servlet.DispatcherServlet        : Initializing Servlet 'dispatcherServlet'
2026-05-21T19:38:08.123+05:30  INFO 1778 --- [Fraud-Management] [http-nio-8082-exec-1] o.s.web.servlet.DispatcherServlet        : Completed initialization in 30 ms
2026-05-21T19:38:08.262+05:30  INFO 1778 --- [Fraud-Management] [http-nio-8082-exec-1] c.f.F.Kafka.TransactionProducer          : Processing transaction: com.fraud_detection.Fraud_Management.DTO.TransactionDTO@597a4632
2026-05-21T19:38:09.035+05:30  INFO 1778 --- [Fraud-Management] [http-nio-8082-exec-1] o.a.k.clients.producer.ProducerConfig    : ProducerConfig values: 
	acks = -1
	auto.include.jmx.reporter = true
	batch.size = 16384
	bootstrap.servers = [localhost:9092]
	buffer.memory = 33554432
	client.dns.lookup = use_all_dns_ips
	client.id = Fraud-Management-producer-1
	compression.type = none
	connections.max.idle.ms = 540000
	delivery.timeout.ms = 120000
	enable.idempotence = true
	enable.metrics.push = true
	interceptor.classes = []
	key.serializer = class org.apache.kafka.common.serialization.StringSerializer
	linger.ms = 0
	max.block.ms = 60000
	max.in.flight.requests.per.connection = 5
	max.request.size = 1048576
	metadata.max.age.ms = 300000
	metadata.max.idle.ms = 300000
	metric.reporters = []
	metrics.num.samples = 2
	metrics.recording.level = INFO
	metrics.sample.window.ms = 30000
	partitioner.adaptive.partitioning.enable = true
	partitioner.availability.timeout.ms = 0
	partitioner.class = null
	partitioner.ignore.keys = false
	receive.buffer.bytes = 32768
	reconnect.backoff.max.ms = 1000
	reconnect.backoff.ms = 50
	request.timeout.ms = 30000
	retries = 2147483647
	retry.backoff.max.ms = 1000
	retry.backoff.ms = 100
	sasl.client.callback.handler.class = null
	sasl.jaas.config = null
	sasl.kerberos.kinit.cmd = /usr/bin/kinit
	sasl.kerberos.min.time.before.relogin = 60000
	sasl.kerberos.service.name = null
	sasl.kerberos.ticket.renew.jitter = 0.05
	sasl.kerberos.ticket.renew.window.factor = 0.8
	sasl.login.callback.handler.class = null
	sasl.login.class = null
	sasl.login.connect.timeout.ms = null
	sasl.login.read.timeout.ms = null
	sasl.login.refresh.buffer.seconds = 300
	sasl.login.refresh.min.period.seconds = 60
	sasl.login.refresh.window.factor = 0.8
	sasl.login.refresh.window.jitter = 0.05
	sasl.login.retry.backoff.max.ms = 10000
	sasl.login.retry.backoff.ms = 100
	sasl.mechanism = GSSAPI
	sasl.oauthbearer.clock.skew.seconds = 30
	sasl.oauthbearer.expected.audience = null
	sasl.oauthbearer.expected.issuer = null
	sasl.oauthbearer.jwks.endpoint.refresh.ms = 3600000
	sasl.oauthbearer.jwks.endpoint.retry.backoff.max.ms = 10000
	sasl.oauthbearer.jwks.endpoint.retry.backoff.ms = 100
	sasl.oauthbearer.jwks.endpoint.url = null
	sasl.oauthbearer.scope.claim.name = scope
	sasl.oauthbearer.sub.claim.name = sub
	sasl.oauthbearer.token.endpoint.url = null
	security.protocol = PLAINTEXT
	security.providers = null
	send.buffer.bytes = 131072
	socket.connection.setup.timeout.max.ms = 30000
	socket.connection.setup.timeout.ms = 10000
	ssl.cipher.suites = null
	ssl.enabled.protocols = [TLSv1.2, TLSv1.3]
	ssl.endpoint.identification.algorithm = https
	ssl.engine.factory.class = null
	ssl.key.password = null
	ssl.keymanager.algorithm = SunX509
	ssl.keystore.certificate.chain = null
	ssl.keystore.key = null
	ssl.keystore.location = null
	ssl.keystore.password = null
	ssl.keystore.type = JKS
	ssl.protocol = TLSv1.3
	ssl.provider = null
	ssl.secure.random.implementation = null
	ssl.trustmanager.algorithm = PKIX
	ssl.truststore.certificates = null
	ssl.truststore.location = null
	ssl.truststore.password = null
	ssl.truststore.type = JKS
	transaction.timeout.ms = 60000
	transactional.id = null
	value.serializer = class org.springframework.kafka.support.serializer.JsonSerializer

2026-05-21T19:38:09.096+05:30  INFO 1778 --- [Fraud-Management] [http-nio-8082-exec-1] o.a.k.c.t.i.KafkaMetricsCollector        : initializing Kafka metrics collector
2026-05-21T19:38:09.115+05:30  INFO 1778 --- [Fraud-Management] [http-nio-8082-exec-1] o.a.k.clients.producer.KafkaProducer     : [Producer clientId=Fraud-Management-producer-1] Instantiated an idempotent producer.
2026-05-21T19:38:09.157+05:30 DEBUG 1778 --- [Fraud-Management] [kafka-producer-network-thread | Fraud-Management-producer-1] o.a.k.clients.producer.internals.Sender  : [Producer clientId=Fraud-Management-producer-1] Starting Kafka producer I/O thread.
2026-05-21T19:38:09.160+05:30  INFO 1778 --- [Fraud-Management] [http-nio-8082-exec-1] o.a.kafka.common.utils.AppInfoParser     : Kafka version: 3.7.0
2026-05-21T19:38:09.160+05:30  INFO 1778 --- [Fraud-Management] [http-nio-8082-exec-1] o.a.kafka.common.utils.AppInfoParser     : Kafka commitId: 2ae524ed625438c5
2026-05-21T19:38:09.160+05:30  INFO 1778 --- [Fraud-Management] [http-nio-8082-exec-1] o.a.kafka.common.utils.AppInfoParser     : Kafka startTimeMs: 1779372489156
2026-05-21T19:38:09.160+05:30 DEBUG 1778 --- [Fraud-Management] [kafka-producer-network-thread | Fraud-Management-producer-1] o.a.k.c.p.internals.TransactionManager   : [Producer clientId=Fraud-Management-producer-1] Transition from state UNINITIALIZED to INITIALIZING
2026-05-21T19:38:09.163+05:30 DEBUG 1778 --- [Fraud-Management] [http-nio-8082-exec-1] o.a.k.clients.producer.KafkaProducer     : [Producer clientId=Fraud-Management-producer-1] Kafka producer started
2026-05-21T19:38:09.166+05:30 DEBUG 1778 --- [Fraud-Management] [http-nio-8082-exec-1] o.s.k.core.DefaultKafkaProducerFactory   : Created new Producer: CloseSafeProducer [delegate=org.apache.kafka.clients.producer.KafkaProducer@1572ae3]
2026-05-21T19:38:09.356+05:30 DEBUG 1778 --- [Fraud-Management] [kafka-producer-network-thread | Fraud-Management-producer-1] o.a.k.c.p.internals.TransactionManager   : [Producer clientId=Fraud-Management-producer-1] Enqueuing transactional request InitProducerIdRequestData(transactionalId=null, transactionTimeoutMs=2147483647, producerId=-1, producerEpoch=-1)
2026-05-21T19:38:09.357+05:30 DEBUG 1778 --- [Fraud-Management] [kafka-producer-network-thread | Fraud-Management-producer-1] org.apache.kafka.clients.NetworkClient   : [Producer clientId=Fraud-Management-producer-1] Initialize connection to node localhost:9092 (id: -1 rack: null) for sending metadata request
2026-05-21T19:38:09.358+05:30 DEBUG 1778 --- [Fraud-Management] [kafka-producer-network-thread | Fraud-Management-producer-1] org.apache.kafka.clients.ClientUtils     : Resolved host localhost as 127.0.0.1
2026-05-21T19:38:09.358+05:30 DEBUG 1778 --- [Fraud-Management] [kafka-producer-network-thread | Fraud-Management-producer-1] o.a.k.clients.ClusterConnectionStates    : [Producer clientId=Fraud-Management-producer-1] Resolved host localhost to addresses [localhost/127.0.0.1]
2026-05-21T19:38:09.358+05:30 DEBUG 1778 --- [Fraud-Management] [kafka-producer-network-thread | Fraud-Management-producer-1] org.apache.kafka.clients.NetworkClient   : [Producer clientId=Fraud-Management-producer-1] Initiating connection to node localhost:9092 (id: -1 rack: null) using address localhost/127.0.0.1
2026-05-21T19:38:09.364+05:30 DEBUG 1778 --- [Fraud-Management] [kafka-producer-network-thread | Fraud-Management-producer-1] o.apache.kafka.common.network.Selector   : [Producer clientId=Fraud-Management-producer-1] Created socket with SO_RCVBUF = 326640, SO_SNDBUF = 146988, SO_TIMEOUT = 0 to node -1
2026-05-21T19:38:09.365+05:30 DEBUG 1778 --- [Fraud-Management] [kafka-producer-network-thread | Fraud-Management-producer-1] org.apache.kafka.clients.NetworkClient   : [Producer clientId=Fraud-Management-producer-1] Completed connection to node -1. Fetching API versions.
2026-05-21T19:38:09.366+05:30 DEBUG 1778 --- [Fraud-Management] [kafka-producer-network-thread | Fraud-Management-producer-1] org.apache.kafka.clients.NetworkClient   : [Producer clientId=Fraud-Management-producer-1] Initiating API versions fetch from node -1.
2026-05-21T19:38:09.386+05:30 DEBUG 1778 --- [Fraud-Management] [kafka-producer-network-thread | Fraud-Management-producer-1] org.apache.kafka.clients.NetworkClient   : [Producer clientId=Fraud-Management-producer-1] Sending API_VERSIONS request with header RequestHeader(apiKey=API_VERSIONS, apiVersion=3, clientId=Fraud-Management-producer-1, correlationId=0, headerVersion=2) and timeout 30000 to node -1: ApiVersionsRequestData(clientSoftwareName='apache-kafka-java', clientSoftwareVersion='3.7.0')
2026-05-21T19:38:09.423+05:30 DEBUG 1778 --- [Fraud-Management] [kafka-producer-network-thread | Fraud-Management-producer-1] org.apache.kafka.clients.NetworkClient   : [Producer clientId=Fraud-Management-producer-1] Received API_VERSIONS response from node -1 for request with header RequestHeader(apiKey=API_VERSIONS, apiVersion=3, clientId=Fraud-Management-producer-1, correlationId=0, headerVersion=2): ApiVersionsResponseData(errorCode=0, apiKeys=[ApiVersion(apiKey=0, minVersion=0, maxVersion=10), ApiVersion(apiKey=1, minVersion=0, maxVersion=16), ApiVersion(apiKey=2, minVersion=0, maxVersion=8), ApiVersion(apiKey=3, minVersion=0, maxVersion=12), ApiVersion(apiKey=4, minVersion=0, maxVersion=7), ApiVersion(apiKey=5, minVersion=0, maxVersion=4), ApiVersion(apiKey=6, minVersion=0, maxVersion=8), ApiVersion(apiKey=7, minVersion=0, maxVersion=3), ApiVersion(apiKey=8, minVersion=0, maxVersion=9), ApiVersion(apiKey=9, minVersion=0, maxVersion=9), ApiVersion(apiKey=10, minVersion=0, maxVersion=4), ApiVersion(apiKey=11, minVersion=0, maxVersion=9), ApiVersion(apiKey=12, minVersion=0, maxVersion=4), ApiVersion(apiKey=13, minVersion=0, maxVersion=5), ApiVersion(apiKey=14, minVersion=0, maxVersion=5), ApiVersion(apiKey=15, minVersion=0, maxVersion=5), ApiVersion(apiKey=16, minVersion=0, maxVersion=4), ApiVersion(apiKey=17, minVersion=0, maxVersion=1), ApiVersion(apiKey=18, minVersion=0, maxVersion=3), ApiVersion(apiKey=19, minVersion=0, maxVersion=7), ApiVersion(apiKey=20, minVersion=0, maxVersion=6), ApiVersion(apiKey=21, minVersion=0, maxVersion=2), ApiVersion(apiKey=22, minVersion=0, maxVersion=4), ApiVersion(apiKey=23, minVersion=0, maxVersion=4), ApiVersion(apiKey=24, minVersion=0, maxVersion=4), ApiVersion(apiKey=25, minVersion=0, maxVersion=3), ApiVersion(apiKey=26, minVersion=0, maxVersion=3), ApiVersion(apiKey=27, minVersion=0, maxVersion=1), ApiVersion(apiKey=28, minVersion=0, maxVersion=3), ApiVersion(apiKey=29, minVersion=0, maxVersion=3), ApiVersion(apiKey=30, minVersion=0, maxVersion=3), ApiVersion(apiKey=31, minVersion=0, maxVersion=3), ApiVersion(apiKey=32, minVersion=0, maxVersion=4), ApiVersion(apiKey=33, minVersion=0, maxVersion=2), ApiVersion(apiKey=34, minVersion=0, maxVersion=2), ApiVersion(apiKey=35, minVersion=0, maxVersion=4), ApiVersion(apiKey=36, minVersion=0, maxVersion=2), ApiVersion(apiKey=37, minVersion=0, maxVersion=3), ApiVersion(apiKey=38, minVersion=0, maxVersion=3), ApiVersion(apiKey=39, minVersion=0, maxVersion=2), ApiVersion(apiKey=40, minVersion=0, maxVersion=2), ApiVersion(apiKey=41, minVersion=0, maxVersion=3), ApiVersion(apiKey=42, minVersion=0, maxVersion=2), ApiVersion(apiKey=43, minVersion=0, maxVersion=2), ApiVersion(apiKey=44, minVersion=0, maxVersion=1), ApiVersion(apiKey=45, minVersion=0, maxVersion=0), ApiVersion(apiKey=46, minVersion=0, maxVersion=0), ApiVersion(apiKey=47, minVersion=0, maxVersion=0), ApiVersion(apiKey=48, minVersion=0, maxVersion=1), ApiVersion(apiKey=49, minVersion=0, maxVersion=1), ApiVersion(apiKey=50, minVersion=0, maxVersion=0), ApiVersion(apiKey=51, minVersion=0, maxVersion=0), ApiVersion(apiKey=56, minVersion=0, maxVersion=3), ApiVersion(apiKey=57, minVersion=0, maxVersion=1), ApiVersion(apiKey=58, minVersion=0, maxVersion=0), ApiVersion(apiKey=60, minVersion=0, maxVersion=1), ApiVersion(apiKey=61, minVersion=0, maxVersion=0), ApiVersion(apiKey=65, minVersion=0, maxVersion=0), ApiVersion(apiKey=66, minVersion=0, maxVersion=0), ApiVersion(apiKey=67, minVersion=0, maxVersion=0), ApiVersion(apiKey=68, minVersion=0, maxVersion=0)], throttleTimeMs=0, supportedFeatures=[], finalizedFeaturesEpoch=0, finalizedFeatures=[], zkMigrationReady=false)
2026-05-21T19:38:09.455+05:30 DEBUG 1778 --- [Fraud-Management] [kafka-producer-network-thread | Fraud-Management-producer-1] org.apache.kafka.clients.NetworkClient   : [Producer clientId=Fraud-Management-producer-1] Node -1 has finalized features epoch: 0, finalized features: [], supported features: [], ZK migration ready: false, API versions: (Produce(0): 0 to 10 [usable: 10], Fetch(1): 0 to 16 [usable: 16], ListOffsets(2): 0 to 8 [usable: 8], Metadata(3): 0 to 12 [usable: 12], LeaderAndIsr(4): 0 to 7 [usable: 7], StopReplica(5): 0 to 4 [usable: 4], UpdateMetadata(6): 0 to 8 [usable: 8], ControlledShutdown(7): 0 to 3 [usable: 3], OffsetCommit(8): 0 to 9 [usable: 9], OffsetFetch(9): 0 to 9 [usable: 9], FindCoordinator(10): 0 to 4 [usable: 4], JoinGroup(11): 0 to 9 [usable: 9], Heartbeat(12): 0 to 4 [usable: 4], LeaveGroup(13): 0 to 5 [usable: 5], SyncGroup(14): 0 to 5 [usable: 5], DescribeGroups(15): 0 to 5 [usable: 5], ListGroups(16): 0 to 4 [usable: 4], SaslHandshake(17): 0 to 1 [usable: 1], ApiVersions(18): 0 to 3 [usable: 3], CreateTopics(19): 0 to 7 [usable: 7], DeleteTopics(20): 0 to 6 [usable: 6], DeleteRecords(21): 0 to 2 [usable: 2], InitProducerId(22): 0 to 4 [usable: 4], OffsetForLeaderEpoch(23): 0 to 4 [usable: 4], AddPartitionsToTxn(24): 0 to 4 [usable: 4], AddOffsetsToTxn(25): 0 to 3 [usable: 3], EndTxn(26): 0 to 3 [usable: 3], WriteTxnMarkers(27): 0 to 1 [usable: 1], TxnOffsetCommit(28): 0 to 3 [usable: 3], DescribeAcls(29): 0 to 3 [usable: 3], CreateAcls(30): 0 to 3 [usable: 3], DeleteAcls(31): 0 to 3 [usable: 3], DescribeConfigs(32): 0 to 4 [usable: 4], AlterConfigs(33): 0 to 2 [usable: 2], AlterReplicaLogDirs(34): 0 to 2 [usable: 2], DescribeLogDirs(35): 0 to 4 [usable: 4], SaslAuthenticate(36): 0 to 2 [usable: 2], CreatePartitions(37): 0 to 3 [usable: 3], CreateDelegationToken(38): 0 to 3 [usable: 3], RenewDelegationToken(39): 0 to 2 [usable: 2], ExpireDelegationToken(40): 0 to 2 [usable: 2], DescribeDelegationToken(41): 0 to 3 [usable: 3], DeleteGroups(42): 0 to 2 [usable: 2], ElectLeaders(43): 0 to 2 [usable: 2], IncrementalAlterConfigs(44): 0 to 1 [usable: 1], AlterPartitionReassignments(45): 0 [usable: 0], ListPartitionReassignments(46): 0 [usable: 0], OffsetDelete(47): 0 [usable: 0], DescribeClientQuotas(48): 0 to 1 [usable: 1], AlterClientQuotas(49): 0 to 1 [usable: 1], DescribeUserScramCredentials(50): 0 [usable: 0], AlterUserScramCredentials(51): 0 [usable: 0], DescribeQuorum(55): UNSUPPORTED, AlterPartition(56): 0 to 3 [usable: 3], UpdateFeatures(57): 0 to 1 [usable: 1], Envelope(58): 0 [usable: 0], DescribeCluster(60): 0 to 1 [usable: 1], DescribeProducers(61): 0 [usable: 0], UnregisterBroker(64): UNSUPPORTED, DescribeTransactions(65): 0 [usable: 0], ListTransactions(66): 0 [usable: 0], AllocateProducerIds(67): 0 [usable: 0], ConsumerGroupHeartbeat(68): 0 [usable: 0], ConsumerGroupDescribe(69): UNSUPPORTED, GetTelemetrySubscriptions(71): UNSUPPORTED, PushTelemetry(72): UNSUPPORTED, ListClientMetricsResources(74): UNSUPPORTED).
2026-05-21T19:38:09.456+05:30 DEBUG 1778 --- [Fraud-Management] [kafka-producer-network-thread | Fraud-Management-producer-1] org.apache.kafka.clients.NetworkClient   : [Producer clientId=Fraud-Management-producer-1] Sending metadata request MetadataRequestData(topics=[MetadataRequestTopic(topicId=AAAAAAAAAAAAAAAAAAAAAA, name='notification')], allowAutoTopicCreation=true, includeClusterAuthorizedOperations=false, includeTopicAuthorizedOperations=false) to node localhost:9092 (id: -1 rack: null)
2026-05-21T19:38:09.457+05:30 DEBUG 1778 --- [Fraud-Management] [kafka-producer-network-thread | Fraud-Management-producer-1] org.apache.kafka.clients.NetworkClient   : [Producer clientId=Fraud-Management-producer-1] Sending METADATA request with header RequestHeader(apiKey=METADATA, apiVersion=12, clientId=Fraud-Management-producer-1, correlationId=1, headerVersion=2) and timeout 30000 to node -1: MetadataRequestData(topics=[MetadataRequestTopic(topicId=AAAAAAAAAAAAAAAAAAAAAA, name='notification')], allowAutoTopicCreation=true, includeClusterAuthorizedOperations=false, includeTopicAuthorizedOperations=false)
2026-05-21T19:38:09.457+05:30 DEBUG 1778 --- [Fraud-Management] [kafka-producer-network-thread | Fraud-Management-producer-1] org.apache.kafka.clients.NetworkClient   : [Producer clientId=Fraud-Management-producer-1] Give up sending telemetry request since no node is available
2026-05-21T19:38:09.458+05:30 DEBUG 1778 --- [Fraud-Management] [kafka-producer-network-thread | Fraud-Management-producer-1] o.a.k.clients.producer.internals.Sender  : [Producer clientId=Fraud-Management-producer-1] Sending transactional request InitProducerIdRequestData(transactionalId=null, transactionTimeoutMs=2147483647, producerId=-1, producerEpoch=-1) to node localhost:9092 (id: -1 rack: null) with correlation ID 2
2026-05-21T19:38:09.458+05:30 DEBUG 1778 --- [Fraud-Management] [kafka-producer-network-thread | Fraud-Management-producer-1] org.apache.kafka.clients.NetworkClient   : [Producer clientId=Fraud-Management-producer-1] Sending INIT_PRODUCER_ID request with header RequestHeader(apiKey=INIT_PRODUCER_ID, apiVersion=4, clientId=Fraud-Management-producer-1, correlationId=2, headerVersion=2) and timeout 30000 to node -1: InitProducerIdRequestData(transactionalId=null, transactionTimeoutMs=2147483647, producerId=-1, producerEpoch=-1)
2026-05-21T19:38:09.458+05:30 DEBUG 1778 --- [Fraud-Management] [kafka-producer-network-thread | Fraud-Management-producer-1] org.apache.kafka.clients.NetworkClient   : [Producer clientId=Fraud-Management-producer-1] Give up sending telemetry request since no node is available
2026-05-21T19:38:09.458+05:30 DEBUG 1778 --- [Fraud-Management] [kafka-producer-network-thread | Fraud-Management-producer-1] o.a.k.c.t.i.ClientTelemetryReporter      : Creating telemetry subscription request with client instance id AAAAAAAAAAAAAAAAAAAAAA
2026-05-21T19:38:09.459+05:30 DEBUG 1778 --- [Fraud-Management] [kafka-producer-network-thread | Fraud-Management-producer-1] o.a.k.c.t.i.ClientTelemetryReporter      : Setting telemetry state from SUBSCRIPTION_NEEDED to SUBSCRIPTION_IN_PROGRESS
2026-05-21T19:38:09.459+05:30 DEBUG 1778 --- [Fraud-Management] [kafka-producer-network-thread | Fraud-Management-producer-1] org.apache.kafka.clients.NetworkClient   : [Producer clientId=Fraud-Management-producer-1] Version mismatch when attempting to send GetTelemetrySubscriptionsRequestData(clientInstanceId=AAAAAAAAAAAAAAAAAAAAAA) with correlation id 3 to -1

org.apache.kafka.common.errors.UnsupportedVersionException: The node does not support GET_TELEMETRY_SUBSCRIPTIONS

2026-05-21T19:38:09.460+05:30 DEBUG 1778 --- [Fraud-Management] [kafka-producer-network-thread | Fraud-Management-producer-1] o.a.k.c.t.i.ClientTelemetryReporter      : The broker generated an error for the get telemetry network API request

org.apache.kafka.common.errors.UnsupportedVersionException: The node does not support GET_TELEMETRY_SUBSCRIPTIONS

2026-05-21T19:38:09.460+05:30 DEBUG 1778 --- [Fraud-Management] [kafka-producer-network-thread | Fraud-Management-producer-1] o.a.k.c.t.i.ClientTelemetryReporter      : Updating intervalMs: 300000, lastRequestMs: 1779372489460
2026-05-21T19:38:09.461+05:30 DEBUG 1778 --- [Fraud-Management] [kafka-producer-network-thread | Fraud-Management-producer-1] o.a.k.c.t.i.ClientTelemetryReporter      : Setting telemetry state from SUBSCRIPTION_IN_PROGRESS to SUBSCRIPTION_NEEDED
2026-05-21T19:38:09.470+05:30 DEBUG 1778 --- [Fraud-Management] [kafka-producer-network-thread | Fraud-Management-producer-1] org.apache.kafka.clients.NetworkClient   : [Producer clientId=Fraud-Management-producer-1] Received METADATA response from node -1 for request with header RequestHeader(apiKey=METADATA, apiVersion=12, clientId=Fraud-Management-producer-1, correlationId=1, headerVersion=2): MetadataResponseData(throttleTimeMs=0, brokers=[MetadataResponseBroker(nodeId=0, host='192.168.1.15', port=9092, rack=null)], clusterId='9YJeH9LiQPabFK2-ohTFOA', controllerId=0, topics=[MetadataResponseTopic(errorCode=0, name='notification', topicId=DyxN5cIIS-KuhaJQv1O9gw, isInternal=false, partitions=[MetadataResponsePartition(errorCode=0, partitionIndex=0, leaderId=0, leaderEpoch=0, replicaNodes=[0], isrNodes=[0], offlineReplicas=[])], topicAuthorizedOperations=-2147483648)], clusterAuthorizedOperations=-2147483648)
2026-05-21T19:38:09.476+05:30 DEBUG 1778 --- [Fraud-Management] [kafka-producer-network-thread | Fraud-Management-producer-1] org.apache.kafka.clients.Metadata        : [Producer clientId=Fraud-Management-producer-1] Setting the last seen epoch of partition notification-0 to 0 since the last known epoch was undefined.
2026-05-21T19:38:09.478+05:30  INFO 1778 --- [Fraud-Management] [kafka-producer-network-thread | Fraud-Management-producer-1] org.apache.kafka.clients.Metadata        : [Producer clientId=Fraud-Management-producer-1] Cluster ID: 9YJeH9LiQPabFK2-ohTFOA
2026-05-21T19:38:09.478+05:30 DEBUG 1778 --- [Fraud-Management] [kafka-producer-network-thread | Fraud-Management-producer-1] org.apache.kafka.clients.Metadata        : [Producer clientId=Fraud-Management-producer-1] Updated cluster metadata updateVersion 2 to MetadataCache{clusterId='9YJeH9LiQPabFK2-ohTFOA', nodes={0=192.168.1.15:9092 (id: 0 rack: null)}, partitions=[PartitionMetadata(error=NONE, partition=notification-0, leader=Optional[0], leaderEpoch=Optional[0], replicas=0, isr=0, offlineReplicas=)], controller=192.168.1.15:9092 (id: 0 rack: null)}
2026-05-21T19:38:09.491+05:30  INFO 1778 --- [Fraud-Management] [http-nio-8082-exec-1] c.f.F.Kafka.TransactionProducer          : Notification sent for transaction ID: a140628a-b561-443d-91f9-83ec735a1b8a
2026-05-21T19:38:09.492+05:30  INFO 1778 --- [Fraud-Management] [http-nio-8082-exec-1] c.f.F.Kafka.TransactionProducer          : Transaction evaluation result: VALID
2026-05-21T19:38:09.493+05:30  INFO 1778 --- [Fraud-Management] [http-nio-8082-exec-1] o.a.k.clients.producer.ProducerConfig    : ProducerConfig values: 
	acks = -1
	auto.include.jmx.reporter = true
	batch.size = 16384
	bootstrap.servers = [localhost:9092]
	buffer.memory = 33554432
	client.dns.lookup = use_all_dns_ips
	client.id = Fraud-Management-producer-1
	compression.type = none
	connections.max.idle.ms = 540000
	delivery.timeout.ms = 120000
	enable.idempotence = true
	enable.metrics.push = true
	interceptor.classes = []
	key.serializer = class org.apache.kafka.common.serialization.StringSerializer
	linger.ms = 0
	max.block.ms = 60000
	max.in.flight.requests.per.connection = 5
	max.request.size = 1048576
	metadata.max.age.ms = 300000
	metadata.max.idle.ms = 300000
	metric.reporters = []
	metrics.num.samples = 2
	metrics.recording.level = INFO
	metrics.sample.window.ms = 30000
	partitioner.adaptive.partitioning.enable = true
	partitioner.availability.timeout.ms = 0
	partitioner.class = null
	partitioner.ignore.keys = false
	receive.buffer.bytes = 32768
	reconnect.backoff.max.ms = 1000
	reconnect.backoff.ms = 50
	request.timeout.ms = 30000
	retries = 2147483647
	retry.backoff.max.ms = 1000
	retry.backoff.ms = 100
	sasl.client.callback.handler.class = null
	sasl.jaas.config = null
	sasl.kerberos.kinit.cmd = /usr/bin/kinit
	sasl.kerberos.min.time.before.relogin = 60000
	sasl.kerberos.service.name = null
	sasl.kerberos.ticket.renew.jitter = 0.05
	sasl.kerberos.ticket.renew.window.factor = 0.8
	sasl.login.callback.handler.class = null
	sasl.login.class = null
	sasl.login.connect.timeout.ms = null
	sasl.login.read.timeout.ms = null
	sasl.login.refresh.buffer.seconds = 300
	sasl.login.refresh.min.period.seconds = 60
	sasl.login.refresh.window.factor = 0.8
	sasl.login.refresh.window.jitter = 0.05
	sasl.login.retry.backoff.max.ms = 10000
	sasl.login.retry.backoff.ms = 100
	sasl.mechanism = GSSAPI
	sasl.oauthbearer.clock.skew.seconds = 30
	sasl.oauthbearer.expected.audience = null
	sasl.oauthbearer.expected.issuer = null
	sasl.oauthbearer.jwks.endpoint.refresh.ms = 3600000
	sasl.oauthbearer.jwks.endpoint.retry.backoff.max.ms = 10000
	sasl.oauthbearer.jwks.endpoint.retry.backoff.ms = 100
	sasl.oauthbearer.jwks.endpoint.url = null
	sasl.oauthbearer.scope.claim.name = scope
	sasl.oauthbearer.sub.claim.name = sub
	sasl.oauthbearer.token.endpoint.url = null
	security.protocol = PLAINTEXT
	security.providers = null
	send.buffer.bytes = 131072
	socket.connection.setup.timeout.max.ms = 30000
	socket.connection.setup.timeout.ms = 10000
	ssl.cipher.suites = null
	ssl.enabled.protocols = [TLSv1.2, TLSv1.3]
	ssl.endpoint.identification.algorithm = https
	ssl.engine.factory.class = null
	ssl.key.password = null
	ssl.keymanager.algorithm = SunX509
	ssl.keystore.certificate.chain = null
	ssl.keystore.key = null
	ssl.keystore.location = null
	ssl.keystore.password = null
	ssl.keystore.type = JKS
	ssl.protocol = TLSv1.3
	ssl.provider = null
	ssl.secure.random.implementation = null
	ssl.trustmanager.algorithm = PKIX
	ssl.truststore.certificates = null
	ssl.truststore.location = null
	ssl.truststore.password = null
	ssl.truststore.type = JKS
	transaction.timeout.ms = 60000
	transactional.id = null
	value.serializer = class org.springframework.kafka.support.serializer.JsonSerializer

2026-05-21T19:38:09.493+05:30  INFO 1778 --- [Fraud-Management] [http-nio-8082-exec-1] o.a.k.c.t.i.KafkaMetricsCollector        : initializing Kafka metrics collector
2026-05-21T19:38:09.494+05:30  INFO 1778 --- [Fraud-Management] [http-nio-8082-exec-1] o.a.k.clients.producer.KafkaProducer     : [Producer clientId=Fraud-Management-producer-1] Instantiated an idempotent producer.
2026-05-21T19:38:09.502+05:30 DEBUG 1778 --- [Fraud-Management] [kafka-producer-network-thread | Fraud-Management-producer-1] o.a.k.clients.producer.internals.Sender  : [Producer clientId=Fraud-Management-producer-1] Starting Kafka producer I/O thread.
2026-05-21T19:38:09.503+05:30 DEBUG 1778 --- [Fraud-Management] [kafka-producer-network-thread | Fraud-Management-producer-1] o.a.k.c.p.internals.TransactionManager   : [Producer clientId=Fraud-Management-producer-1] Transition from state UNINITIALIZED to INITIALIZING
2026-05-21T19:38:09.503+05:30  INFO 1778 --- [Fraud-Management] [http-nio-8082-exec-1] o.a.kafka.common.utils.AppInfoParser     : The mbean of App info: [kafka.producer], id: [Fraud-Management-producer-1] already exists, so skipping a new mbean creation.
2026-05-21T19:38:09.503+05:30 DEBUG 1778 --- [Fraud-Management] [kafka-producer-network-thread | Fraud-Management-producer-1] o.a.k.c.p.internals.TransactionManager   : [Producer clientId=Fraud-Management-producer-1] Enqueuing transactional request InitProducerIdRequestData(transactionalId=null, transactionTimeoutMs=2147483647, producerId=-1, producerEpoch=-1)
2026-05-21T19:38:09.503+05:30 DEBUG 1778 --- [Fraud-Management] [http-nio-8082-exec-1] o.a.k.clients.producer.KafkaProducer     : [Producer clientId=Fraud-Management-producer-1] Kafka producer started
2026-05-21T19:38:09.504+05:30 DEBUG 1778 --- [Fraud-Management] [http-nio-8082-exec-1] o.s.k.core.DefaultKafkaProducerFactory   : Created new Producer: CloseSafeProducer [delegate=org.apache.kafka.clients.producer.KafkaProducer@71115d01]
2026-05-21T19:38:09.504+05:30 DEBUG 1778 --- [Fraud-Management] [kafka-producer-network-thread | Fraud-Management-producer-1] org.apache.kafka.clients.NetworkClient   : [Producer clientId=Fraud-Management-producer-1] Initialize connection to node localhost:9092 (id: -1 rack: null) for sending metadata request
2026-05-21T19:38:09.504+05:30 DEBUG 1778 --- [Fraud-Management] [kafka-producer-network-thread | Fraud-Management-producer-1] org.apache.kafka.clients.ClientUtils     : Resolved host localhost as 127.0.0.1
2026-05-21T19:38:09.504+05:30 DEBUG 1778 --- [Fraud-Management] [kafka-producer-network-thread | Fraud-Management-producer-1] o.a.k.clients.ClusterConnectionStates    : [Producer clientId=Fraud-Management-producer-1] Resolved host localhost to addresses [localhost/127.0.0.1]
2026-05-21T19:38:09.504+05:30 DEBUG 1778 --- [Fraud-Management] [kafka-producer-network-thread | Fraud-Management-producer-1] org.apache.kafka.clients.NetworkClient   : [Producer clientId=Fraud-Management-producer-1] Initiating connection to node localhost:9092 (id: -1 rack: null) using address localhost/127.0.0.1
2026-05-21T19:38:09.508+05:30 DEBUG 1778 --- [Fraud-Management] [kafka-producer-network-thread | Fraud-Management-producer-1] o.apache.kafka.common.network.Selector   : [Producer clientId=Fraud-Management-producer-1] Created socket with SO_RCVBUF = 326640, SO_SNDBUF = 146988, SO_TIMEOUT = 0 to node -1
2026-05-21T19:38:09.511+05:30 DEBUG 1778 --- [Fraud-Management] [kafka-producer-network-thread | Fraud-Management-producer-1] org.apache.kafka.clients.NetworkClient   : [Producer clientId=Fraud-Management-producer-1] Completed connection to node -1. Fetching API versions.
2026-05-21T19:38:09.511+05:30 DEBUG 1778 --- [Fraud-Management] [kafka-producer-network-thread | Fraud-Management-producer-1] org.apache.kafka.clients.NetworkClient   : [Producer clientId=Fraud-Management-producer-1] Initiating API versions fetch from node -1.
2026-05-21T19:38:09.511+05:30 DEBUG 1778 --- [Fraud-Management] [kafka-producer-network-thread | Fraud-Management-producer-1] org.apache.kafka.clients.NetworkClient   : [Producer clientId=Fraud-Management-producer-1] Sending API_VERSIONS request with header RequestHeader(apiKey=API_VERSIONS, apiVersion=3, clientId=Fraud-Management-producer-1, correlationId=0, headerVersion=2) and timeout 30000 to node -1: ApiVersionsRequestData(clientSoftwareName='apache-kafka-java', clientSoftwareVersion='3.7.0')
2026-05-21T19:38:09.511+05:30 DEBUG 1778 --- [Fraud-Management] [kafka-producer-network-thread | Fraud-Management-producer-1] org.apache.kafka.clients.NetworkClient   : [Producer clientId=Fraud-Management-producer-1] Received INIT_PRODUCER_ID response from node -1 for request with header RequestHeader(apiKey=INIT_PRODUCER_ID, apiVersion=4, clientId=Fraud-Management-producer-1, correlationId=2, headerVersion=2): InitProducerIdResponseData(throttleTimeMs=0, errorCode=14, producerId=-1, producerEpoch=-1)
2026-05-21T19:38:09.511+05:30 DEBUG 1778 --- [Fraud-Management] [kafka-producer-network-thread | Fraud-Management-producer-1] o.a.k.c.p.internals.TransactionManager   : [Producer clientId=Fraud-Management-producer-1] Enqueuing transactional request InitProducerIdRequestData(transactionalId=null, transactionTimeoutMs=2147483647, producerId=-1, producerEpoch=-1)
2026-05-21T19:38:09.512+05:30 DEBUG 1778 --- [Fraud-Management] [kafka-producer-network-thread | Fraud-Management-producer-1] org.apache.kafka.clients.ClientUtils     : Resolved host 192.168.1.15 as 192.168.1.15
2026-05-21T19:38:09.512+05:30 DEBUG 1778 --- [Fraud-Management] [kafka-producer-network-thread | Fraud-Management-producer-1] o.a.k.clients.ClusterConnectionStates    : [Producer clientId=Fraud-Management-producer-1] Resolved host 192.168.1.15 to addresses [/192.168.1.15]
2026-05-21T19:38:09.512+05:30 DEBUG 1778 --- [Fraud-Management] [kafka-producer-network-thread | Fraud-Management-producer-1] org.apache.kafka.clients.NetworkClient   : [Producer clientId=Fraud-Management-producer-1] Initiating connection to node 192.168.1.15:9092 (id: 0 rack: null) using address /192.168.1.15
2026-05-21T19:38:09.513+05:30 DEBUG 1778 --- [Fraud-Management] [kafka-producer-network-thread | Fraud-Management-producer-1] org.apache.kafka.clients.NetworkClient   : [Producer clientId=Fraud-Management-producer-1] Received API_VERSIONS response from node -1 for request with header RequestHeader(apiKey=API_VERSIONS, apiVersion=3, clientId=Fraud-Management-producer-1, correlationId=0, headerVersion=2): ApiVersionsResponseData(errorCode=0, apiKeys=[ApiVersion(apiKey=0, minVersion=0, maxVersion=10), ApiVersion(apiKey=1, minVersion=0, maxVersion=16), ApiVersion(apiKey=2, minVersion=0, maxVersion=8), ApiVersion(apiKey=3, minVersion=0, maxVersion=12), ApiVersion(apiKey=4, minVersion=0, maxVersion=7), ApiVersion(apiKey=5, minVersion=0, maxVersion=4), ApiVersion(apiKey=6, minVersion=0, maxVersion=8), ApiVersion(apiKey=7, minVersion=0, maxVersion=3), ApiVersion(apiKey=8, minVersion=0, maxVersion=9), ApiVersion(apiKey=9, minVersion=0, maxVersion=9), ApiVersion(apiKey=10, minVersion=0, maxVersion=4), ApiVersion(apiKey=11, minVersion=0, maxVersion=9), ApiVersion(apiKey=12, minVersion=0, maxVersion=4), ApiVersion(apiKey=13, minVersion=0, maxVersion=5), ApiVersion(apiKey=14, minVersion=0, maxVersion=5), ApiVersion(apiKey=15, minVersion=0, maxVersion=5), ApiVersion(apiKey=16, minVersion=0, maxVersion=4), ApiVersion(apiKey=17, minVersion=0, maxVersion=1), ApiVersion(apiKey=18, minVersion=0, maxVersion=3), ApiVersion(apiKey=19, minVersion=0, maxVersion=7), ApiVersion(apiKey=20, minVersion=0, maxVersion=6), ApiVersion(apiKey=21, minVersion=0, maxVersion=2), ApiVersion(apiKey=22, minVersion=0, maxVersion=4), ApiVersion(apiKey=23, minVersion=0, maxVersion=4), ApiVersion(apiKey=24, minVersion=0, maxVersion=4), ApiVersion(apiKey=25, minVersion=0, maxVersion=3), ApiVersion(apiKey=26, minVersion=0, maxVersion=3), ApiVersion(apiKey=27, minVersion=0, maxVersion=1), ApiVersion(apiKey=28, minVersion=0, maxVersion=3), ApiVersion(apiKey=29, minVersion=0, maxVersion=3), ApiVersion(apiKey=30, minVersion=0, maxVersion=3), ApiVersion(apiKey=31, minVersion=0, maxVersion=3), ApiVersion(apiKey=32, minVersion=0, maxVersion=4), ApiVersion(apiKey=33, minVersion=0, maxVersion=2), ApiVersion(apiKey=34, minVersion=0, maxVersion=2), ApiVersion(apiKey=35, minVersion=0, maxVersion=4), ApiVersion(apiKey=36, minVersion=0, maxVersion=2), ApiVersion(apiKey=37, minVersion=0, maxVersion=3), ApiVersion(apiKey=38, minVersion=0, maxVersion=3), ApiVersion(apiKey=39, minVersion=0, maxVersion=2), ApiVersion(apiKey=40, minVersion=0, maxVersion=2), ApiVersion(apiKey=41, minVersion=0, maxVersion=3), ApiVersion(apiKey=42, minVersion=0, maxVersion=2), ApiVersion(apiKey=43, minVersion=0, maxVersion=2), ApiVersion(apiKey=44, minVersion=0, maxVersion=1), ApiVersion(apiKey=45, minVersion=0, maxVersion=0), ApiVersion(apiKey=46, minVersion=0, maxVersion=0), ApiVersion(apiKey=47, minVersion=0, maxVersion=0), ApiVersion(apiKey=48, minVersion=0, maxVersion=1), ApiVersion(apiKey=49, minVersion=0, maxVersion=1), ApiVersion(apiKey=50, minVersion=0, maxVersion=0), ApiVersion(apiKey=51, minVersion=0, maxVersion=0), ApiVersion(apiKey=56, minVersion=0, maxVersion=3), ApiVersion(apiKey=57, minVersion=0, maxVersion=1), ApiVersion(apiKey=58, minVersion=0, maxVersion=0), ApiVersion(apiKey=60, minVersion=0, maxVersion=1), ApiVersion(apiKey=61, minVersion=0, maxVersion=0), ApiVersion(apiKey=65, minVersion=0, maxVersion=0), ApiVersion(apiKey=66, minVersion=0, maxVersion=0), ApiVersion(apiKey=67, minVersion=0, maxVersion=0), ApiVersion(apiKey=68, minVersion=0, maxVersion=0)], throttleTimeMs=0, supportedFeatures=[], finalizedFeaturesEpoch=0, finalizedFeatures=[], zkMigrationReady=false)
2026-05-21T19:38:09.514+05:30 DEBUG 1778 --- [Fraud-Management] [kafka-producer-network-thread | Fraud-Management-producer-1] org.apache.kafka.clients.NetworkClient   : [Producer clientId=Fraud-Management-producer-1] Node -1 has finalized features epoch: 0, finalized features: [], supported features: [], ZK migration ready: false, API versions: (Produce(0): 0 to 10 [usable: 10], Fetch(1): 0 to 16 [usable: 16], ListOffsets(2): 0 to 8 [usable: 8], Metadata(3): 0 to 12 [usable: 12], LeaderAndIsr(4): 0 to 7 [usable: 7], StopReplica(5): 0 to 4 [usable: 4], UpdateMetadata(6): 0 to 8 [usable: 8], ControlledShutdown(7): 0 to 3 [usable: 3], OffsetCommit(8): 0 to 9 [usable: 9], OffsetFetch(9): 0 to 9 [usable: 9], FindCoordinator(10): 0 to 4 [usable: 4], JoinGroup(11): 0 to 9 [usable: 9], Heartbeat(12): 0 to 4 [usable: 4], LeaveGroup(13): 0 to 5 [usable: 5], SyncGroup(14): 0 to 5 [usable: 5], DescribeGroups(15): 0 to 5 [usable: 5], ListGroups(16): 0 to 4 [usable: 4], SaslHandshake(17): 0 to 1 [usable: 1], ApiVersions(18): 0 to 3 [usable: 3], CreateTopics(19): 0 to 7 [usable: 7], DeleteTopics(20): 0 to 6 [usable: 6], DeleteRecords(21): 0 to 2 [usable: 2], InitProducerId(22): 0 to 4 [usable: 4], OffsetForLeaderEpoch(23): 0 to 4 [usable: 4], AddPartitionsToTxn(24): 0 to 4 [usable: 4], AddOffsetsToTxn(25): 0 to 3 [usable: 3], EndTxn(26): 0 to 3 [usable: 3], WriteTxnMarkers(27): 0 to 1 [usable: 1], TxnOffsetCommit(28): 0 to 3 [usable: 3], DescribeAcls(29): 0 to 3 [usable: 3], CreateAcls(30): 0 to 3 [usable: 3], DeleteAcls(31): 0 to 3 [usable: 3], DescribeConfigs(32): 0 to 4 [usable: 4], AlterConfigs(33): 0 to 2 [usable: 2], AlterReplicaLogDirs(34): 0 to 2 [usable: 2], DescribeLogDirs(35): 0 to 4 [usable: 4], SaslAuthenticate(36): 0 to 2 [usable: 2], CreatePartitions(37): 0 to 3 [usable: 3], CreateDelegationToken(38): 0 to 3 [usable: 3], RenewDelegationToken(39): 0 to 2 [usable: 2], ExpireDelegationToken(40): 0 to 2 [usable: 2], DescribeDelegationToken(41): 0 to 3 [usable: 3], DeleteGroups(42): 0 to 2 [usable: 2], ElectLeaders(43): 0 to 2 [usable: 2], IncrementalAlterConfigs(44): 0 to 1 [usable: 1], AlterPartitionReassignments(45): 0 [usable: 0], ListPartitionReassignments(46): 0 [usable: 0], OffsetDelete(47): 0 [usable: 0], DescribeClientQuotas(48): 0 to 1 [usable: 1], AlterClientQuotas(49): 0 to 1 [usable: 1], DescribeUserScramCredentials(50): 0 [usable: 0], AlterUserScramCredentials(51): 0 [usable: 0], DescribeQuorum(55): UNSUPPORTED, AlterPartition(56): 0 to 3 [usable: 3], UpdateFeatures(57): 0 to 1 [usable: 1], Envelope(58): 0 [usable: 0], DescribeCluster(60): 0 to 1 [usable: 1], DescribeProducers(61): 0 [usable: 0], UnregisterBroker(64): UNSUPPORTED, DescribeTransactions(65): 0 [usable: 0], ListTransactions(66): 0 [usable: 0], AllocateProducerIds(67): 0 [usable: 0], ConsumerGroupHeartbeat(68): 0 [usable: 0], ConsumerGroupDescribe(69): UNSUPPORTED, GetTelemetrySubscriptions(71): UNSUPPORTED, PushTelemetry(72): UNSUPPORTED, ListClientMetricsResources(74): UNSUPPORTED).
2026-05-21T19:38:09.515+05:30 DEBUG 1778 --- [Fraud-Management] [kafka-producer-network-thread | Fraud-Management-producer-1] org.apache.kafka.clients.NetworkClient   : [Producer clientId=Fraud-Management-producer-1] Sending metadata request MetadataRequestData(topics=[MetadataRequestTopic(topicId=AAAAAAAAAAAAAAAAAAAAAA, name='valid-transactions')], allowAutoTopicCreation=true, includeClusterAuthorizedOperations=false, includeTopicAuthorizedOperations=false) to node localhost:9092 (id: -1 rack: null)
2026-05-21T19:38:09.515+05:30 DEBUG 1778 --- [Fraud-Management] [kafka-producer-network-thread | Fraud-Management-producer-1] o.apache.kafka.common.network.Selector   : [Producer clientId=Fraud-Management-producer-1] Created socket with SO_RCVBUF = 310308, SO_SNDBUF = 146988, SO_TIMEOUT = 0 to node 0
2026-05-21T19:38:09.516+05:30 DEBUG 1778 --- [Fraud-Management] [kafka-producer-network-thread | Fraud-Management-producer-1] org.apache.kafka.clients.NetworkClient   : [Producer clientId=Fraud-Management-producer-1] Completed connection to node 0. Fetching API versions.
2026-05-21T19:38:09.515+05:30 DEBUG 1778 --- [Fraud-Management] [kafka-producer-network-thread | Fraud-Management-producer-1] org.apache.kafka.clients.NetworkClient   : [Producer clientId=Fraud-Management-producer-1] Sending METADATA request with header RequestHeader(apiKey=METADATA, apiVersion=12, clientId=Fraud-Management-producer-1, correlationId=1, headerVersion=2) and timeout 30000 to node -1: MetadataRequestData(topics=[MetadataRequestTopic(topicId=AAAAAAAAAAAAAAAAAAAAAA, name='valid-transactions')], allowAutoTopicCreation=true, includeClusterAuthorizedOperations=false, includeTopicAuthorizedOperations=false)
2026-05-21T19:38:09.516+05:30 DEBUG 1778 --- [Fraud-Management] [kafka-producer-network-thread | Fraud-Management-producer-1] org.apache.kafka.clients.NetworkClient   : [Producer clientId=Fraud-Management-producer-1] Give up sending telemetry request since no node is available
2026-05-21T19:38:09.516+05:30 DEBUG 1778 --- [Fraud-Management] [kafka-producer-network-thread | Fraud-Management-producer-1] org.apache.kafka.clients.NetworkClient   : [Producer clientId=Fraud-Management-producer-1] Initiating API versions fetch from node 0.
2026-05-21T19:38:09.517+05:30 DEBUG 1778 --- [Fraud-Management] [kafka-producer-network-thread | Fraud-Management-producer-1] org.apache.kafka.clients.NetworkClient   : [Producer clientId=Fraud-Management-producer-1] Sending API_VERSIONS request with header RequestHeader(apiKey=API_VERSIONS, apiVersion=3, clientId=Fraud-Management-producer-1, correlationId=4, headerVersion=2) and timeout 30000 to node 0: ApiVersionsRequestData(clientSoftwareName='apache-kafka-java', clientSoftwareVersion='3.7.0')
2026-05-21T19:38:09.517+05:30 DEBUG 1778 --- [Fraud-Management] [kafka-producer-network-thread | Fraud-Management-producer-1] o.a.k.clients.producer.internals.Sender  : [Producer clientId=Fraud-Management-producer-1] Sending transactional request InitProducerIdRequestData(transactionalId=null, transactionTimeoutMs=2147483647, producerId=-1, producerEpoch=-1) to node localhost:9092 (id: -1 rack: null) with correlation ID 2
2026-05-21T19:38:09.517+05:30 DEBUG 1778 --- [Fraud-Management] [kafka-producer-network-thread | Fraud-Management-producer-1] org.apache.kafka.clients.NetworkClient   : [Producer clientId=Fraud-Management-producer-1] Sending INIT_PRODUCER_ID request with header RequestHeader(apiKey=INIT_PRODUCER_ID, apiVersion=4, clientId=Fraud-Management-producer-1, correlationId=2, headerVersion=2) and timeout 30000 to node -1: InitProducerIdRequestData(transactionalId=null, transactionTimeoutMs=2147483647, producerId=-1, producerEpoch=-1)
2026-05-21T19:38:09.518+05:30 DEBUG 1778 --- [Fraud-Management] [kafka-producer-network-thread | Fraud-Management-producer-1] org.apache.kafka.clients.NetworkClient   : [Producer clientId=Fraud-Management-producer-1] Give up sending telemetry request since no node is available
2026-05-21T19:38:09.518+05:30 DEBUG 1778 --- [Fraud-Management] [kafka-producer-network-thread | Fraud-Management-producer-1] o.a.k.c.t.i.ClientTelemetryReporter      : Creating telemetry subscription request with client instance id AAAAAAAAAAAAAAAAAAAAAA
2026-05-21T19:38:09.518+05:30 DEBUG 1778 --- [Fraud-Management] [kafka-producer-network-thread | Fraud-Management-producer-1] o.a.k.c.t.i.ClientTelemetryReporter      : Setting telemetry state from SUBSCRIPTION_NEEDED to SUBSCRIPTION_IN_PROGRESS
2026-05-21T19:38:09.518+05:30 DEBUG 1778 --- [Fraud-Management] [kafka-producer-network-thread | Fraud-Management-producer-1] org.apache.kafka.clients.NetworkClient   : [Producer clientId=Fraud-Management-producer-1] Version mismatch when attempting to send GetTelemetrySubscriptionsRequestData(clientInstanceId=AAAAAAAAAAAAAAAAAAAAAA) with correlation id 3 to -1

org.apache.kafka.common.errors.UnsupportedVersionException: The node does not support GET_TELEMETRY_SUBSCRIPTIONS

2026-05-21T19:38:09.518+05:30 DEBUG 1778 --- [Fraud-Management] [kafka-producer-network-thread | Fraud-Management-producer-1] o.a.k.c.t.i.ClientTelemetryReporter      : The broker generated an error for the get telemetry network API request

org.apache.kafka.common.errors.UnsupportedVersionException: The node does not support GET_TELEMETRY_SUBSCRIPTIONS

2026-05-21T19:38:09.519+05:30 DEBUG 1778 --- [Fraud-Management] [kafka-producer-network-thread | Fraud-Management-producer-1] o.a.k.c.t.i.ClientTelemetryReporter      : Updating intervalMs: 300000, lastRequestMs: 1779372489518
2026-05-21T19:38:09.519+05:30 DEBUG 1778 --- [Fraud-Management] [kafka-producer-network-thread | Fraud-Management-producer-1] o.a.k.c.t.i.ClientTelemetryReporter      : Setting telemetry state from SUBSCRIPTION_IN_PROGRESS to SUBSCRIPTION_NEEDED
2026-05-21T19:38:09.521+05:30 DEBUG 1778 --- [Fraud-Management] [kafka-producer-network-thread | Fraud-Management-producer-1] org.apache.kafka.clients.NetworkClient   : [Producer clientId=Fraud-Management-producer-1] Received API_VERSIONS response from node 0 for request with header RequestHeader(apiKey=API_VERSIONS, apiVersion=3, clientId=Fraud-Management-producer-1, correlationId=4, headerVersion=2): ApiVersionsResponseData(errorCode=0, apiKeys=[ApiVersion(apiKey=0, minVersion=0, maxVersion=10), ApiVersion(apiKey=1, minVersion=0, maxVersion=16), ApiVersion(apiKey=2, minVersion=0, maxVersion=8), ApiVersion(apiKey=3, minVersion=0, maxVersion=12), ApiVersion(apiKey=4, minVersion=0, maxVersion=7), ApiVersion(apiKey=5, minVersion=0, maxVersion=4), ApiVersion(apiKey=6, minVersion=0, maxVersion=8), ApiVersion(apiKey=7, minVersion=0, maxVersion=3), ApiVersion(apiKey=8, minVersion=0, maxVersion=9), ApiVersion(apiKey=9, minVersion=0, maxVersion=9), ApiVersion(apiKey=10, minVersion=0, maxVersion=4), ApiVersion(apiKey=11, minVersion=0, maxVersion=9), ApiVersion(apiKey=12, minVersion=0, maxVersion=4), ApiVersion(apiKey=13, minVersion=0, maxVersion=5), ApiVersion(apiKey=14, minVersion=0, maxVersion=5), ApiVersion(apiKey=15, minVersion=0, maxVersion=5), ApiVersion(apiKey=16, minVersion=0, maxVersion=4), ApiVersion(apiKey=17, minVersion=0, maxVersion=1), ApiVersion(apiKey=18, minVersion=0, maxVersion=3), ApiVersion(apiKey=19, minVersion=0, maxVersion=7), ApiVersion(apiKey=20, minVersion=0, maxVersion=6), ApiVersion(apiKey=21, minVersion=0, maxVersion=2), ApiVersion(apiKey=22, minVersion=0, maxVersion=4), ApiVersion(apiKey=23, minVersion=0, maxVersion=4), ApiVersion(apiKey=24, minVersion=0, maxVersion=4), ApiVersion(apiKey=25, minVersion=0, maxVersion=3), ApiVersion(apiKey=26, minVersion=0, maxVersion=3), ApiVersion(apiKey=27, minVersion=0, maxVersion=1), ApiVersion(apiKey=28, minVersion=0, maxVersion=3), ApiVersion(apiKey=29, minVersion=0, maxVersion=3), ApiVersion(apiKey=30, minVersion=0, maxVersion=3), ApiVersion(apiKey=31, minVersion=0, maxVersion=3), ApiVersion(apiKey=32, minVersion=0, maxVersion=4), ApiVersion(apiKey=33, minVersion=0, maxVersion=2), ApiVersion(apiKey=34, minVersion=0, maxVersion=2), ApiVersion(apiKey=35, minVersion=0, maxVersion=4), ApiVersion(apiKey=36, minVersion=0, maxVersion=2), ApiVersion(apiKey=37, minVersion=0, maxVersion=3), ApiVersion(apiKey=38, minVersion=0, maxVersion=3), ApiVersion(apiKey=39, minVersion=0, maxVersion=2), ApiVersion(apiKey=40, minVersion=0, maxVersion=2), ApiVersion(apiKey=41, minVersion=0, maxVersion=3), ApiVersion(apiKey=42, minVersion=0, maxVersion=2), ApiVersion(apiKey=43, minVersion=0, maxVersion=2), ApiVersion(apiKey=44, minVersion=0, maxVersion=1), ApiVersion(apiKey=45, minVersion=0, maxVersion=0), ApiVersion(apiKey=46, minVersion=0, maxVersion=0), ApiVersion(apiKey=47, minVersion=0, maxVersion=0), ApiVersion(apiKey=48, minVersion=0, maxVersion=1), ApiVersion(apiKey=49, minVersion=0, maxVersion=1), ApiVersion(apiKey=50, minVersion=0, maxVersion=0), ApiVersion(apiKey=51, minVersion=0, maxVersion=0), ApiVersion(apiKey=56, minVersion=0, maxVersion=3), ApiVersion(apiKey=57, minVersion=0, maxVersion=1), ApiVersion(apiKey=58, minVersion=0, maxVersion=0), ApiVersion(apiKey=60, minVersion=0, maxVersion=1), ApiVersion(apiKey=61, minVersion=0, maxVersion=0), ApiVersion(apiKey=65, minVersion=0, maxVersion=0), ApiVersion(apiKey=66, minVersion=0, maxVersion=0), ApiVersion(apiKey=67, minVersion=0, maxVersion=0), ApiVersion(apiKey=68, minVersion=0, maxVersion=0)], throttleTimeMs=0, supportedFeatures=[], finalizedFeaturesEpoch=0, finalizedFeatures=[], zkMigrationReady=false)
2026-05-21T19:38:09.522+05:30 DEBUG 1778 --- [Fraud-Management] [kafka-producer-network-thread | Fraud-Management-producer-1] org.apache.kafka.clients.NetworkClient   : [Producer clientId=Fraud-Management-producer-1] Node 0 has finalized features epoch: 0, finalized features: [], supported features: [], ZK migration ready: false, API versions: (Produce(0): 0 to 10 [usable: 10], Fetch(1): 0 to 16 [usable: 16], ListOffsets(2): 0 to 8 [usable: 8], Metadata(3): 0 to 12 [usable: 12], LeaderAndIsr(4): 0 to 7 [usable: 7], StopReplica(5): 0 to 4 [usable: 4], UpdateMetadata(6): 0 to 8 [usable: 8], ControlledShutdown(7): 0 to 3 [usable: 3], OffsetCommit(8): 0 to 9 [usable: 9], OffsetFetch(9): 0 to 9 [usable: 9], FindCoordinator(10): 0 to 4 [usable: 4], JoinGroup(11): 0 to 9 [usable: 9], Heartbeat(12): 0 to 4 [usable: 4], LeaveGroup(13): 0 to 5 [usable: 5], SyncGroup(14): 0 to 5 [usable: 5], DescribeGroups(15): 0 to 5 [usable: 5], ListGroups(16): 0 to 4 [usable: 4], SaslHandshake(17): 0 to 1 [usable: 1], ApiVersions(18): 0 to 3 [usable: 3], CreateTopics(19): 0 to 7 [usable: 7], DeleteTopics(20): 0 to 6 [usable: 6], DeleteRecords(21): 0 to 2 [usable: 2], InitProducerId(22): 0 to 4 [usable: 4], OffsetForLeaderEpoch(23): 0 to 4 [usable: 4], AddPartitionsToTxn(24): 0 to 4 [usable: 4], AddOffsetsToTxn(25): 0 to 3 [usable: 3], EndTxn(26): 0 to 3 [usable: 3], WriteTxnMarkers(27): 0 to 1 [usable: 1], TxnOffsetCommit(28): 0 to 3 [usable: 3], DescribeAcls(29): 0 to 3 [usable: 3], CreateAcls(30): 0 to 3 [usable: 3], DeleteAcls(31): 0 to 3 [usable: 3], DescribeConfigs(32): 0 to 4 [usable: 4], AlterConfigs(33): 0 to 2 [usable: 2], AlterReplicaLogDirs(34): 0 to 2 [usable: 2], DescribeLogDirs(35): 0 to 4 [usable: 4], SaslAuthenticate(36): 0 to 2 [usable: 2], CreatePartitions(37): 0 to 3 [usable: 3], CreateDelegationToken(38): 0 to 3 [usable: 3], RenewDelegationToken(39): 0 to 2 [usable: 2], ExpireDelegationToken(40): 0 to 2 [usable: 2], DescribeDelegationToken(41): 0 to 3 [usable: 3], DeleteGroups(42): 0 to 2 [usable: 2], ElectLeaders(43): 0 to 2 [usable: 2], IncrementalAlterConfigs(44): 0 to 1 [usable: 1], AlterPartitionReassignments(45): 0 [usable: 0], ListPartitionReassignments(46): 0 [usable: 0], OffsetDelete(47): 0 [usable: 0], DescribeClientQuotas(48): 0 to 1 [usable: 1], AlterClientQuotas(49): 0 to 1 [usable: 1], DescribeUserScramCredentials(50): 0 [usable: 0], AlterUserScramCredentials(51): 0 [usable: 0], DescribeQuorum(55): UNSUPPORTED, AlterPartition(56): 0 to 3 [usable: 3], UpdateFeatures(57): 0 to 1 [usable: 1], Envelope(58): 0 [usable: 0], DescribeCluster(60): 0 to 1 [usable: 1], DescribeProducers(61): 0 [usable: 0], UnregisterBroker(64): UNSUPPORTED, DescribeTransactions(65): 0 [usable: 0], ListTransactions(66): 0 [usable: 0], AllocateProducerIds(67): 0 [usable: 0], ConsumerGroupHeartbeat(68): 0 [usable: 0], ConsumerGroupDescribe(69): UNSUPPORTED, GetTelemetrySubscriptions(71): UNSUPPORTED, PushTelemetry(72): UNSUPPORTED, ListClientMetricsResources(74): UNSUPPORTED).
2026-05-21T19:38:09.595+05:30 DEBUG 1778 --- [Fraud-Management] [kafka-producer-network-thread | Fraud-Management-producer-1] org.apache.kafka.clients.NetworkClient   : [Producer clientId=Fraud-Management-producer-1] Received METADATA response from node -1 for request with header RequestHeader(apiKey=METADATA, apiVersion=12, clientId=Fraud-Management-producer-1, correlationId=1, headerVersion=2): MetadataResponseData(throttleTimeMs=0, brokers=[MetadataResponseBroker(nodeId=0, host='192.168.1.15', port=9092, rack=null)], clusterId='9YJeH9LiQPabFK2-ohTFOA', controllerId=0, topics=[MetadataResponseTopic(errorCode=5, name='valid-transactions', topicId=AAAAAAAAAAAAAAAAAAAAAA, isInternal=false, partitions=[], topicAuthorizedOperations=-2147483648)], clusterAuthorizedOperations=-2147483648)
2026-05-21T19:38:09.595+05:30  WARN 1778 --- [Fraud-Management] [kafka-producer-network-thread | Fraud-Management-producer-1] org.apache.kafka.clients.NetworkClient   : [Producer clientId=Fraud-Management-producer-1] Error while fetching metadata with correlation id 1 : {valid-transactions=LEADER_NOT_AVAILABLE}
2026-05-21T19:38:09.595+05:30 DEBUG 1778 --- [Fraud-Management] [kafka-producer-network-thread | Fraud-Management-producer-1] org.apache.kafka.clients.Metadata        : [Producer clientId=Fraud-Management-producer-1] Requesting metadata update for topic valid-transactions due to error LEADER_NOT_AVAILABLE
2026-05-21T19:38:09.595+05:30  INFO 1778 --- [Fraud-Management] [kafka-producer-network-thread | Fraud-Management-producer-1] org.apache.kafka.clients.Metadata        : [Producer clientId=Fraud-Management-producer-1] Cluster ID: 9YJeH9LiQPabFK2-ohTFOA
2026-05-21T19:38:09.595+05:30 DEBUG 1778 --- [Fraud-Management] [kafka-producer-network-thread | Fraud-Management-producer-1] org.apache.kafka.clients.Metadata        : [Producer clientId=Fraud-Management-producer-1] Updated cluster metadata updateVersion 2 to MetadataCache{clusterId='9YJeH9LiQPabFK2-ohTFOA', nodes={0=192.168.1.15:9092 (id: 0 rack: null)}, partitions=[], controller=192.168.1.15:9092 (id: 0 rack: null)}
2026-05-21T19:38:09.595+05:30 DEBUG 1778 --- [Fraud-Management] [kafka-producer-network-thread | Fraud-Management-producer-1] org.apache.kafka.clients.NetworkClient   : [Producer clientId=Fraud-Management-producer-1] Received INIT_PRODUCER_ID response from node -1 for request with header RequestHeader(apiKey=INIT_PRODUCER_ID, apiVersion=4, clientId=Fraud-Management-producer-1, correlationId=2, headerVersion=2): InitProducerIdResponseData(throttleTimeMs=0, errorCode=0, producerId=0, producerEpoch=0)
2026-05-21T19:38:09.596+05:30  INFO 1778 --- [Fraud-Management] [kafka-producer-network-thread | Fraud-Management-producer-1] o.a.k.c.p.internals.TransactionManager   : [Producer clientId=Fraud-Management-producer-1] ProducerId set to 0 with epoch 0
2026-05-21T19:38:09.596+05:30 DEBUG 1778 --- [Fraud-Management] [kafka-producer-network-thread | Fraud-Management-producer-1] o.a.k.c.p.internals.TransactionManager   : [Producer clientId=Fraud-Management-producer-1] Transition from state INITIALIZING to READY
2026-05-21T19:38:09.623+05:30 DEBUG 1778 --- [Fraud-Management] [kafka-producer-network-thread | Fraud-Management-producer-1] o.a.k.clients.producer.internals.Sender  : [Producer clientId=Fraud-Management-producer-1] Sending transactional request InitProducerIdRequestData(transactionalId=null, transactionTimeoutMs=2147483647, producerId=-1, producerEpoch=-1) to node 192.168.1.15:9092 (id: 0 rack: null) with correlation ID 5
2026-05-21T19:38:09.628+05:30 DEBUG 1778 --- [Fraud-Management] [kafka-producer-network-thread | Fraud-Management-producer-1] org.apache.kafka.clients.NetworkClient   : [Producer clientId=Fraud-Management-producer-1] Sending INIT_PRODUCER_ID request with header RequestHeader(apiKey=INIT_PRODUCER_ID, apiVersion=4, clientId=Fraud-Management-producer-1, correlationId=5, headerVersion=2) and timeout 30000 to node 0: InitProducerIdRequestData(transactionalId=null, transactionTimeoutMs=2147483647, producerId=-1, producerEpoch=-1)
2026-05-21T19:38:09.629+05:30 DEBUG 1778 --- [Fraud-Management] [kafka-producer-network-thread | Fraud-Management-producer-1] org.apache.kafka.clients.NetworkClient   : [Producer clientId=Fraud-Management-producer-1] Received INIT_PRODUCER_ID response from node 0 for request with header RequestHeader(apiKey=INIT_PRODUCER_ID, apiVersion=4, clientId=Fraud-Management-producer-1, correlationId=5, headerVersion=2): InitProducerIdResponseData(throttleTimeMs=0, errorCode=0, producerId=1, producerEpoch=0)
2026-05-21T19:38:09.630+05:30  INFO 1778 --- [Fraud-Management] [kafka-producer-network-thread | Fraud-Management-producer-1] o.a.k.c.p.internals.TransactionManager   : [Producer clientId=Fraud-Management-producer-1] ProducerId set to 1 with epoch 0
2026-05-21T19:38:09.630+05:30 DEBUG 1778 --- [Fraud-Management] [kafka-producer-network-thread | Fraud-Management-producer-1] o.a.k.c.p.internals.TransactionManager   : [Producer clientId=Fraud-Management-producer-1] Transition from state INITIALIZING to READY
2026-05-21T19:38:09.634+05:30 DEBUG 1778 --- [Fraud-Management] [kafka-producer-network-thread | Fraud-Management-producer-1] o.a.k.c.p.internals.TransactionManager   : [Producer clientId=Fraud-Management-producer-1] ProducerId of partition notification-0 set to 1 with epoch 0. Reinitialize sequence at beginning.
2026-05-21T19:38:09.634+05:30 DEBUG 1778 --- [Fraud-Management] [kafka-producer-network-thread | Fraud-Management-producer-1] o.a.k.c.p.internals.RecordAccumulator    : [Producer clientId=Fraud-Management-producer-1] Assigned producerId 1 and producerEpoch 0 to batch with base sequence 0 being sent to partition notification-0
2026-05-21T19:38:09.642+05:30 DEBUG 1778 --- [Fraud-Management] [kafka-producer-network-thread | Fraud-Management-producer-1] org.apache.kafka.clients.NetworkClient   : [Producer clientId=Fraud-Management-producer-1] Sending PRODUCE request with header RequestHeader(apiKey=PRODUCE, apiVersion=10, clientId=Fraud-Management-producer-1, correlationId=6, headerVersion=2) and timeout 30000 to node 0: {acks=-1,timeout=30000,partitionSizes=[notification-0=140]}
2026-05-21T19:38:09.669+05:30 DEBUG 1778 --- [Fraud-Management] [kafka-producer-network-thread | Fraud-Management-producer-1] org.apache.kafka.clients.NetworkClient   : [Producer clientId=Fraud-Management-producer-1] Received PRODUCE response from node 0 for request with header RequestHeader(apiKey=PRODUCE, apiVersion=10, clientId=Fraud-Management-producer-1, correlationId=6, headerVersion=2): ProduceResponseData(responses=[TopicProduceResponse(name='notification', partitionResponses=[PartitionProduceResponse(index=0, errorCode=0, baseOffset=0, logAppendTimeMs=-1, logStartOffset=0, recordErrors=[], errorMessage=null, currentLeader=LeaderIdAndEpoch(leaderId=-1, leaderEpoch=-1))])], throttleTimeMs=0, nodeEndpoints=[])
2026-05-21T19:38:09.675+05:30 DEBUG 1778 --- [Fraud-Management] [kafka-producer-network-thread | Fraud-Management-producer-1] o.a.k.c.p.internals.TransactionManager   : [Producer clientId=Fraud-Management-producer-1] ProducerId: 1; Set last ack'd sequence number for topic-partition notification-0 to 0
2026-05-21T19:38:09.709+05:30 DEBUG 1778 --- [Fraud-Management] [kafka-producer-network-thread | Fraud-Management-producer-1] org.apache.kafka.clients.NetworkClient   : [Producer clientId=Fraud-Management-producer-1] Initialize connection to node 192.168.1.15:9092 (id: 0 rack: null) for sending metadata request
2026-05-21T19:38:09.709+05:30 DEBUG 1778 --- [Fraud-Management] [kafka-producer-network-thread | Fraud-Management-producer-1] org.apache.kafka.clients.ClientUtils     : Resolved host 192.168.1.15 as 192.168.1.15
2026-05-21T19:38:09.709+05:30 DEBUG 1778 --- [Fraud-Management] [kafka-producer-network-thread | Fraud-Management-producer-1] o.a.k.clients.ClusterConnectionStates    : [Producer clientId=Fraud-Management-producer-1] Resolved host 192.168.1.15 to addresses [/192.168.1.15]
2026-05-21T19:38:09.710+05:30 DEBUG 1778 --- [Fraud-Management] [kafka-producer-network-thread | Fraud-Management-producer-1] org.apache.kafka.clients.NetworkClient   : [Producer clientId=Fraud-Management-producer-1] Initiating connection to node 192.168.1.15:9092 (id: 0 rack: null) using address /192.168.1.15
2026-05-21T19:38:09.711+05:30 DEBUG 1778 --- [Fraud-Management] [kafka-producer-network-thread | Fraud-Management-producer-1] o.apache.kafka.common.network.Selector   : [Producer clientId=Fraud-Management-producer-1] Created socket with SO_RCVBUF = 310308, SO_SNDBUF = 146988, SO_TIMEOUT = 0 to node 0
2026-05-21T19:38:09.712+05:30 DEBUG 1778 --- [Fraud-Management] [kafka-producer-network-thread | Fraud-Management-producer-1] org.apache.kafka.clients.NetworkClient   : [Producer clientId=Fraud-Management-producer-1] Completed connection to node 0. Fetching API versions.
2026-05-21T19:38:09.712+05:30 DEBUG 1778 --- [Fraud-Management] [kafka-producer-network-thread | Fraud-Management-producer-1] org.apache.kafka.clients.NetworkClient   : [Producer clientId=Fraud-Management-producer-1] Initiating API versions fetch from node 0.
2026-05-21T19:38:09.712+05:30 DEBUG 1778 --- [Fraud-Management] [kafka-producer-network-thread | Fraud-Management-producer-1] org.apache.kafka.clients.NetworkClient   : [Producer clientId=Fraud-Management-producer-1] Sending API_VERSIONS request with header RequestHeader(apiKey=API_VERSIONS, apiVersion=3, clientId=Fraud-Management-producer-1, correlationId=4, headerVersion=2) and timeout 30000 to node 0: ApiVersionsRequestData(clientSoftwareName='apache-kafka-java', clientSoftwareVersion='3.7.0')
2026-05-21T19:38:09.714+05:30 DEBUG 1778 --- [Fraud-Management] [kafka-producer-network-thread | Fraud-Management-producer-1] org.apache.kafka.clients.NetworkClient   : [Producer clientId=Fraud-Management-producer-1] Received API_VERSIONS response from node 0 for request with header RequestHeader(apiKey=API_VERSIONS, apiVersion=3, clientId=Fraud-Management-producer-1, correlationId=4, headerVersion=2): ApiVersionsResponseData(errorCode=0, apiKeys=[ApiVersion(apiKey=0, minVersion=0, maxVersion=10), ApiVersion(apiKey=1, minVersion=0, maxVersion=16), ApiVersion(apiKey=2, minVersion=0, maxVersion=8), ApiVersion(apiKey=3, minVersion=0, maxVersion=12), ApiVersion(apiKey=4, minVersion=0, maxVersion=7), ApiVersion(apiKey=5, minVersion=0, maxVersion=4), ApiVersion(apiKey=6, minVersion=0, maxVersion=8), ApiVersion(apiKey=7, minVersion=0, maxVersion=3), ApiVersion(apiKey=8, minVersion=0, maxVersion=9), ApiVersion(apiKey=9, minVersion=0, maxVersion=9), ApiVersion(apiKey=10, minVersion=0, maxVersion=4), ApiVersion(apiKey=11, minVersion=0, maxVersion=9), ApiVersion(apiKey=12, minVersion=0, maxVersion=4), ApiVersion(apiKey=13, minVersion=0, maxVersion=5), ApiVersion(apiKey=14, minVersion=0, maxVersion=5), ApiVersion(apiKey=15, minVersion=0, maxVersion=5), ApiVersion(apiKey=16, minVersion=0, maxVersion=4), ApiVersion(apiKey=17, minVersion=0, maxVersion=1), ApiVersion(apiKey=18, minVersion=0, maxVersion=3), ApiVersion(apiKey=19, minVersion=0, maxVersion=7), ApiVersion(apiKey=20, minVersion=0, maxVersion=6), ApiVersion(apiKey=21, minVersion=0, maxVersion=2), ApiVersion(apiKey=22, minVersion=0, maxVersion=4), ApiVersion(apiKey=23, minVersion=0, maxVersion=4), ApiVersion(apiKey=24, minVersion=0, maxVersion=4), ApiVersion(apiKey=25, minVersion=0, maxVersion=3), ApiVersion(apiKey=26, minVersion=0, maxVersion=3), ApiVersion(apiKey=27, minVersion=0, maxVersion=1), ApiVersion(apiKey=28, minVersion=0, maxVersion=3), ApiVersion(apiKey=29, minVersion=0, maxVersion=3), ApiVersion(apiKey=30, minVersion=0, maxVersion=3), ApiVersion(apiKey=31, minVersion=0, maxVersion=3), ApiVersion(apiKey=32, minVersion=0, maxVersion=4), ApiVersion(apiKey=33, minVersion=0, maxVersion=2), ApiVersion(apiKey=34, minVersion=0, maxVersion=2), ApiVersion(apiKey=35, minVersion=0, maxVersion=4), ApiVersion(apiKey=36, minVersion=0, maxVersion=2), ApiVersion(apiKey=37, minVersion=0, maxVersion=3), ApiVersion(apiKey=38, minVersion=0, maxVersion=3), ApiVersion(apiKey=39, minVersion=0, maxVersion=2), ApiVersion(apiKey=40, minVersion=0, maxVersion=2), ApiVersion(apiKey=41, minVersion=0, maxVersion=3), ApiVersion(apiKey=42, minVersion=0, maxVersion=2), ApiVersion(apiKey=43, minVersion=0, maxVersion=2), ApiVersion(apiKey=44, minVersion=0, maxVersion=1), ApiVersion(apiKey=45, minVersion=0, maxVersion=0), ApiVersion(apiKey=46, minVersion=0, maxVersion=0), ApiVersion(apiKey=47, minVersion=0, maxVersion=0), ApiVersion(apiKey=48, minVersion=0, maxVersion=1), ApiVersion(apiKey=49, minVersion=0, maxVersion=1), ApiVersion(apiKey=50, minVersion=0, maxVersion=0), ApiVersion(apiKey=51, minVersion=0, maxVersion=0), ApiVersion(apiKey=56, minVersion=0, maxVersion=3), ApiVersion(apiKey=57, minVersion=0, maxVersion=1), ApiVersion(apiKey=58, minVersion=0, maxVersion=0), ApiVersion(apiKey=60, minVersion=0, maxVersion=1), ApiVersion(apiKey=61, minVersion=0, maxVersion=0), ApiVersion(apiKey=65, minVersion=0, maxVersion=0), ApiVersion(apiKey=66, minVersion=0, maxVersion=0), ApiVersion(apiKey=67, minVersion=0, maxVersion=0), ApiVersion(apiKey=68, minVersion=0, maxVersion=0)], throttleTimeMs=0, supportedFeatures=[], finalizedFeaturesEpoch=0, finalizedFeatures=[], zkMigrationReady=false)
2026-05-21T19:38:09.715+05:30 DEBUG 1778 --- [Fraud-Management] [kafka-producer-network-thread | Fraud-Management-producer-1] org.apache.kafka.clients.NetworkClient   : [Producer clientId=Fraud-Management-producer-1] Node 0 has finalized features epoch: 0, finalized features: [], supported features: [], ZK migration ready: false, API versions: (Produce(0): 0 to 10 [usable: 10], Fetch(1): 0 to 16 [usable: 16], ListOffsets(2): 0 to 8 [usable: 8], Metadata(3): 0 to 12 [usable: 12], LeaderAndIsr(4): 0 to 7 [usable: 7], StopReplica(5): 0 to 4 [usable: 4], UpdateMetadata(6): 0 to 8 [usable: 8], ControlledShutdown(7): 0 to 3 [usable: 3], OffsetCommit(8): 0 to 9 [usable: 9], OffsetFetch(9): 0 to 9 [usable: 9], FindCoordinator(10): 0 to 4 [usable: 4], JoinGroup(11): 0 to 9 [usable: 9], Heartbeat(12): 0 to 4 [usable: 4], LeaveGroup(13): 0 to 5 [usable: 5], SyncGroup(14): 0 to 5 [usable: 5], DescribeGroups(15): 0 to 5 [usable: 5], ListGroups(16): 0 to 4 [usable: 4], SaslHandshake(17): 0 to 1 [usable: 1], ApiVersions(18): 0 to 3 [usable: 3], CreateTopics(19): 0 to 7 [usable: 7], DeleteTopics(20): 0 to 6 [usable: 6], DeleteRecords(21): 0 to 2 [usable: 2], InitProducerId(22): 0 to 4 [usable: 4], OffsetForLeaderEpoch(23): 0 to 4 [usable: 4], AddPartitionsToTxn(24): 0 to 4 [usable: 4], AddOffsetsToTxn(25): 0 to 3 [usable: 3], EndTxn(26): 0 to 3 [usable: 3], WriteTxnMarkers(27): 0 to 1 [usable: 1], TxnOffsetCommit(28): 0 to 3 [usable: 3], DescribeAcls(29): 0 to 3 [usable: 3], CreateAcls(30): 0 to 3 [usable: 3], DeleteAcls(31): 0 to 3 [usable: 3], DescribeConfigs(32): 0 to 4 [usable: 4], AlterConfigs(33): 0 to 2 [usable: 2], AlterReplicaLogDirs(34): 0 to 2 [usable: 2], DescribeLogDirs(35): 0 to 4 [usable: 4], SaslAuthenticate(36): 0 to 2 [usable: 2], CreatePartitions(37): 0 to 3 [usable: 3], CreateDelegationToken(38): 0 to 3 [usable: 3], RenewDelegationToken(39): 0 to 2 [usable: 2], ExpireDelegationToken(40): 0 to 2 [usable: 2], DescribeDelegationToken(41): 0 to 3 [usable: 3], DeleteGroups(42): 0 to 2 [usable: 2], ElectLeaders(43): 0 to 2 [usable: 2], IncrementalAlterConfigs(44): 0 to 1 [usable: 1], AlterPartitionReassignments(45): 0 [usable: 0], ListPartitionReassignments(46): 0 [usable: 0], OffsetDelete(47): 0 [usable: 0], DescribeClientQuotas(48): 0 to 1 [usable: 1], AlterClientQuotas(49): 0 to 1 [usable: 1], DescribeUserScramCredentials(50): 0 [usable: 0], AlterUserScramCredentials(51): 0 [usable: 0], DescribeQuorum(55): UNSUPPORTED, AlterPartition(56): 0 to 3 [usable: 3], UpdateFeatures(57): 0 to 1 [usable: 1], Envelope(58): 0 [usable: 0], DescribeCluster(60): 0 to 1 [usable: 1], DescribeProducers(61): 0 [usable: 0], UnregisterBroker(64): UNSUPPORTED, DescribeTransactions(65): 0 [usable: 0], ListTransactions(66): 0 [usable: 0], AllocateProducerIds(67): 0 [usable: 0], ConsumerGroupHeartbeat(68): 0 [usable: 0], ConsumerGroupDescribe(69): UNSUPPORTED, GetTelemetrySubscriptions(71): UNSUPPORTED, PushTelemetry(72): UNSUPPORTED, ListClientMetricsResources(74): UNSUPPORTED).
2026-05-21T19:38:09.715+05:30 DEBUG 1778 --- [Fraud-Management] [kafka-producer-network-thread | Fraud-Management-producer-1] org.apache.kafka.clients.NetworkClient   : [Producer clientId=Fraud-Management-producer-1] Sending metadata request MetadataRequestData(topics=[MetadataRequestTopic(topicId=AAAAAAAAAAAAAAAAAAAAAA, name='valid-transactions')], allowAutoTopicCreation=true, includeClusterAuthorizedOperations=false, includeTopicAuthorizedOperations=false) to node 192.168.1.15:9092 (id: 0 rack: null)
2026-05-21T19:38:09.716+05:30 DEBUG 1778 --- [Fraud-Management] [kafka-producer-network-thread | Fraud-Management-producer-1] org.apache.kafka.clients.NetworkClient   : [Producer clientId=Fraud-Management-producer-1] Sending METADATA request with header RequestHeader(apiKey=METADATA, apiVersion=12, clientId=Fraud-Management-producer-1, correlationId=5, headerVersion=2) and timeout 30000 to node 0: MetadataRequestData(topics=[MetadataRequestTopic(topicId=AAAAAAAAAAAAAAAAAAAAAA, name='valid-transactions')], allowAutoTopicCreation=true, includeClusterAuthorizedOperations=false, includeTopicAuthorizedOperations=false)
2026-05-21T19:38:09.717+05:30 DEBUG 1778 --- [Fraud-Management] [kafka-producer-network-thread | Fraud-Management-producer-1] org.apache.kafka.clients.NetworkClient   : [Producer clientId=Fraud-Management-producer-1] Received METADATA response from node 0 for request with header RequestHeader(apiKey=METADATA, apiVersion=12, clientId=Fraud-Management-producer-1, correlationId=5, headerVersion=2): MetadataResponseData(throttleTimeMs=0, brokers=[MetadataResponseBroker(nodeId=0, host='192.168.1.15', port=9092, rack=null)], clusterId='9YJeH9LiQPabFK2-ohTFOA', controllerId=0, topics=[MetadataResponseTopic(errorCode=0, name='valid-transactions', topicId=v31IJ8L6TVuEw05Yu2NFTg, isInternal=false, partitions=[MetadataResponsePartition(errorCode=0, partitionIndex=0, leaderId=0, leaderEpoch=0, replicaNodes=[0], isrNodes=[0], offlineReplicas=[])], topicAuthorizedOperations=-2147483648)], clusterAuthorizedOperations=-2147483648)
2026-05-21T19:38:09.718+05:30 DEBUG 1778 --- [Fraud-Management] [kafka-producer-network-thread | Fraud-Management-producer-1] org.apache.kafka.clients.Metadata        : [Producer clientId=Fraud-Management-producer-1] Setting the last seen epoch of partition valid-transactions-0 to 0 since the last known epoch was undefined.
2026-05-21T19:38:09.718+05:30 DEBUG 1778 --- [Fraud-Management] [kafka-producer-network-thread | Fraud-Management-producer-1] org.apache.kafka.clients.Metadata        : [Producer clientId=Fraud-Management-producer-1] Updated cluster metadata updateVersion 3 to MetadataCache{clusterId='9YJeH9LiQPabFK2-ohTFOA', nodes={0=192.168.1.15:9092 (id: 0 rack: null)}, partitions=[PartitionMetadata(error=NONE, partition=valid-transactions-0, leader=Optional[0], leaderEpoch=Optional[0], replicas=0, isr=0, offlineReplicas=)], controller=192.168.1.15:9092 (id: 0 rack: null)}
2026-05-21T19:38:09.721+05:30  INFO 1778 --- [Fraud-Management] [http-nio-8082-exec-1] c.f.F.Kafka.TransactionProducer          : Transaction is VALID: a140628a-b561-443d-91f9-83ec735a1b8a
2026-05-21T19:38:09.721+05:30 DEBUG 1778 --- [Fraud-Management] [kafka-producer-network-thread | Fraud-Management-producer-1] o.a.k.c.p.internals.TransactionManager   : [Producer clientId=Fraud-Management-producer-1] ProducerId of partition valid-transactions-0 set to 0 with epoch 0. Reinitialize sequence at beginning.
2026-05-21T19:38:09.722+05:30 DEBUG 1778 --- [Fraud-Management] [kafka-producer-network-thread | Fraud-Management-producer-1] o.a.k.c.p.internals.RecordAccumulator    : [Producer clientId=Fraud-Management-producer-1] Assigned producerId 0 and producerEpoch 0 to batch with base sequence 0 being sent to partition valid-transactions-0
2026-05-21T19:38:09.723+05:30 DEBUG 1778 --- [Fraud-Management] [kafka-producer-network-thread | Fraud-Management-producer-1] org.apache.kafka.clients.NetworkClient   : [Producer clientId=Fraud-Management-producer-1] Sending PRODUCE request with header RequestHeader(apiKey=PRODUCE, apiVersion=10, clientId=Fraud-Management-producer-1, correlationId=6, headerVersion=2) and timeout 30000 to node 0: {acks=-1,timeout=30000,partitionSizes=[valid-transactions-0=349]}
2026-05-21T19:38:09.729+05:30 DEBUG 1778 --- [Fraud-Management] [kafka-producer-network-thread | Fraud-Management-producer-1] org.apache.kafka.clients.NetworkClient   : [Producer clientId=Fraud-Management-producer-1] Received PRODUCE response from node 0 for request with header RequestHeader(apiKey=PRODUCE, apiVersion=10, clientId=Fraud-Management-producer-1, correlationId=6, headerVersion=2): ProduceResponseData(responses=[TopicProduceResponse(name='valid-transactions', partitionResponses=[PartitionProduceResponse(index=0, errorCode=0, baseOffset=0, logAppendTimeMs=-1, logStartOffset=0, recordErrors=[], errorMessage=null, currentLeader=LeaderIdAndEpoch(leaderId=-1, leaderEpoch=-1))])], throttleTimeMs=0, nodeEndpoints=[])
2026-05-21T19:38:09.729+05:30 DEBUG 1778 --- [Fraud-Management] [kafka-producer-network-thread | Fraud-Management-producer-1] o.a.k.c.p.internals.TransactionManager   : [Producer clientId=Fraud-Management-producer-1] ProducerId: 0; Set last ack'd sequence number for topic-partition valid-transactions-0 to 0
2026-05-21T19:39:18.338+05:30  INFO 1778 --- [Fraud-Management] [AsyncResolver-bootstrap-executor-%d] c.n.d.s.r.aws.ConfigClusterResolver      : Resolving eureka endpoints via configuration
2026-05-21T19:42:51.386+05:30  INFO 1778 --- [Fraud-Management] [http-nio-8082-exec-3] c.f.F.Kafka.TransactionProducer          : Processing transaction: com.fraud_detection.Fraud_Management.DTO.TransactionDTO@2372a16d
2026-05-21T19:42:51.831+05:30  INFO 1778 --- [Fraud-Management] [http-nio-8082-exec-3] c.f.F.Kafka.TransactionProducer          : Notification sent for transaction ID: 96cb38d1-9b6c-422f-b147-db2fa9921d3f
2026-05-21T19:42:51.832+05:30  INFO 1778 --- [Fraud-Management] [http-nio-8082-exec-3] c.f.F.Kafka.TransactionProducer          : Transaction evaluation result: VALID
2026-05-21T19:42:51.832+05:30 DEBUG 1778 --- [Fraud-Management] [kafka-producer-network-thread | Fraud-Management-producer-1] o.a.k.c.p.internals.RecordAccumulator    : [Producer clientId=Fraud-Management-producer-1] Assigned producerId 1 and producerEpoch 0 to batch with base sequence 1 being sent to partition notification-0
2026-05-21T19:42:51.832+05:30  INFO 1778 --- [Fraud-Management] [http-nio-8082-exec-3] c.f.F.Kafka.TransactionProducer          : Transaction is VALID: 96cb38d1-9b6c-422f-b147-db2fa9921d3f
2026-05-21T19:42:51.833+05:30 DEBUG 1778 --- [Fraud-Management] [kafka-producer-network-thread | Fraud-Management-producer-1] o.a.k.c.p.internals.RecordAccumulator    : [Producer clientId=Fraud-Management-producer-1] Assigned producerId 0 and producerEpoch 0 to batch with base sequence 1 being sent to partition valid-transactions-0
2026-05-21T19:42:51.836+05:30 DEBUG 1778 --- [Fraud-Management] [kafka-producer-network-thread | Fraud-Management-producer-1] org.apache.kafka.clients.NetworkClient   : [Producer clientId=Fraud-Management-producer-1] Sending PRODUCE request with header RequestHeader(apiKey=PRODUCE, apiVersion=10, clientId=Fraud-Management-producer-1, correlationId=7, headerVersion=2) and timeout 30000 to node 0: {acks=-1,timeout=30000,partitionSizes=[valid-transactions-0=349]}
2026-05-21T19:42:51.836+05:30 DEBUG 1778 --- [Fraud-Management] [kafka-producer-network-thread | Fraud-Management-producer-1] org.apache.kafka.clients.NetworkClient   : [Producer clientId=Fraud-Management-producer-1] Sending PRODUCE request with header RequestHeader(apiKey=PRODUCE, apiVersion=10, clientId=Fraud-Management-producer-1, correlationId=7, headerVersion=2) and timeout 30000 to node 0: {acks=-1,timeout=30000,partitionSizes=[notification-0=140]}
2026-05-21T19:42:51.859+05:30 DEBUG 1778 --- [Fraud-Management] [kafka-producer-network-thread | Fraud-Management-producer-1] org.apache.kafka.clients.NetworkClient   : [Producer clientId=Fraud-Management-producer-1] Received PRODUCE response from node 0 for request with header RequestHeader(apiKey=PRODUCE, apiVersion=10, clientId=Fraud-Management-producer-1, correlationId=7, headerVersion=2): ProduceResponseData(responses=[TopicProduceResponse(name='notification', partitionResponses=[PartitionProduceResponse(index=0, errorCode=0, baseOffset=1, logAppendTimeMs=-1, logStartOffset=0, recordErrors=[], errorMessage=null, currentLeader=LeaderIdAndEpoch(leaderId=-1, leaderEpoch=-1))])], throttleTimeMs=0, nodeEndpoints=[])
2026-05-21T19:42:51.859+05:30 DEBUG 1778 --- [Fraud-Management] [kafka-producer-network-thread | Fraud-Management-producer-1] org.apache.kafka.clients.NetworkClient   : [Producer clientId=Fraud-Management-producer-1] Received PRODUCE response from node 0 for request with header RequestHeader(apiKey=PRODUCE, apiVersion=10, clientId=Fraud-Management-producer-1, correlationId=7, headerVersion=2): ProduceResponseData(responses=[TopicProduceResponse(name='valid-transactions', partitionResponses=[PartitionProduceResponse(index=0, errorCode=0, baseOffset=1, logAppendTimeMs=-1, logStartOffset=0, recordErrors=[], errorMessage=null, currentLeader=LeaderIdAndEpoch(leaderId=-1, leaderEpoch=-1))])], throttleTimeMs=0, nodeEndpoints=[])
2026-05-21T19:42:51.859+05:30 DEBUG 1778 --- [Fraud-Management] [kafka-producer-network-thread | Fraud-Management-producer-1] o.a.k.c.p.internals.TransactionManager   : [Producer clientId=Fraud-Management-producer-1] ProducerId: 1; Set last ack'd sequence number for topic-partition notification-0 to 1
2026-05-21T19:42:51.860+05:30 DEBUG 1778 --- [Fraud-Management] [kafka-producer-network-thread | Fraud-Management-producer-1] o.a.k.c.p.internals.TransactionManager   : [Producer clientId=Fraud-Management-producer-1] ProducerId: 0; Set last ack'd sequence number for topic-partition valid-transactions-0 to 1
2026-05-21T19:43:09.472+05:30 DEBUG 1778 --- [Fraud-Management] [kafka-producer-network-thread | Fraud-Management-producer-1] o.a.k.c.t.i.ClientTelemetryReporter      : Creating telemetry subscription request with client instance id AAAAAAAAAAAAAAAAAAAAAA
2026-05-21T19:43:09.475+05:30 DEBUG 1778 --- [Fraud-Management] [kafka-producer-network-thread | Fraud-Management-producer-1] o.a.k.c.t.i.ClientTelemetryReporter      : Setting telemetry state from SUBSCRIPTION_NEEDED to SUBSCRIPTION_IN_PROGRESS
2026-05-21T19:43:09.476+05:30 DEBUG 1778 --- [Fraud-Management] [kafka-producer-network-thread | Fraud-Management-producer-1] org.apache.kafka.clients.NetworkClient   : [Producer clientId=Fraud-Management-producer-1] Version mismatch when attempting to send GetTelemetrySubscriptionsRequestData(clientInstanceId=AAAAAAAAAAAAAAAAAAAAAA) with correlation id 8 to -1

org.apache.kafka.common.errors.UnsupportedVersionException: The node does not support GET_TELEMETRY_SUBSCRIPTIONS

2026-05-21T19:43:09.479+05:30 DEBUG 1778 --- [Fraud-Management] [kafka-producer-network-thread | Fraud-Management-producer-1] o.a.k.c.t.i.ClientTelemetryReporter      : The broker generated an error for the get telemetry network API request

org.apache.kafka.common.errors.UnsupportedVersionException: The node does not support GET_TELEMETRY_SUBSCRIPTIONS

2026-05-21T19:43:09.479+05:30 DEBUG 1778 --- [Fraud-Management] [kafka-producer-network-thread | Fraud-Management-producer-1] o.a.k.c.t.i.ClientTelemetryReporter      : Updating intervalMs: 300000, lastRequestMs: 1779372789479
2026-05-21T19:43:09.480+05:30 DEBUG 1778 --- [Fraud-Management] [kafka-producer-network-thread | Fraud-Management-producer-1] o.a.k.c.t.i.ClientTelemetryReporter      : Setting telemetry state from SUBSCRIPTION_IN_PROGRESS to SUBSCRIPTION_NEEDED
2026-05-21T19:43:09.486+05:30 DEBUG 1778 --- [Fraud-Management] [kafka-producer-network-thread | Fraud-Management-producer-1] org.apache.kafka.clients.NetworkClient   : [Producer clientId=Fraud-Management-producer-1] Sending metadata request MetadataRequestData(topics=[MetadataRequestTopic(topicId=AAAAAAAAAAAAAAAAAAAAAA, name='notification')], allowAutoTopicCreation=true, includeClusterAuthorizedOperations=false, includeTopicAuthorizedOperations=false) to node 192.168.1.15:9092 (id: 0 rack: null)
2026-05-21T19:43:09.487+05:30 DEBUG 1778 --- [Fraud-Management] [kafka-producer-network-thread | Fraud-Management-producer-1] org.apache.kafka.clients.NetworkClient   : [Producer clientId=Fraud-Management-producer-1] Sending METADATA request with header RequestHeader(apiKey=METADATA, apiVersion=12, clientId=Fraud-Management-producer-1, correlationId=9, headerVersion=2) and timeout 30000 to node 0: MetadataRequestData(topics=[MetadataRequestTopic(topicId=AAAAAAAAAAAAAAAAAAAAAA, name='notification')], allowAutoTopicCreation=true, includeClusterAuthorizedOperations=false, includeTopicAuthorizedOperations=false)
2026-05-21T19:43:09.491+05:30 DEBUG 1778 --- [Fraud-Management] [kafka-producer-network-thread | Fraud-Management-producer-1] org.apache.kafka.clients.NetworkClient   : [Producer clientId=Fraud-Management-producer-1] Received METADATA response from node 0 for request with header RequestHeader(apiKey=METADATA, apiVersion=12, clientId=Fraud-Management-producer-1, correlationId=9, headerVersion=2): MetadataResponseData(throttleTimeMs=0, brokers=[MetadataResponseBroker(nodeId=0, host='192.168.1.15', port=9092, rack=null)], clusterId='9YJeH9LiQPabFK2-ohTFOA', controllerId=0, topics=[MetadataResponseTopic(errorCode=0, name='notification', topicId=DyxN5cIIS-KuhaJQv1O9gw, isInternal=false, partitions=[MetadataResponsePartition(errorCode=0, partitionIndex=0, leaderId=0, leaderEpoch=0, replicaNodes=[0], isrNodes=[0], offlineReplicas=[])], topicAuthorizedOperations=-2147483648)], clusterAuthorizedOperations=-2147483648)
2026-05-21T19:43:09.492+05:30 DEBUG 1778 --- [Fraud-Management] [kafka-producer-network-thread | Fraud-Management-producer-1] org.apache.kafka.clients.Metadata        : [Producer clientId=Fraud-Management-producer-1] Updating last seen epoch for partition notification-0 from 0 to epoch 0 from new metadata
2026-05-21T19:43:09.493+05:30 DEBUG 1778 --- [Fraud-Management] [kafka-producer-network-thread | Fraud-Management-producer-1] org.apache.kafka.clients.Metadata        : [Producer clientId=Fraud-Management-producer-1] Updated cluster metadata updateVersion 3 to MetadataCache{clusterId='9YJeH9LiQPabFK2-ohTFOA', nodes={0=192.168.1.15:9092 (id: 0 rack: null)}, partitions=[PartitionMetadata(error=NONE, partition=notification-0, leader=Optional[0], leaderEpoch=Optional[0], replicas=0, isr=0, offlineReplicas=)], controller=192.168.1.15:9092 (id: 0 rack: null)}
2026-05-21T19:43:09.519+05:30 DEBUG 1778 --- [Fraud-Management] [kafka-producer-network-thread | Fraud-Management-producer-1] o.a.k.c.t.i.ClientTelemetryReporter      : Creating telemetry subscription request with client instance id AAAAAAAAAAAAAAAAAAAAAA
2026-05-21T19:43:09.519+05:30 DEBUG 1778 --- [Fraud-Management] [kafka-producer-network-thread | Fraud-Management-producer-1] o.a.k.c.t.i.ClientTelemetryReporter      : Setting telemetry state from SUBSCRIPTION_NEEDED to SUBSCRIPTION_IN_PROGRESS
2026-05-21T19:43:09.520+05:30 DEBUG 1778 --- [Fraud-Management] [kafka-producer-network-thread | Fraud-Management-producer-1] org.apache.kafka.clients.NetworkClient   : [Producer clientId=Fraud-Management-producer-1] Version mismatch when attempting to send GetTelemetrySubscriptionsRequestData(clientInstanceId=AAAAAAAAAAAAAAAAAAAAAA) with correlation id 8 to -1

org.apache.kafka.common.errors.UnsupportedVersionException: The node does not support GET_TELEMETRY_SUBSCRIPTIONS

2026-05-21T19:43:09.521+05:30 DEBUG 1778 --- [Fraud-Management] [kafka-producer-network-thread | Fraud-Management-producer-1] o.a.k.c.t.i.ClientTelemetryReporter      : The broker generated an error for the get telemetry network API request

org.apache.kafka.common.errors.UnsupportedVersionException: The node does not support GET_TELEMETRY_SUBSCRIPTIONS

2026-05-21T19:43:09.521+05:30 DEBUG 1778 --- [Fraud-Management] [kafka-producer-network-thread | Fraud-Management-producer-1] o.a.k.c.t.i.ClientTelemetryReporter      : Updating intervalMs: 300000, lastRequestMs: 1779372789521
2026-05-21T19:43:09.521+05:30 DEBUG 1778 --- [Fraud-Management] [kafka-producer-network-thread | Fraud-Management-producer-1] o.a.k.c.t.i.ClientTelemetryReporter      : Setting telemetry state from SUBSCRIPTION_IN_PROGRESS to SUBSCRIPTION_NEEDED
2026-05-21T19:43:09.721+05:30 DEBUG 1778 --- [Fraud-Management] [kafka-producer-network-thread | Fraud-Management-producer-1] org.apache.kafka.clients.NetworkClient   : [Producer clientId=Fraud-Management-producer-1] Sending metadata request MetadataRequestData(topics=[MetadataRequestTopic(topicId=AAAAAAAAAAAAAAAAAAAAAA, name='valid-transactions')], allowAutoTopicCreation=true, includeClusterAuthorizedOperations=false, includeTopicAuthorizedOperations=false) to node 192.168.1.15:9092 (id: 0 rack: null)
2026-05-21T19:43:09.721+05:30 DEBUG 1778 --- [Fraud-Management] [kafka-producer-network-thread | Fraud-Management-producer-1] org.apache.kafka.clients.NetworkClient   : [Producer clientId=Fraud-Management-producer-1] Sending METADATA request with header RequestHeader(apiKey=METADATA, apiVersion=12, clientId=Fraud-Management-producer-1, correlationId=9, headerVersion=2) and timeout 30000 to node 0: MetadataRequestData(topics=[MetadataRequestTopic(topicId=AAAAAAAAAAAAAAAAAAAAAA, name='valid-transactions')], allowAutoTopicCreation=true, includeClusterAuthorizedOperations=false, includeTopicAuthorizedOperations=false)
2026-05-21T19:43:09.723+05:30 DEBUG 1778 --- [Fraud-Management] [kafka-producer-network-thread | Fraud-Management-producer-1] org.apache.kafka.clients.NetworkClient   : [Producer clientId=Fraud-Management-producer-1] Received METADATA response from node 0 for request with header RequestHeader(apiKey=METADATA, apiVersion=12, clientId=Fraud-Management-producer-1, correlationId=9, headerVersion=2): MetadataResponseData(throttleTimeMs=0, brokers=[MetadataResponseBroker(nodeId=0, host='192.168.1.15', port=9092, rack=null)], clusterId='9YJeH9LiQPabFK2-ohTFOA', controllerId=0, topics=[MetadataResponseTopic(errorCode=0, name='valid-transactions', topicId=v31IJ8L6TVuEw05Yu2NFTg, isInternal=false, partitions=[MetadataResponsePartition(errorCode=0, partitionIndex=0, leaderId=0, leaderEpoch=0, replicaNodes=[0], isrNodes=[0], offlineReplicas=[])], topicAuthorizedOperations=-2147483648)], clusterAuthorizedOperations=-2147483648)
2026-05-21T19:43:09.723+05:30 DEBUG 1778 --- [Fraud-Management] [kafka-producer-network-thread | Fraud-Management-producer-1] org.apache.kafka.clients.Metadata        : [Producer clientId=Fraud-Management-producer-1] Updating last seen epoch for partition valid-transactions-0 from 0 to epoch 0 from new metadata
2026-05-21T19:43:09.723+05:30 DEBUG 1778 --- [Fraud-Management] [kafka-producer-network-thread | Fraud-Management-producer-1] org.apache.kafka.clients.Metadata        : [Producer clientId=Fraud-Management-producer-1] Updated cluster metadata updateVersion 4 to MetadataCache{clusterId='9YJeH9LiQPabFK2-ohTFOA', nodes={0=192.168.1.15:9092 (id: 0 rack: null)}, partitions=[PartitionMetadata(error=NONE, partition=valid-transactions-0, leader=Optional[0], leaderEpoch=Optional[0], replicas=0, isr=0, offlineReplicas=)], controller=192.168.1.15:9092 (id: 0 rack: null)}
2026-05-21T19:44:18.343+05:30  INFO 1778 --- [Fraud-Management] [AsyncResolver-bootstrap-executor-%d] c.n.d.s.r.aws.ConfigClusterResolver      : Resolving eureka endpoints via configuration
2026-05-21T19:46:49.428+05:30  INFO 1778 --- [Fraud-Management] [http-nio-8082-exec-5] c.f.F.Kafka.TransactionProducer          : Processing transaction: com.fraud_detection.Fraud_Management.DTO.TransactionDTO@7c955b04
2026-05-21T19:46:49.622+05:30  INFO 1778 --- [Fraud-Management] [http-nio-8082-exec-5] c.f.F.Kafka.TransactionProducer          : Notification sent for transaction ID: 3624f7f5-08f4-442f-8c7f-86fe1720e128
2026-05-21T19:46:49.622+05:30  INFO 1778 --- [Fraud-Management] [http-nio-8082-exec-5] c.f.F.Kafka.TransactionProducer          : Transaction evaluation result: FRAUD
2026-05-21T19:46:49.622+05:30 DEBUG 1778 --- [Fraud-Management] [kafka-producer-network-thread | Fraud-Management-producer-1] o.a.k.c.p.internals.RecordAccumulator    : [Producer clientId=Fraud-Management-producer-1] Assigned producerId 1 and producerEpoch 0 to batch with base sequence 2 being sent to partition notification-0
2026-05-21T19:46:49.623+05:30 DEBUG 1778 --- [Fraud-Management] [kafka-producer-network-thread | Fraud-Management-producer-1] org.apache.kafka.clients.NetworkClient   : [Producer clientId=Fraud-Management-producer-1] Sending metadata request MetadataRequestData(topics=[MetadataRequestTopic(topicId=AAAAAAAAAAAAAAAAAAAAAA, name='rollback-transactions')], allowAutoTopicCreation=true, includeClusterAuthorizedOperations=false, includeTopicAuthorizedOperations=false) to node 192.168.1.15:9092 (id: 0 rack: null)
2026-05-21T19:46:49.623+05:30 DEBUG 1778 --- [Fraud-Management] [kafka-producer-network-thread | Fraud-Management-producer-1] org.apache.kafka.clients.NetworkClient   : [Producer clientId=Fraud-Management-producer-1] Sending PRODUCE request with header RequestHeader(apiKey=PRODUCE, apiVersion=10, clientId=Fraud-Management-producer-1, correlationId=10, headerVersion=2) and timeout 30000 to node 0: {acks=-1,timeout=30000,partitionSizes=[notification-0=140]}
2026-05-21T19:46:49.623+05:30 DEBUG 1778 --- [Fraud-Management] [kafka-producer-network-thread | Fraud-Management-producer-1] org.apache.kafka.clients.NetworkClient   : [Producer clientId=Fraud-Management-producer-1] Sending METADATA request with header RequestHeader(apiKey=METADATA, apiVersion=12, clientId=Fraud-Management-producer-1, correlationId=10, headerVersion=2) and timeout 30000 to node 0: MetadataRequestData(topics=[MetadataRequestTopic(topicId=AAAAAAAAAAAAAAAAAAAAAA, name='rollback-transactions')], allowAutoTopicCreation=true, includeClusterAuthorizedOperations=false, includeTopicAuthorizedOperations=false)
2026-05-21T19:46:49.629+05:30 DEBUG 1778 --- [Fraud-Management] [kafka-producer-network-thread | Fraud-Management-producer-1] org.apache.kafka.clients.NetworkClient   : [Producer clientId=Fraud-Management-producer-1] Received PRODUCE response from node 0 for request with header RequestHeader(apiKey=PRODUCE, apiVersion=10, clientId=Fraud-Management-producer-1, correlationId=10, headerVersion=2): ProduceResponseData(responses=[TopicProduceResponse(name='notification', partitionResponses=[PartitionProduceResponse(index=0, errorCode=0, baseOffset=2, logAppendTimeMs=-1, logStartOffset=0, recordErrors=[], errorMessage=null, currentLeader=LeaderIdAndEpoch(leaderId=-1, leaderEpoch=-1))])], throttleTimeMs=0, nodeEndpoints=[])
2026-05-21T19:46:49.629+05:30 DEBUG 1778 --- [Fraud-Management] [kafka-producer-network-thread | Fraud-Management-producer-1] o.a.k.c.p.internals.TransactionManager   : [Producer clientId=Fraud-Management-producer-1] ProducerId: 1; Set last ack'd sequence number for topic-partition notification-0 to 2
2026-05-21T19:46:49.671+05:30 DEBUG 1778 --- [Fraud-Management] [kafka-producer-network-thread | Fraud-Management-producer-1] org.apache.kafka.clients.NetworkClient   : [Producer clientId=Fraud-Management-producer-1] Received METADATA response from node 0 for request with header RequestHeader(apiKey=METADATA, apiVersion=12, clientId=Fraud-Management-producer-1, correlationId=10, headerVersion=2): MetadataResponseData(throttleTimeMs=0, brokers=[MetadataResponseBroker(nodeId=0, host='192.168.1.15', port=9092, rack=null)], clusterId='9YJeH9LiQPabFK2-ohTFOA', controllerId=0, topics=[MetadataResponseTopic(errorCode=5, name='rollback-transactions', topicId=AAAAAAAAAAAAAAAAAAAAAA, isInternal=false, partitions=[], topicAuthorizedOperations=-2147483648)], clusterAuthorizedOperations=-2147483648)
2026-05-21T19:46:49.671+05:30  WARN 1778 --- [Fraud-Management] [kafka-producer-network-thread | Fraud-Management-producer-1] org.apache.kafka.clients.NetworkClient   : [Producer clientId=Fraud-Management-producer-1] Error while fetching metadata with correlation id 10 : {rollback-transactions=LEADER_NOT_AVAILABLE}
2026-05-21T19:46:49.671+05:30 DEBUG 1778 --- [Fraud-Management] [kafka-producer-network-thread | Fraud-Management-producer-1] org.apache.kafka.clients.Metadata        : [Producer clientId=Fraud-Management-producer-1] Requesting metadata update for topic rollback-transactions due to error LEADER_NOT_AVAILABLE
2026-05-21T19:46:49.694+05:30 DEBUG 1778 --- [Fraud-Management] [kafka-producer-network-thread | Fraud-Management-producer-1] org.apache.kafka.clients.Metadata        : [Producer clientId=Fraud-Management-producer-1] Updated cluster metadata updateVersion 5 to MetadataCache{clusterId='9YJeH9LiQPabFK2-ohTFOA', nodes={0=192.168.1.15:9092 (id: 0 rack: null)}, partitions=[PartitionMetadata(error=NONE, partition=valid-transactions-0, leader=Optional[0], leaderEpoch=Optional[0], replicas=0, isr=0, offlineReplicas=)], controller=192.168.1.15:9092 (id: 0 rack: null)}
2026-05-21T19:46:49.787+05:30 DEBUG 1778 --- [Fraud-Management] [kafka-producer-network-thread | Fraud-Management-producer-1] org.apache.kafka.clients.NetworkClient   : [Producer clientId=Fraud-Management-producer-1] Sending metadata request MetadataRequestData(topics=[MetadataRequestTopic(topicId=AAAAAAAAAAAAAAAAAAAAAA, name='valid-transactions'), MetadataRequestTopic(topicId=AAAAAAAAAAAAAAAAAAAAAA, name='rollback-transactions')], allowAutoTopicCreation=true, includeClusterAuthorizedOperations=false, includeTopicAuthorizedOperations=false) to node 192.168.1.15:9092 (id: 0 rack: null)
2026-05-21T19:46:49.788+05:30 DEBUG 1778 --- [Fraud-Management] [kafka-producer-network-thread | Fraud-Management-producer-1] org.apache.kafka.clients.NetworkClient   : [Producer clientId=Fraud-Management-producer-1] Sending METADATA request with header RequestHeader(apiKey=METADATA, apiVersion=12, clientId=Fraud-Management-producer-1, correlationId=11, headerVersion=2) and timeout 30000 to node 0: MetadataRequestData(topics=[MetadataRequestTopic(topicId=AAAAAAAAAAAAAAAAAAAAAA, name='valid-transactions'), MetadataRequestTopic(topicId=AAAAAAAAAAAAAAAAAAAAAA, name='rollback-transactions')], allowAutoTopicCreation=true, includeClusterAuthorizedOperations=false, includeTopicAuthorizedOperations=false)
2026-05-21T19:46:49.790+05:30 DEBUG 1778 --- [Fraud-Management] [kafka-producer-network-thread | Fraud-Management-producer-1] org.apache.kafka.clients.NetworkClient   : [Producer clientId=Fraud-Management-producer-1] Received METADATA response from node 0 for request with header RequestHeader(apiKey=METADATA, apiVersion=12, clientId=Fraud-Management-producer-1, correlationId=11, headerVersion=2): MetadataResponseData(throttleTimeMs=0, brokers=[MetadataResponseBroker(nodeId=0, host='192.168.1.15', port=9092, rack=null)], clusterId='9YJeH9LiQPabFK2-ohTFOA', controllerId=0, topics=[MetadataResponseTopic(errorCode=0, name='valid-transactions', topicId=v31IJ8L6TVuEw05Yu2NFTg, isInternal=false, partitions=[MetadataResponsePartition(errorCode=0, partitionIndex=0, leaderId=0, leaderEpoch=0, replicaNodes=[0], isrNodes=[0], offlineReplicas=[])], topicAuthorizedOperations=-2147483648), MetadataResponseTopic(errorCode=0, name='rollback-transactions', topicId=l5_XOGu1T0C1Ywef7hcyoA, isInternal=false, partitions=[MetadataResponsePartition(errorCode=0, partitionIndex=0, leaderId=0, leaderEpoch=0, replicaNodes=[0], isrNodes=[0], offlineReplicas=[])], topicAuthorizedOperations=-2147483648)], clusterAuthorizedOperations=-2147483648)
2026-05-21T19:46:49.790+05:30 DEBUG 1778 --- [Fraud-Management] [kafka-producer-network-thread | Fraud-Management-producer-1] org.apache.kafka.clients.Metadata        : [Producer clientId=Fraud-Management-producer-1] Updating last seen epoch for partition valid-transactions-0 from 0 to epoch 0 from new metadata
2026-05-21T19:46:49.790+05:30 DEBUG 1778 --- [Fraud-Management] [kafka-producer-network-thread | Fraud-Management-producer-1] org.apache.kafka.clients.Metadata        : [Producer clientId=Fraud-Management-producer-1] Setting the last seen epoch of partition rollback-transactions-0 to 0 since the last known epoch was undefined.
2026-05-21T19:46:49.791+05:30 DEBUG 1778 --- [Fraud-Management] [kafka-producer-network-thread | Fraud-Management-producer-1] org.apache.kafka.clients.Metadata        : [Producer clientId=Fraud-Management-producer-1] Updated cluster metadata updateVersion 6 to MetadataCache{clusterId='9YJeH9LiQPabFK2-ohTFOA', nodes={0=192.168.1.15:9092 (id: 0 rack: null)}, partitions=[PartitionMetadata(error=NONE, partition=valid-transactions-0, leader=Optional[0], leaderEpoch=Optional[0], replicas=0, isr=0, offlineReplicas=), PartitionMetadata(error=NONE, partition=rollback-transactions-0, leader=Optional[0], leaderEpoch=Optional[0], replicas=0, isr=0, offlineReplicas=)], controller=192.168.1.15:9092 (id: 0 rack: null)}
2026-05-21T19:46:49.792+05:30 DEBUG 1778 --- [Fraud-Management] [kafka-producer-network-thread | Fraud-Management-producer-1] o.a.k.c.p.internals.TransactionManager   : [Producer clientId=Fraud-Management-producer-1] ProducerId of partition rollback-transactions-0 set to 0 with epoch 0. Reinitialize sequence at beginning.
2026-05-21T19:46:49.792+05:30 DEBUG 1778 --- [Fraud-Management] [kafka-producer-network-thread | Fraud-Management-producer-1] o.a.k.c.p.internals.RecordAccumulator    : [Producer clientId=Fraud-Management-producer-1] Assigned producerId 0 and producerEpoch 0 to batch with base sequence 0 being sent to partition rollback-transactions-0
2026-05-21T19:46:49.798+05:30 DEBUG 1778 --- [Fraud-Management] [kafka-producer-network-thread | Fraud-Management-producer-1] org.apache.kafka.clients.NetworkClient   : [Producer clientId=Fraud-Management-producer-1] Sending PRODUCE request with header RequestHeader(apiKey=PRODUCE, apiVersion=10, clientId=Fraud-Management-producer-1, correlationId=12, headerVersion=2) and timeout 30000 to node 0: {acks=-1,timeout=30000,partitionSizes=[rollback-transactions-0=354]}
2026-05-21T19:46:49.798+05:30  INFO 1778 --- [Fraud-Management] [http-nio-8082-exec-5] o.a.k.clients.producer.ProducerConfig    : ProducerConfig values: 
	acks = -1
	auto.include.jmx.reporter = true
	batch.size = 16384
	bootstrap.servers = [localhost:9092]
	buffer.memory = 33554432
	client.dns.lookup = use_all_dns_ips
	client.id = Fraud-Management-producer-1
	compression.type = none
	connections.max.idle.ms = 540000
	delivery.timeout.ms = 120000
	enable.idempotence = true
	enable.metrics.push = true
	interceptor.classes = []
	key.serializer = class org.apache.kafka.common.serialization.StringSerializer
	linger.ms = 0
	max.block.ms = 60000
	max.in.flight.requests.per.connection = 5
	max.request.size = 1048576
	metadata.max.age.ms = 300000
	metadata.max.idle.ms = 300000
	metric.reporters = []
	metrics.num.samples = 2
	metrics.recording.level = INFO
	metrics.sample.window.ms = 30000
	partitioner.adaptive.partitioning.enable = true
	partitioner.availability.timeout.ms = 0
	partitioner.class = null
	partitioner.ignore.keys = false
	receive.buffer.bytes = 32768
	reconnect.backoff.max.ms = 1000
	reconnect.backoff.ms = 50
	request.timeout.ms = 30000
	retries = 2147483647
	retry.backoff.max.ms = 1000
	retry.backoff.ms = 100
	sasl.client.callback.handler.class = null
	sasl.jaas.config = null
	sasl.kerberos.kinit.cmd = /usr/bin/kinit
	sasl.kerberos.min.time.before.relogin = 60000
	sasl.kerberos.service.name = null
	sasl.kerberos.ticket.renew.jitter = 0.05
	sasl.kerberos.ticket.renew.window.factor = 0.8
	sasl.login.callback.handler.class = null
	sasl.login.class = null
	sasl.login.connect.timeout.ms = null
	sasl.login.read.timeout.ms = null
	sasl.login.refresh.buffer.seconds = 300
	sasl.login.refresh.min.period.seconds = 60
	sasl.login.refresh.window.factor = 0.8
	sasl.login.refresh.window.jitter = 0.05
	sasl.login.retry.backoff.max.ms = 10000
	sasl.login.retry.backoff.ms = 100
	sasl.mechanism = GSSAPI
	sasl.oauthbearer.clock.skew.seconds = 30
	sasl.oauthbearer.expected.audience = null
	sasl.oauthbearer.expected.issuer = null
	sasl.oauthbearer.jwks.endpoint.refresh.ms = 3600000
	sasl.oauthbearer.jwks.endpoint.retry.backoff.max.ms = 10000
	sasl.oauthbearer.jwks.endpoint.retry.backoff.ms = 100
	sasl.oauthbearer.jwks.endpoint.url = null
	sasl.oauthbearer.scope.claim.name = scope
	sasl.oauthbearer.sub.claim.name = sub
	sasl.oauthbearer.token.endpoint.url = null
	security.protocol = PLAINTEXT
	security.providers = null
	send.buffer.bytes = 131072
	socket.connection.setup.timeout.max.ms = 30000
	socket.connection.setup.timeout.ms = 10000
	ssl.cipher.suites = null
	ssl.enabled.protocols = [TLSv1.2, TLSv1.3]
	ssl.endpoint.identification.algorithm = https
	ssl.engine.factory.class = null
	ssl.key.password = null
	ssl.keymanager.algorithm = SunX509
	ssl.keystore.certificate.chain = null
	ssl.keystore.key = null
	ssl.keystore.location = null
	ssl.keystore.password = null
	ssl.keystore.type = JKS
	ssl.protocol = TLSv1.3
	ssl.provider = null
	ssl.secure.random.implementation = null
	ssl.trustmanager.algorithm = PKIX
	ssl.truststore.certificates = null
	ssl.truststore.location = null
	ssl.truststore.password = null
	ssl.truststore.type = JKS
	transaction.timeout.ms = 60000
	transactional.id = null
	value.serializer = class org.springframework.kafka.support.serializer.JsonSerializer

2026-05-21T19:46:49.800+05:30  INFO 1778 --- [Fraud-Management] [http-nio-8082-exec-5] o.a.k.c.t.i.KafkaMetricsCollector        : initializing Kafka metrics collector
2026-05-21T19:46:49.801+05:30 DEBUG 1778 --- [Fraud-Management] [kafka-producer-network-thread | Fraud-Management-producer-1] org.apache.kafka.clients.NetworkClient   : [Producer clientId=Fraud-Management-producer-1] Received PRODUCE response from node 0 for request with header RequestHeader(apiKey=PRODUCE, apiVersion=10, clientId=Fraud-Management-producer-1, correlationId=12, headerVersion=2): ProduceResponseData(responses=[TopicProduceResponse(name='rollback-transactions', partitionResponses=[PartitionProduceResponse(index=0, errorCode=0, baseOffset=0, logAppendTimeMs=-1, logStartOffset=0, recordErrors=[], errorMessage=null, currentLeader=LeaderIdAndEpoch(leaderId=-1, leaderEpoch=-1))])], throttleTimeMs=0, nodeEndpoints=[])
2026-05-21T19:46:49.802+05:30 DEBUG 1778 --- [Fraud-Management] [kafka-producer-network-thread | Fraud-Management-producer-1] o.a.k.c.p.internals.TransactionManager   : [Producer clientId=Fraud-Management-producer-1] ProducerId: 0; Set last ack'd sequence number for topic-partition rollback-transactions-0 to 0
2026-05-21T19:46:49.803+05:30  INFO 1778 --- [Fraud-Management] [http-nio-8082-exec-5] o.a.k.clients.producer.KafkaProducer     : [Producer clientId=Fraud-Management-producer-1] Instantiated an idempotent producer.
2026-05-21T19:46:49.823+05:30  INFO 1778 --- [Fraud-Management] [http-nio-8082-exec-5] o.a.kafka.common.utils.AppInfoParser     : The mbean of App info: [kafka.producer], id: [Fraud-Management-producer-1] already exists, so skipping a new mbean creation.
2026-05-21T19:46:49.823+05:30 DEBUG 1778 --- [Fraud-Management] [kafka-producer-network-thread | Fraud-Management-producer-1] o.a.k.clients.producer.internals.Sender  : [Producer clientId=Fraud-Management-producer-1] Starting Kafka producer I/O thread.
2026-05-21T19:46:49.823+05:30 DEBUG 1778 --- [Fraud-Management] [http-nio-8082-exec-5] o.a.k.clients.producer.KafkaProducer     : [Producer clientId=Fraud-Management-producer-1] Kafka producer started
2026-05-21T19:46:49.823+05:30 DEBUG 1778 --- [Fraud-Management] [http-nio-8082-exec-5] o.s.k.core.DefaultKafkaProducerFactory   : Created new Producer: CloseSafeProducer [delegate=org.apache.kafka.clients.producer.KafkaProducer@76b5442d]
2026-05-21T19:46:49.823+05:30 DEBUG 1778 --- [Fraud-Management] [kafka-producer-network-thread | Fraud-Management-producer-1] o.a.k.c.p.internals.TransactionManager   : [Producer clientId=Fraud-Management-producer-1] Transition from state UNINITIALIZED to INITIALIZING
2026-05-21T19:46:49.824+05:30 DEBUG 1778 --- [Fraud-Management] [kafka-producer-network-thread | Fraud-Management-producer-1] o.a.k.c.p.internals.TransactionManager   : [Producer clientId=Fraud-Management-producer-1] Enqueuing transactional request InitProducerIdRequestData(transactionalId=null, transactionTimeoutMs=2147483647, producerId=-1, producerEpoch=-1)
2026-05-21T19:46:49.824+05:30 DEBUG 1778 --- [Fraud-Management] [kafka-producer-network-thread | Fraud-Management-producer-1] org.apache.kafka.clients.NetworkClient   : [Producer clientId=Fraud-Management-producer-1] Initialize connection to node localhost:9092 (id: -1 rack: null) for sending metadata request
2026-05-21T19:46:49.825+05:30 DEBUG 1778 --- [Fraud-Management] [kafka-producer-network-thread | Fraud-Management-producer-1] org.apache.kafka.clients.ClientUtils     : Resolved host localhost as 127.0.0.1
2026-05-21T19:46:49.825+05:30 DEBUG 1778 --- [Fraud-Management] [kafka-producer-network-thread | Fraud-Management-producer-1] o.a.k.clients.ClusterConnectionStates    : [Producer clientId=Fraud-Management-producer-1] Resolved host localhost to addresses [localhost/127.0.0.1]
2026-05-21T19:46:49.825+05:30 DEBUG 1778 --- [Fraud-Management] [kafka-producer-network-thread | Fraud-Management-producer-1] org.apache.kafka.clients.NetworkClient   : [Producer clientId=Fraud-Management-producer-1] Initiating connection to node localhost:9092 (id: -1 rack: null) using address localhost/127.0.0.1
2026-05-21T19:46:49.829+05:30 DEBUG 1778 --- [Fraud-Management] [kafka-producer-network-thread | Fraud-Management-producer-1] o.apache.kafka.common.network.Selector   : [Producer clientId=Fraud-Management-producer-1] Created socket with SO_RCVBUF = 326640, SO_SNDBUF = 146988, SO_TIMEOUT = 0 to node -1
2026-05-21T19:46:49.829+05:30 DEBUG 1778 --- [Fraud-Management] [kafka-producer-network-thread | Fraud-Management-producer-1] org.apache.kafka.clients.NetworkClient   : [Producer clientId=Fraud-Management-producer-1] Completed connection to node -1. Fetching API versions.
2026-05-21T19:46:49.829+05:30 DEBUG 1778 --- [Fraud-Management] [kafka-producer-network-thread | Fraud-Management-producer-1] org.apache.kafka.clients.NetworkClient   : [Producer clientId=Fraud-Management-producer-1] Initiating API versions fetch from node -1.
2026-05-21T19:46:49.830+05:30 DEBUG 1778 --- [Fraud-Management] [kafka-producer-network-thread | Fraud-Management-producer-1] org.apache.kafka.clients.NetworkClient   : [Producer clientId=Fraud-Management-producer-1] Sending API_VERSIONS request with header RequestHeader(apiKey=API_VERSIONS, apiVersion=3, clientId=Fraud-Management-producer-1, correlationId=0, headerVersion=2) and timeout 30000 to node -1: ApiVersionsRequestData(clientSoftwareName='apache-kafka-java', clientSoftwareVersion='3.7.0')
2026-05-21T19:46:49.833+05:30 DEBUG 1778 --- [Fraud-Management] [kafka-producer-network-thread | Fraud-Management-producer-1] org.apache.kafka.clients.NetworkClient   : [Producer clientId=Fraud-Management-producer-1] Received API_VERSIONS response from node -1 for request with header RequestHeader(apiKey=API_VERSIONS, apiVersion=3, clientId=Fraud-Management-producer-1, correlationId=0, headerVersion=2): ApiVersionsResponseData(errorCode=0, apiKeys=[ApiVersion(apiKey=0, minVersion=0, maxVersion=10), ApiVersion(apiKey=1, minVersion=0, maxVersion=16), ApiVersion(apiKey=2, minVersion=0, maxVersion=8), ApiVersion(apiKey=3, minVersion=0, maxVersion=12), ApiVersion(apiKey=4, minVersion=0, maxVersion=7), ApiVersion(apiKey=5, minVersion=0, maxVersion=4), ApiVersion(apiKey=6, minVersion=0, maxVersion=8), ApiVersion(apiKey=7, minVersion=0, maxVersion=3), ApiVersion(apiKey=8, minVersion=0, maxVersion=9), ApiVersion(apiKey=9, minVersion=0, maxVersion=9), ApiVersion(apiKey=10, minVersion=0, maxVersion=4), ApiVersion(apiKey=11, minVersion=0, maxVersion=9), ApiVersion(apiKey=12, minVersion=0, maxVersion=4), ApiVersion(apiKey=13, minVersion=0, maxVersion=5), ApiVersion(apiKey=14, minVersion=0, maxVersion=5), ApiVersion(apiKey=15, minVersion=0, maxVersion=5), ApiVersion(apiKey=16, minVersion=0, maxVersion=4), ApiVersion(apiKey=17, minVersion=0, maxVersion=1), ApiVersion(apiKey=18, minVersion=0, maxVersion=3), ApiVersion(apiKey=19, minVersion=0, maxVersion=7), ApiVersion(apiKey=20, minVersion=0, maxVersion=6), ApiVersion(apiKey=21, minVersion=0, maxVersion=2), ApiVersion(apiKey=22, minVersion=0, maxVersion=4), ApiVersion(apiKey=23, minVersion=0, maxVersion=4), ApiVersion(apiKey=24, minVersion=0, maxVersion=4), ApiVersion(apiKey=25, minVersion=0, maxVersion=3), ApiVersion(apiKey=26, minVersion=0, maxVersion=3), ApiVersion(apiKey=27, minVersion=0, maxVersion=1), ApiVersion(apiKey=28, minVersion=0, maxVersion=3), ApiVersion(apiKey=29, minVersion=0, maxVersion=3), ApiVersion(apiKey=30, minVersion=0, maxVersion=3), ApiVersion(apiKey=31, minVersion=0, maxVersion=3), ApiVersion(apiKey=32, minVersion=0, maxVersion=4), ApiVersion(apiKey=33, minVersion=0, maxVersion=2), ApiVersion(apiKey=34, minVersion=0, maxVersion=2), ApiVersion(apiKey=35, minVersion=0, maxVersion=4), ApiVersion(apiKey=36, minVersion=0, maxVersion=2), ApiVersion(apiKey=37, minVersion=0, maxVersion=3), ApiVersion(apiKey=38, minVersion=0, maxVersion=3), ApiVersion(apiKey=39, minVersion=0, maxVersion=2), ApiVersion(apiKey=40, minVersion=0, maxVersion=2), ApiVersion(apiKey=41, minVersion=0, maxVersion=3), ApiVersion(apiKey=42, minVersion=0, maxVersion=2), ApiVersion(apiKey=43, minVersion=0, maxVersion=2), ApiVersion(apiKey=44, minVersion=0, maxVersion=1), ApiVersion(apiKey=45, minVersion=0, maxVersion=0), ApiVersion(apiKey=46, minVersion=0, maxVersion=0), ApiVersion(apiKey=47, minVersion=0, maxVersion=0), ApiVersion(apiKey=48, minVersion=0, maxVersion=1), ApiVersion(apiKey=49, minVersion=0, maxVersion=1), ApiVersion(apiKey=50, minVersion=0, maxVersion=0), ApiVersion(apiKey=51, minVersion=0, maxVersion=0), ApiVersion(apiKey=56, minVersion=0, maxVersion=3), ApiVersion(apiKey=57, minVersion=0, maxVersion=1), ApiVersion(apiKey=58, minVersion=0, maxVersion=0), ApiVersion(apiKey=60, minVersion=0, maxVersion=1), ApiVersion(apiKey=61, minVersion=0, maxVersion=0), ApiVersion(apiKey=65, minVersion=0, maxVersion=0), ApiVersion(apiKey=66, minVersion=0, maxVersion=0), ApiVersion(apiKey=67, minVersion=0, maxVersion=0), ApiVersion(apiKey=68, minVersion=0, maxVersion=0)], throttleTimeMs=0, supportedFeatures=[], finalizedFeaturesEpoch=0, finalizedFeatures=[], zkMigrationReady=false)
2026-05-21T19:46:49.837+05:30 DEBUG 1778 --- [Fraud-Management] [kafka-producer-network-thread | Fraud-Management-producer-1] org.apache.kafka.clients.NetworkClient   : [Producer clientId=Fraud-Management-producer-1] Node -1 has finalized features epoch: 0, finalized features: [], supported features: [], ZK migration ready: false, API versions: (Produce(0): 0 to 10 [usable: 10], Fetch(1): 0 to 16 [usable: 16], ListOffsets(2): 0 to 8 [usable: 8], Metadata(3): 0 to 12 [usable: 12], LeaderAndIsr(4): 0 to 7 [usable: 7], StopReplica(5): 0 to 4 [usable: 4], UpdateMetadata(6): 0 to 8 [usable: 8], ControlledShutdown(7): 0 to 3 [usable: 3], OffsetCommit(8): 0 to 9 [usable: 9], OffsetFetch(9): 0 to 9 [usable: 9], FindCoordinator(10): 0 to 4 [usable: 4], JoinGroup(11): 0 to 9 [usable: 9], Heartbeat(12): 0 to 4 [usable: 4], LeaveGroup(13): 0 to 5 [usable: 5], SyncGroup(14): 0 to 5 [usable: 5], DescribeGroups(15): 0 to 5 [usable: 5], ListGroups(16): 0 to 4 [usable: 4], SaslHandshake(17): 0 to 1 [usable: 1], ApiVersions(18): 0 to 3 [usable: 3], CreateTopics(19): 0 to 7 [usable: 7], DeleteTopics(20): 0 to 6 [usable: 6], DeleteRecords(21): 0 to 2 [usable: 2], InitProducerId(22): 0 to 4 [usable: 4], OffsetForLeaderEpoch(23): 0 to 4 [usable: 4], AddPartitionsToTxn(24): 0 to 4 [usable: 4], AddOffsetsToTxn(25): 0 to 3 [usable: 3], EndTxn(26): 0 to 3 [usable: 3], WriteTxnMarkers(27): 0 to 1 [usable: 1], TxnOffsetCommit(28): 0 to 3 [usable: 3], DescribeAcls(29): 0 to 3 [usable: 3], CreateAcls(30): 0 to 3 [usable: 3], DeleteAcls(31): 0 to 3 [usable: 3], DescribeConfigs(32): 0 to 4 [usable: 4], AlterConfigs(33): 0 to 2 [usable: 2], AlterReplicaLogDirs(34): 0 to 2 [usable: 2], DescribeLogDirs(35): 0 to 4 [usable: 4], SaslAuthenticate(36): 0 to 2 [usable: 2], CreatePartitions(37): 0 to 3 [usable: 3], CreateDelegationToken(38): 0 to 3 [usable: 3], RenewDelegationToken(39): 0 to 2 [usable: 2], ExpireDelegationToken(40): 0 to 2 [usable: 2], DescribeDelegationToken(41): 0 to 3 [usable: 3], DeleteGroups(42): 0 to 2 [usable: 2], ElectLeaders(43): 0 to 2 [usable: 2], IncrementalAlterConfigs(44): 0 to 1 [usable: 1], AlterPartitionReassignments(45): 0 [usable: 0], ListPartitionReassignments(46): 0 [usable: 0], OffsetDelete(47): 0 [usable: 0], DescribeClientQuotas(48): 0 to 1 [usable: 1], AlterClientQuotas(49): 0 to 1 [usable: 1], DescribeUserScramCredentials(50): 0 [usable: 0], AlterUserScramCredentials(51): 0 [usable: 0], DescribeQuorum(55): UNSUPPORTED, AlterPartition(56): 0 to 3 [usable: 3], UpdateFeatures(57): 0 to 1 [usable: 1], Envelope(58): 0 [usable: 0], DescribeCluster(60): 0 to 1 [usable: 1], DescribeProducers(61): 0 [usable: 0], UnregisterBroker(64): UNSUPPORTED, DescribeTransactions(65): 0 [usable: 0], ListTransactions(66): 0 [usable: 0], AllocateProducerIds(67): 0 [usable: 0], ConsumerGroupHeartbeat(68): 0 [usable: 0], ConsumerGroupDescribe(69): UNSUPPORTED, GetTelemetrySubscriptions(71): UNSUPPORTED, PushTelemetry(72): UNSUPPORTED, ListClientMetricsResources(74): UNSUPPORTED).
2026-05-21T19:46:49.837+05:30 DEBUG 1778 --- [Fraud-Management] [kafka-producer-network-thread | Fraud-Management-producer-1] org.apache.kafka.clients.NetworkClient   : [Producer clientId=Fraud-Management-producer-1] Sending metadata request MetadataRequestData(topics=[MetadataRequestTopic(topicId=AAAAAAAAAAAAAAAAAAAAAA, name='fraud-alerts')], allowAutoTopicCreation=true, includeClusterAuthorizedOperations=false, includeTopicAuthorizedOperations=false) to node localhost:9092 (id: -1 rack: null)
2026-05-21T19:46:49.837+05:30 DEBUG 1778 --- [Fraud-Management] [kafka-producer-network-thread | Fraud-Management-producer-1] org.apache.kafka.clients.NetworkClient   : [Producer clientId=Fraud-Management-producer-1] Sending METADATA request with header RequestHeader(apiKey=METADATA, apiVersion=12, clientId=Fraud-Management-producer-1, correlationId=1, headerVersion=2) and timeout 30000 to node -1: MetadataRequestData(topics=[MetadataRequestTopic(topicId=AAAAAAAAAAAAAAAAAAAAAA, name='fraud-alerts')], allowAutoTopicCreation=true, includeClusterAuthorizedOperations=false, includeTopicAuthorizedOperations=false)
2026-05-21T19:46:49.838+05:30 DEBUG 1778 --- [Fraud-Management] [kafka-producer-network-thread | Fraud-Management-producer-1] org.apache.kafka.clients.NetworkClient   : [Producer clientId=Fraud-Management-producer-1] Give up sending telemetry request since no node is available
2026-05-21T19:46:49.838+05:30 DEBUG 1778 --- [Fraud-Management] [kafka-producer-network-thread | Fraud-Management-producer-1] o.a.k.clients.producer.internals.Sender  : [Producer clientId=Fraud-Management-producer-1] Sending transactional request InitProducerIdRequestData(transactionalId=null, transactionTimeoutMs=2147483647, producerId=-1, producerEpoch=-1) to node localhost:9092 (id: -1 rack: null) with correlation ID 2
2026-05-21T19:46:49.838+05:30 DEBUG 1778 --- [Fraud-Management] [kafka-producer-network-thread | Fraud-Management-producer-1] org.apache.kafka.clients.NetworkClient   : [Producer clientId=Fraud-Management-producer-1] Sending INIT_PRODUCER_ID request with header RequestHeader(apiKey=INIT_PRODUCER_ID, apiVersion=4, clientId=Fraud-Management-producer-1, correlationId=2, headerVersion=2) and timeout 30000 to node -1: InitProducerIdRequestData(transactionalId=null, transactionTimeoutMs=2147483647, producerId=-1, producerEpoch=-1)
2026-05-21T19:46:49.838+05:30 DEBUG 1778 --- [Fraud-Management] [kafka-producer-network-thread | Fraud-Management-producer-1] org.apache.kafka.clients.NetworkClient   : [Producer clientId=Fraud-Management-producer-1] Give up sending telemetry request since no node is available
2026-05-21T19:46:49.839+05:30 DEBUG 1778 --- [Fraud-Management] [kafka-producer-network-thread | Fraud-Management-producer-1] o.a.k.c.t.i.ClientTelemetryReporter      : Creating telemetry subscription request with client instance id AAAAAAAAAAAAAAAAAAAAAA
2026-05-21T19:46:49.839+05:30 DEBUG 1778 --- [Fraud-Management] [kafka-producer-network-thread | Fraud-Management-producer-1] o.a.k.c.t.i.ClientTelemetryReporter      : Setting telemetry state from SUBSCRIPTION_NEEDED to SUBSCRIPTION_IN_PROGRESS
2026-05-21T19:46:49.840+05:30 DEBUG 1778 --- [Fraud-Management] [kafka-producer-network-thread | Fraud-Management-producer-1] org.apache.kafka.clients.NetworkClient   : [Producer clientId=Fraud-Management-producer-1] Version mismatch when attempting to send GetTelemetrySubscriptionsRequestData(clientInstanceId=AAAAAAAAAAAAAAAAAAAAAA) with correlation id 3 to -1

org.apache.kafka.common.errors.UnsupportedVersionException: The node does not support GET_TELEMETRY_SUBSCRIPTIONS

2026-05-21T19:46:49.841+05:30 DEBUG 1778 --- [Fraud-Management] [kafka-producer-network-thread | Fraud-Management-producer-1] o.a.k.c.t.i.ClientTelemetryReporter      : The broker generated an error for the get telemetry network API request

org.apache.kafka.common.errors.UnsupportedVersionException: The node does not support GET_TELEMETRY_SUBSCRIPTIONS

2026-05-21T19:46:49.841+05:30 DEBUG 1778 --- [Fraud-Management] [kafka-producer-network-thread | Fraud-Management-producer-1] o.a.k.c.t.i.ClientTelemetryReporter      : Updating intervalMs: 300000, lastRequestMs: 1779373009841
2026-05-21T19:46:49.841+05:30 DEBUG 1778 --- [Fraud-Management] [kafka-producer-network-thread | Fraud-Management-producer-1] o.a.k.c.t.i.ClientTelemetryReporter      : Setting telemetry state from SUBSCRIPTION_IN_PROGRESS to SUBSCRIPTION_NEEDED
2026-05-21T19:46:49.842+05:30 DEBUG 1778 --- [Fraud-Management] [kafka-producer-network-thread | Fraud-Management-producer-1] org.apache.kafka.clients.NetworkClient   : [Producer clientId=Fraud-Management-producer-1] Received METADATA response from node -1 for request with header RequestHeader(apiKey=METADATA, apiVersion=12, clientId=Fraud-Management-producer-1, correlationId=1, headerVersion=2): MetadataResponseData(throttleTimeMs=0, brokers=[MetadataResponseBroker(nodeId=0, host='192.168.1.15', port=9092, rack=null)], clusterId='9YJeH9LiQPabFK2-ohTFOA', controllerId=0, topics=[MetadataResponseTopic(errorCode=0, name='fraud-alerts', topicId=igZ8IUrNQxqStOjnoWrz9A, isInternal=false, partitions=[MetadataResponsePartition(errorCode=0, partitionIndex=0, leaderId=0, leaderEpoch=0, replicaNodes=[0], isrNodes=[0], offlineReplicas=[])], topicAuthorizedOperations=-2147483648)], clusterAuthorizedOperations=-2147483648)
2026-05-21T19:46:49.842+05:30 DEBUG 1778 --- [Fraud-Management] [kafka-producer-network-thread | Fraud-Management-producer-1] org.apache.kafka.clients.Metadata        : [Producer clientId=Fraud-Management-producer-1] Setting the last seen epoch of partition fraud-alerts-0 to 0 since the last known epoch was undefined.
2026-05-21T19:46:49.842+05:30  INFO 1778 --- [Fraud-Management] [kafka-producer-network-thread | Fraud-Management-producer-1] org.apache.kafka.clients.Metadata        : [Producer clientId=Fraud-Management-producer-1] Cluster ID: 9YJeH9LiQPabFK2-ohTFOA
2026-05-21T19:46:49.842+05:30 DEBUG 1778 --- [Fraud-Management] [kafka-producer-network-thread | Fraud-Management-producer-1] org.apache.kafka.clients.Metadata        : [Producer clientId=Fraud-Management-producer-1] Updated cluster metadata updateVersion 2 to MetadataCache{clusterId='9YJeH9LiQPabFK2-ohTFOA', nodes={0=192.168.1.15:9092 (id: 0 rack: null)}, partitions=[PartitionMetadata(error=NONE, partition=fraud-alerts-0, leader=Optional[0], leaderEpoch=Optional[0], replicas=0, isr=0, offlineReplicas=)], controller=192.168.1.15:9092 (id: 0 rack: null)}
2026-05-21T19:46:49.843+05:30 DEBUG 1778 --- [Fraud-Management] [kafka-producer-network-thread | Fraud-Management-producer-1] org.apache.kafka.clients.NetworkClient   : [Producer clientId=Fraud-Management-producer-1] Received INIT_PRODUCER_ID response from node -1 for request with header RequestHeader(apiKey=INIT_PRODUCER_ID, apiVersion=4, clientId=Fraud-Management-producer-1, correlationId=2, headerVersion=2): InitProducerIdResponseData(throttleTimeMs=0, errorCode=0, producerId=2, producerEpoch=0)
2026-05-21T19:46:49.843+05:30  INFO 1778 --- [Fraud-Management] [kafka-producer-network-thread | Fraud-Management-producer-1] o.a.k.c.p.internals.TransactionManager   : [Producer clientId=Fraud-Management-producer-1] ProducerId set to 2 with epoch 0
2026-05-21T19:46:49.843+05:30 DEBUG 1778 --- [Fraud-Management] [kafka-producer-network-thread | Fraud-Management-producer-1] o.a.k.c.p.internals.TransactionManager   : [Producer clientId=Fraud-Management-producer-1] Transition from state INITIALIZING to READY
2026-05-21T19:46:49.845+05:30  INFO 1778 --- [Fraud-Management] [http-nio-8082-exec-5] c.f.F.Kafka.TransactionProducer          : FRAUD transaction! Rolled back and alert sent.
2026-05-21T19:46:49.845+05:30 DEBUG 1778 --- [Fraud-Management] [kafka-producer-network-thread | Fraud-Management-producer-1] org.apache.kafka.clients.ClientUtils     : Resolved host 192.168.1.15 as 192.168.1.15
2026-05-21T19:46:49.845+05:30 DEBUG 1778 --- [Fraud-Management] [kafka-producer-network-thread | Fraud-Management-producer-1] o.a.k.clients.ClusterConnectionStates    : [Producer clientId=Fraud-Management-producer-1] Resolved host 192.168.1.15 to addresses [/192.168.1.15]
2026-05-21T19:46:49.846+05:30 DEBUG 1778 --- [Fraud-Management] [kafka-producer-network-thread | Fraud-Management-producer-1] org.apache.kafka.clients.NetworkClient   : [Producer clientId=Fraud-Management-producer-1] Initiating connection to node 192.168.1.15:9092 (id: 0 rack: null) using address /192.168.1.15
2026-05-21T19:46:49.849+05:30 DEBUG 1778 --- [Fraud-Management] [kafka-producer-network-thread | Fraud-Management-producer-1] o.apache.kafka.common.network.Selector   : [Producer clientId=Fraud-Management-producer-1] Created socket with SO_RCVBUF = 310308, SO_SNDBUF = 146988, SO_TIMEOUT = 0 to node 0
2026-05-21T19:46:49.850+05:30 DEBUG 1778 --- [Fraud-Management] [kafka-producer-network-thread | Fraud-Management-producer-1] org.apache.kafka.clients.NetworkClient   : [Producer clientId=Fraud-Management-producer-1] Completed connection to node 0. Fetching API versions.
2026-05-21T19:46:49.850+05:30 DEBUG 1778 --- [Fraud-Management] [kafka-producer-network-thread | Fraud-Management-producer-1] org.apache.kafka.clients.NetworkClient   : [Producer clientId=Fraud-Management-producer-1] Initiating API versions fetch from node 0.
2026-05-21T19:46:49.850+05:30 DEBUG 1778 --- [Fraud-Management] [kafka-producer-network-thread | Fraud-Management-producer-1] org.apache.kafka.clients.NetworkClient   : [Producer clientId=Fraud-Management-producer-1] Sending API_VERSIONS request with header RequestHeader(apiKey=API_VERSIONS, apiVersion=3, clientId=Fraud-Management-producer-1, correlationId=4, headerVersion=2) and timeout 30000 to node 0: ApiVersionsRequestData(clientSoftwareName='apache-kafka-java', clientSoftwareVersion='3.7.0')
2026-05-21T19:46:49.852+05:30 DEBUG 1778 --- [Fraud-Management] [kafka-producer-network-thread | Fraud-Management-producer-1] org.apache.kafka.clients.NetworkClient   : [Producer clientId=Fraud-Management-producer-1] Received API_VERSIONS response from node 0 for request with header RequestHeader(apiKey=API_VERSIONS, apiVersion=3, clientId=Fraud-Management-producer-1, correlationId=4, headerVersion=2): ApiVersionsResponseData(errorCode=0, apiKeys=[ApiVersion(apiKey=0, minVersion=0, maxVersion=10), ApiVersion(apiKey=1, minVersion=0, maxVersion=16), ApiVersion(apiKey=2, minVersion=0, maxVersion=8), ApiVersion(apiKey=3, minVersion=0, maxVersion=12), ApiVersion(apiKey=4, minVersion=0, maxVersion=7), ApiVersion(apiKey=5, minVersion=0, maxVersion=4), ApiVersion(apiKey=6, minVersion=0, maxVersion=8), ApiVersion(apiKey=7, minVersion=0, maxVersion=3), ApiVersion(apiKey=8, minVersion=0, maxVersion=9), ApiVersion(apiKey=9, minVersion=0, maxVersion=9), ApiVersion(apiKey=10, minVersion=0, maxVersion=4), ApiVersion(apiKey=11, minVersion=0, maxVersion=9), ApiVersion(apiKey=12, minVersion=0, maxVersion=4), ApiVersion(apiKey=13, minVersion=0, maxVersion=5), ApiVersion(apiKey=14, minVersion=0, maxVersion=5), ApiVersion(apiKey=15, minVersion=0, maxVersion=5), ApiVersion(apiKey=16, minVersion=0, maxVersion=4), ApiVersion(apiKey=17, minVersion=0, maxVersion=1), ApiVersion(apiKey=18, minVersion=0, maxVersion=3), ApiVersion(apiKey=19, minVersion=0, maxVersion=7), ApiVersion(apiKey=20, minVersion=0, maxVersion=6), ApiVersion(apiKey=21, minVersion=0, maxVersion=2), ApiVersion(apiKey=22, minVersion=0, maxVersion=4), ApiVersion(apiKey=23, minVersion=0, maxVersion=4), ApiVersion(apiKey=24, minVersion=0, maxVersion=4), ApiVersion(apiKey=25, minVersion=0, maxVersion=3), ApiVersion(apiKey=26, minVersion=0, maxVersion=3), ApiVersion(apiKey=27, minVersion=0, maxVersion=1), ApiVersion(apiKey=28, minVersion=0, maxVersion=3), ApiVersion(apiKey=29, minVersion=0, maxVersion=3), ApiVersion(apiKey=30, minVersion=0, maxVersion=3), ApiVersion(apiKey=31, minVersion=0, maxVersion=3), ApiVersion(apiKey=32, minVersion=0, maxVersion=4), ApiVersion(apiKey=33, minVersion=0, maxVersion=2), ApiVersion(apiKey=34, minVersion=0, maxVersion=2), ApiVersion(apiKey=35, minVersion=0, maxVersion=4), ApiVersion(apiKey=36, minVersion=0, maxVersion=2), ApiVersion(apiKey=37, minVersion=0, maxVersion=3), ApiVersion(apiKey=38, minVersion=0, maxVersion=3), ApiVersion(apiKey=39, minVersion=0, maxVersion=2), ApiVersion(apiKey=40, minVersion=0, maxVersion=2), ApiVersion(apiKey=41, minVersion=0, maxVersion=3), ApiVersion(apiKey=42, minVersion=0, maxVersion=2), ApiVersion(apiKey=43, minVersion=0, maxVersion=2), ApiVersion(apiKey=44, minVersion=0, maxVersion=1), ApiVersion(apiKey=45, minVersion=0, maxVersion=0), ApiVersion(apiKey=46, minVersion=0, maxVersion=0), ApiVersion(apiKey=47, minVersion=0, maxVersion=0), ApiVersion(apiKey=48, minVersion=0, maxVersion=1), ApiVersion(apiKey=49, minVersion=0, maxVersion=1), ApiVersion(apiKey=50, minVersion=0, maxVersion=0), ApiVersion(apiKey=51, minVersion=0, maxVersion=0), ApiVersion(apiKey=56, minVersion=0, maxVersion=3), ApiVersion(apiKey=57, minVersion=0, maxVersion=1), ApiVersion(apiKey=58, minVersion=0, maxVersion=0), ApiVersion(apiKey=60, minVersion=0, maxVersion=1), ApiVersion(apiKey=61, minVersion=0, maxVersion=0), ApiVersion(apiKey=65, minVersion=0, maxVersion=0), ApiVersion(apiKey=66, minVersion=0, maxVersion=0), ApiVersion(apiKey=67, minVersion=0, maxVersion=0), ApiVersion(apiKey=68, minVersion=0, maxVersion=0)], throttleTimeMs=0, supportedFeatures=[], finalizedFeaturesEpoch=0, finalizedFeatures=[], zkMigrationReady=false)
2026-05-21T19:46:49.852+05:30 DEBUG 1778 --- [Fraud-Management] [kafka-producer-network-thread | Fraud-Management-producer-1] org.apache.kafka.clients.NetworkClient   : [Producer clientId=Fraud-Management-producer-1] Node 0 has finalized features epoch: 0, finalized features: [], supported features: [], ZK migration ready: false, API versions: (Produce(0): 0 to 10 [usable: 10], Fetch(1): 0 to 16 [usable: 16], ListOffsets(2): 0 to 8 [usable: 8], Metadata(3): 0 to 12 [usable: 12], LeaderAndIsr(4): 0 to 7 [usable: 7], StopReplica(5): 0 to 4 [usable: 4], UpdateMetadata(6): 0 to 8 [usable: 8], ControlledShutdown(7): 0 to 3 [usable: 3], OffsetCommit(8): 0 to 9 [usable: 9], OffsetFetch(9): 0 to 9 [usable: 9], FindCoordinator(10): 0 to 4 [usable: 4], JoinGroup(11): 0 to 9 [usable: 9], Heartbeat(12): 0 to 4 [usable: 4], LeaveGroup(13): 0 to 5 [usable: 5], SyncGroup(14): 0 to 5 [usable: 5], DescribeGroups(15): 0 to 5 [usable: 5], ListGroups(16): 0 to 4 [usable: 4], SaslHandshake(17): 0 to 1 [usable: 1], ApiVersions(18): 0 to 3 [usable: 3], CreateTopics(19): 0 to 7 [usable: 7], DeleteTopics(20): 0 to 6 [usable: 6], DeleteRecords(21): 0 to 2 [usable: 2], InitProducerId(22): 0 to 4 [usable: 4], OffsetForLeaderEpoch(23): 0 to 4 [usable: 4], AddPartitionsToTxn(24): 0 to 4 [usable: 4], AddOffsetsToTxn(25): 0 to 3 [usable: 3], EndTxn(26): 0 to 3 [usable: 3], WriteTxnMarkers(27): 0 to 1 [usable: 1], TxnOffsetCommit(28): 0 to 3 [usable: 3], DescribeAcls(29): 0 to 3 [usable: 3], CreateAcls(30): 0 to 3 [usable: 3], DeleteAcls(31): 0 to 3 [usable: 3], DescribeConfigs(32): 0 to 4 [usable: 4], AlterConfigs(33): 0 to 2 [usable: 2], AlterReplicaLogDirs(34): 0 to 2 [usable: 2], DescribeLogDirs(35): 0 to 4 [usable: 4], SaslAuthenticate(36): 0 to 2 [usable: 2], CreatePartitions(37): 0 to 3 [usable: 3], CreateDelegationToken(38): 0 to 3 [usable: 3], RenewDelegationToken(39): 0 to 2 [usable: 2], ExpireDelegationToken(40): 0 to 2 [usable: 2], DescribeDelegationToken(41): 0 to 3 [usable: 3], DeleteGroups(42): 0 to 2 [usable: 2], ElectLeaders(43): 0 to 2 [usable: 2], IncrementalAlterConfigs(44): 0 to 1 [usable: 1], AlterPartitionReassignments(45): 0 [usable: 0], ListPartitionReassignments(46): 0 [usable: 0], OffsetDelete(47): 0 [usable: 0], DescribeClientQuotas(48): 0 to 1 [usable: 1], AlterClientQuotas(49): 0 to 1 [usable: 1], DescribeUserScramCredentials(50): 0 [usable: 0], AlterUserScramCredentials(51): 0 [usable: 0], DescribeQuorum(55): UNSUPPORTED, AlterPartition(56): 0 to 3 [usable: 3], UpdateFeatures(57): 0 to 1 [usable: 1], Envelope(58): 0 [usable: 0], DescribeCluster(60): 0 to 1 [usable: 1], DescribeProducers(61): 0 [usable: 0], UnregisterBroker(64): UNSUPPORTED, DescribeTransactions(65): 0 [usable: 0], ListTransactions(66): 0 [usable: 0], AllocateProducerIds(67): 0 [usable: 0], ConsumerGroupHeartbeat(68): 0 [usable: 0], ConsumerGroupDescribe(69): UNSUPPORTED, GetTelemetrySubscriptions(71): UNSUPPORTED, PushTelemetry(72): UNSUPPORTED, ListClientMetricsResources(74): UNSUPPORTED).
2026-05-21T19:46:49.853+05:30 DEBUG 1778 --- [Fraud-Management] [kafka-producer-network-thread | Fraud-Management-producer-1] o.a.k.c.p.internals.TransactionManager   : [Producer clientId=Fraud-Management-producer-1] ProducerId of partition fraud-alerts-0 set to 2 with epoch 0. Reinitialize sequence at beginning.
2026-05-21T19:46:49.853+05:30 DEBUG 1778 --- [Fraud-Management] [kafka-producer-network-thread | Fraud-Management-producer-1] o.a.k.c.p.internals.RecordAccumulator    : [Producer clientId=Fraud-Management-producer-1] Assigned producerId 2 and producerEpoch 0 to batch with base sequence 0 being sent to partition fraud-alerts-0
2026-05-21T19:46:49.855+05:30 DEBUG 1778 --- [Fraud-Management] [kafka-producer-network-thread | Fraud-Management-producer-1] org.apache.kafka.clients.NetworkClient   : [Producer clientId=Fraud-Management-producer-1] Sending PRODUCE request with header RequestHeader(apiKey=PRODUCE, apiVersion=10, clientId=Fraud-Management-producer-1, correlationId=5, headerVersion=2) and timeout 30000 to node 0: {acks=-1,timeout=30000,partitionSizes=[fraud-alerts-0=282]}
2026-05-21T19:46:49.858+05:30 DEBUG 1778 --- [Fraud-Management] [kafka-producer-network-thread | Fraud-Management-producer-1] org.apache.kafka.clients.NetworkClient   : [Producer clientId=Fraud-Management-producer-1] Received PRODUCE response from node 0 for request with header RequestHeader(apiKey=PRODUCE, apiVersion=10, clientId=Fraud-Management-producer-1, correlationId=5, headerVersion=2): ProduceResponseData(responses=[TopicProduceResponse(name='fraud-alerts', partitionResponses=[PartitionProduceResponse(index=0, errorCode=0, baseOffset=0, logAppendTimeMs=-1, logStartOffset=0, recordErrors=[], errorMessage=null, currentLeader=LeaderIdAndEpoch(leaderId=-1, leaderEpoch=-1))])], throttleTimeMs=0, nodeEndpoints=[])
2026-05-21T19:46:49.858+05:30 DEBUG 1778 --- [Fraud-Management] [kafka-producer-network-thread | Fraud-Management-producer-1] o.a.k.c.p.internals.TransactionManager   : [Producer clientId=Fraud-Management-producer-1] ProducerId: 2; Set last ack'd sequence number for topic-partition fraud-alerts-0 to 0
2026-05-21T19:47:19.643+05:30  INFO 1778 --- [Fraud-Management] [kafka-producer-network-thread | Fraud-Management-producer-1] org.apache.kafka.clients.NetworkClient   : [Producer clientId=Fraud-Management-producer-1] Node -1 disconnected.
2026-05-21T19:47:19.657+05:30 DEBUG 1778 --- [Fraud-Management] [kafka-producer-network-thread | Fraud-Management-producer-1] org.apache.kafka.clients.NetworkClient   : [Producer clientId=Fraud-Management-producer-1] Sending metadata request MetadataRequestData(topics=[MetadataRequestTopic(topicId=AAAAAAAAAAAAAAAAAAAAAA, name='notification')], allowAutoTopicCreation=true, includeClusterAuthorizedOperations=false, includeTopicAuthorizedOperations=false) to node 192.168.1.15:9092 (id: 0 rack: null)
2026-05-21T19:47:19.657+05:30 DEBUG 1778 --- [Fraud-Management] [kafka-producer-network-thread | Fraud-Management-producer-1] org.apache.kafka.clients.NetworkClient   : [Producer clientId=Fraud-Management-producer-1] Sending METADATA request with header RequestHeader(apiKey=METADATA, apiVersion=12, clientId=Fraud-Management-producer-1, correlationId=11, headerVersion=2) and timeout 30000 to node 0: MetadataRequestData(topics=[MetadataRequestTopic(topicId=AAAAAAAAAAAAAAAAAAAAAA, name='notification')], allowAutoTopicCreation=true, includeClusterAuthorizedOperations=false, includeTopicAuthorizedOperations=false)
2026-05-21T19:47:19.664+05:30 DEBUG 1778 --- [Fraud-Management] [kafka-producer-network-thread | Fraud-Management-producer-1] org.apache.kafka.clients.NetworkClient   : [Producer clientId=Fraud-Management-producer-1] Received METADATA response from node 0 for request with header RequestHeader(apiKey=METADATA, apiVersion=12, clientId=Fraud-Management-producer-1, correlationId=11, headerVersion=2): MetadataResponseData(throttleTimeMs=0, brokers=[MetadataResponseBroker(nodeId=0, host='192.168.1.15', port=9092, rack=null)], clusterId='9YJeH9LiQPabFK2-ohTFOA', controllerId=0, topics=[MetadataResponseTopic(errorCode=0, name='notification', topicId=DyxN5cIIS-KuhaJQv1O9gw, isInternal=false, partitions=[MetadataResponsePartition(errorCode=0, partitionIndex=0, leaderId=0, leaderEpoch=0, replicaNodes=[0], isrNodes=[0], offlineReplicas=[])], topicAuthorizedOperations=-2147483648)], clusterAuthorizedOperations=-2147483648)
2026-05-21T19:47:19.664+05:30 DEBUG 1778 --- [Fraud-Management] [kafka-producer-network-thread | Fraud-Management-producer-1] org.apache.kafka.clients.Metadata        : [Producer clientId=Fraud-Management-producer-1] Updating last seen epoch for partition notification-0 from 0 to epoch 0 from new metadata
2026-05-21T19:47:19.665+05:30 DEBUG 1778 --- [Fraud-Management] [kafka-producer-network-thread | Fraud-Management-producer-1] org.apache.kafka.clients.Metadata        : [Producer clientId=Fraud-Management-producer-1] Updated cluster metadata updateVersion 4 to MetadataCache{clusterId='9YJeH9LiQPabFK2-ohTFOA', nodes={0=192.168.1.15:9092 (id: 0 rack: null)}, partitions=[PartitionMetadata(error=NONE, partition=notification-0, leader=Optional[0], leaderEpoch=Optional[0], replicas=0, isr=0, offlineReplicas=)], controller=192.168.1.15:9092 (id: 0 rack: null)}
2026-05-21T19:47:19.803+05:30  INFO 1778 --- [Fraud-Management] [kafka-producer-network-thread | Fraud-Management-producer-1] org.apache.kafka.clients.NetworkClient   : [Producer clientId=Fraud-Management-producer-1] Node -1 disconnected.
2026-05-21T19:47:19.803+05:30 DEBUG 1778 --- [Fraud-Management] [kafka-producer-network-thread | Fraud-Management-producer-1] org.apache.kafka.clients.NetworkClient   : [Producer clientId=Fraud-Management-producer-1] Sending metadata request MetadataRequestData(topics=[MetadataRequestTopic(topicId=AAAAAAAAAAAAAAAAAAAAAA, name='valid-transactions'), MetadataRequestTopic(topicId=AAAAAAAAAAAAAAAAAAAAAA, name='rollback-transactions')], allowAutoTopicCreation=true, includeClusterAuthorizedOperations=false, includeTopicAuthorizedOperations=false) to node 192.168.1.15:9092 (id: 0 rack: null)
2026-05-21T19:47:19.804+05:30 DEBUG 1778 --- [Fraud-Management] [kafka-producer-network-thread | Fraud-Management-producer-1] org.apache.kafka.clients.NetworkClient   : [Producer clientId=Fraud-Management-producer-1] Sending METADATA request with header RequestHeader(apiKey=METADATA, apiVersion=12, clientId=Fraud-Management-producer-1, correlationId=13, headerVersion=2) and timeout 30000 to node 0: MetadataRequestData(topics=[MetadataRequestTopic(topicId=AAAAAAAAAAAAAAAAAAAAAA, name='valid-transactions'), MetadataRequestTopic(topicId=AAAAAAAAAAAAAAAAAAAAAA, name='rollback-transactions')], allowAutoTopicCreation=true, includeClusterAuthorizedOperations=false, includeTopicAuthorizedOperations=false)
2026-05-21T19:47:19.806+05:30 DEBUG 1778 --- [Fraud-Management] [kafka-producer-network-thread | Fraud-Management-producer-1] org.apache.kafka.clients.NetworkClient   : [Producer clientId=Fraud-Management-producer-1] Received METADATA response from node 0 for request with header RequestHeader(apiKey=METADATA, apiVersion=12, clientId=Fraud-Management-producer-1, correlationId=13, headerVersion=2): MetadataResponseData(throttleTimeMs=0, brokers=[MetadataResponseBroker(nodeId=0, host='192.168.1.15', port=9092, rack=null)], clusterId='9YJeH9LiQPabFK2-ohTFOA', controllerId=0, topics=[MetadataResponseTopic(errorCode=0, name='valid-transactions', topicId=v31IJ8L6TVuEw05Yu2NFTg, isInternal=false, partitions=[MetadataResponsePartition(errorCode=0, partitionIndex=0, leaderId=0, leaderEpoch=0, replicaNodes=[0], isrNodes=[0], offlineReplicas=[])], topicAuthorizedOperations=-2147483648), MetadataResponseTopic(errorCode=0, name='rollback-transactions', topicId=l5_XOGu1T0C1Ywef7hcyoA, isInternal=false, partitions=[MetadataResponsePartition(errorCode=0, partitionIndex=0, leaderId=0, leaderEpoch=0, replicaNodes=[0], isrNodes=[0], offlineReplicas=[])], topicAuthorizedOperations=-2147483648)], clusterAuthorizedOperations=-2147483648)
2026-05-21T19:47:19.806+05:30 DEBUG 1778 --- [Fraud-Management] [kafka-producer-network-thread | Fraud-Management-producer-1] org.apache.kafka.clients.Metadata        : [Producer clientId=Fraud-Management-producer-1] Updating last seen epoch for partition valid-transactions-0 from 0 to epoch 0 from new metadata
2026-05-21T19:47:19.806+05:30 DEBUG 1778 --- [Fraud-Management] [kafka-producer-network-thread | Fraud-Management-producer-1] org.apache.kafka.clients.Metadata        : [Producer clientId=Fraud-Management-producer-1] Updating last seen epoch for partition rollback-transactions-0 from 0 to epoch 0 from new metadata
2026-05-21T19:47:19.807+05:30 DEBUG 1778 --- [Fraud-Management] [kafka-producer-network-thread | Fraud-Management-producer-1] org.apache.kafka.clients.Metadata        : [Producer clientId=Fraud-Management-producer-1] Updated cluster metadata updateVersion 7 to MetadataCache{clusterId='9YJeH9LiQPabFK2-ohTFOA', nodes={0=192.168.1.15:9092 (id: 0 rack: null)}, partitions=[PartitionMetadata(error=NONE, partition=valid-transactions-0, leader=Optional[0], leaderEpoch=Optional[0], replicas=0, isr=0, offlineReplicas=), PartitionMetadata(error=NONE, partition=rollback-transactions-0, leader=Optional[0], leaderEpoch=Optional[0], replicas=0, isr=0, offlineReplicas=)], controller=192.168.1.15:9092 (id: 0 rack: null)}
2026-05-21T19:48:09.482+05:30 DEBUG 1778 --- [Fraud-Management] [kafka-producer-network-thread | Fraud-Management-producer-1] org.apache.kafka.clients.NetworkClient   : [Producer clientId=Fraud-Management-producer-1] Initialize connection to node localhost:9092 (id: -1 rack: null) for sending telemetry request
2026-05-21T19:48:09.486+05:30 DEBUG 1778 --- [Fraud-Management] [kafka-producer-network-thread | Fraud-Management-producer-1] org.apache.kafka.clients.ClientUtils     : Resolved host localhost as 127.0.0.1
2026-05-21T19:48:09.486+05:30 DEBUG 1778 --- [Fraud-Management] [kafka-producer-network-thread | Fraud-Management-producer-1] o.a.k.clients.ClusterConnectionStates    : [Producer clientId=Fraud-Management-producer-1] Resolved host localhost to addresses [localhost/127.0.0.1]
2026-05-21T19:48:09.487+05:30 DEBUG 1778 --- [Fraud-Management] [kafka-producer-network-thread | Fraud-Management-producer-1] org.apache.kafka.clients.NetworkClient   : [Producer clientId=Fraud-Management-producer-1] Initiating connection to node localhost:9092 (id: -1 rack: null) using address localhost/127.0.0.1
2026-05-21T19:48:09.489+05:30 DEBUG 1778 --- [Fraud-Management] [kafka-producer-network-thread | Fraud-Management-producer-1] o.apache.kafka.common.network.Selector   : [Producer clientId=Fraud-Management-producer-1] Created socket with SO_RCVBUF = 326640, SO_SNDBUF = 146988, SO_TIMEOUT = 0 to node -1
2026-05-21T19:48:09.490+05:30 DEBUG 1778 --- [Fraud-Management] [kafka-producer-network-thread | Fraud-Management-producer-1] org.apache.kafka.clients.NetworkClient   : [Producer clientId=Fraud-Management-producer-1] Completed connection to node -1. Fetching API versions.
2026-05-21T19:48:09.490+05:30 DEBUG 1778 --- [Fraud-Management] [kafka-producer-network-thread | Fraud-Management-producer-1] org.apache.kafka.clients.NetworkClient   : [Producer clientId=Fraud-Management-producer-1] Initiating API versions fetch from node -1.
2026-05-21T19:48:09.490+05:30 DEBUG 1778 --- [Fraud-Management] [kafka-producer-network-thread | Fraud-Management-producer-1] org.apache.kafka.clients.NetworkClient   : [Producer clientId=Fraud-Management-producer-1] Sending API_VERSIONS request with header RequestHeader(apiKey=API_VERSIONS, apiVersion=3, clientId=Fraud-Management-producer-1, correlationId=12, headerVersion=2) and timeout 30000 to node -1: ApiVersionsRequestData(clientSoftwareName='apache-kafka-java', clientSoftwareVersion='3.7.0')
2026-05-21T19:48:09.492+05:30 DEBUG 1778 --- [Fraud-Management] [kafka-producer-network-thread | Fraud-Management-producer-1] o.a.k.c.t.i.ClientTelemetryReporter      : Creating telemetry subscription request with client instance id AAAAAAAAAAAAAAAAAAAAAA
2026-05-21T19:48:09.492+05:30 DEBUG 1778 --- [Fraud-Management] [kafka-producer-network-thread | Fraud-Management-producer-1] o.a.k.c.t.i.ClientTelemetryReporter      : Setting telemetry state from SUBSCRIPTION_NEEDED to SUBSCRIPTION_IN_PROGRESS
2026-05-21T19:48:09.493+05:30 DEBUG 1778 --- [Fraud-Management] [kafka-producer-network-thread | Fraud-Management-producer-1] org.apache.kafka.clients.NetworkClient   : [Producer clientId=Fraud-Management-producer-1] Version mismatch when attempting to send GetTelemetrySubscriptionsRequestData(clientInstanceId=AAAAAAAAAAAAAAAAAAAAAA) with correlation id 13 to 0

org.apache.kafka.common.errors.UnsupportedVersionException: The node does not support GET_TELEMETRY_SUBSCRIPTIONS

2026-05-21T19:48:09.494+05:30 DEBUG 1778 --- [Fraud-Management] [kafka-producer-network-thread | Fraud-Management-producer-1] o.a.k.c.t.i.ClientTelemetryReporter      : The broker generated an error for the get telemetry network API request

org.apache.kafka.common.errors.UnsupportedVersionException: The node does not support GET_TELEMETRY_SUBSCRIPTIONS

2026-05-21T19:48:09.497+05:30 DEBUG 1778 --- [Fraud-Management] [kafka-producer-network-thread | Fraud-Management-producer-1] o.a.k.c.t.i.ClientTelemetryReporter      : Updating intervalMs: 300000, lastRequestMs: 1779373089497
2026-05-21T19:48:09.497+05:30 DEBUG 1778 --- [Fraud-Management] [kafka-producer-network-thread | Fraud-Management-producer-1] o.a.k.c.t.i.ClientTelemetryReporter      : Setting telemetry state from SUBSCRIPTION_IN_PROGRESS to SUBSCRIPTION_NEEDED
2026-05-21T19:48:09.501+05:30 DEBUG 1778 --- [Fraud-Management] [kafka-producer-network-thread | Fraud-Management-producer-1] org.apache.kafka.clients.NetworkClient   : [Producer clientId=Fraud-Management-producer-1] Received API_VERSIONS response from node -1 for request with header RequestHeader(apiKey=API_VERSIONS, apiVersion=3, clientId=Fraud-Management-producer-1, correlationId=12, headerVersion=2): ApiVersionsResponseData(errorCode=0, apiKeys=[ApiVersion(apiKey=0, minVersion=0, maxVersion=10), ApiVersion(apiKey=1, minVersion=0, maxVersion=16), ApiVersion(apiKey=2, minVersion=0, maxVersion=8), ApiVersion(apiKey=3, minVersion=0, maxVersion=12), ApiVersion(apiKey=4, minVersion=0, maxVersion=7), ApiVersion(apiKey=5, minVersion=0, maxVersion=4), ApiVersion(apiKey=6, minVersion=0, maxVersion=8), ApiVersion(apiKey=7, minVersion=0, maxVersion=3), ApiVersion(apiKey=8, minVersion=0, maxVersion=9), ApiVersion(apiKey=9, minVersion=0, maxVersion=9), ApiVersion(apiKey=10, minVersion=0, maxVersion=4), ApiVersion(apiKey=11, minVersion=0, maxVersion=9), ApiVersion(apiKey=12, minVersion=0, maxVersion=4), ApiVersion(apiKey=13, minVersion=0, maxVersion=5), ApiVersion(apiKey=14, minVersion=0, maxVersion=5), ApiVersion(apiKey=15, minVersion=0, maxVersion=5), ApiVersion(apiKey=16, minVersion=0, maxVersion=4), ApiVersion(apiKey=17, minVersion=0, maxVersion=1), ApiVersion(apiKey=18, minVersion=0, maxVersion=3), ApiVersion(apiKey=19, minVersion=0, maxVersion=7), ApiVersion(apiKey=20, minVersion=0, maxVersion=6), ApiVersion(apiKey=21, minVersion=0, maxVersion=2), ApiVersion(apiKey=22, minVersion=0, maxVersion=4), ApiVersion(apiKey=23, minVersion=0, maxVersion=4), ApiVersion(apiKey=24, minVersion=0, maxVersion=4), ApiVersion(apiKey=25, minVersion=0, maxVersion=3), ApiVersion(apiKey=26, minVersion=0, maxVersion=3), ApiVersion(apiKey=27, minVersion=0, maxVersion=1), ApiVersion(apiKey=28, minVersion=0, maxVersion=3), ApiVersion(apiKey=29, minVersion=0, maxVersion=3), ApiVersion(apiKey=30, minVersion=0, maxVersion=3), ApiVersion(apiKey=31, minVersion=0, maxVersion=3), ApiVersion(apiKey=32, minVersion=0, maxVersion=4), ApiVersion(apiKey=33, minVersion=0, maxVersion=2), ApiVersion(apiKey=34, minVersion=0, maxVersion=2), ApiVersion(apiKey=35, minVersion=0, maxVersion=4), ApiVersion(apiKey=36, minVersion=0, maxVersion=2), ApiVersion(apiKey=37, minVersion=0, maxVersion=3), ApiVersion(apiKey=38, minVersion=0, maxVersion=3), ApiVersion(apiKey=39, minVersion=0, maxVersion=2), ApiVersion(apiKey=40, minVersion=0, maxVersion=2), ApiVersion(apiKey=41, minVersion=0, maxVersion=3), ApiVersion(apiKey=42, minVersion=0, maxVersion=2), ApiVersion(apiKey=43, minVersion=0, maxVersion=2), ApiVersion(apiKey=44, minVersion=0, maxVersion=1), ApiVersion(apiKey=45, minVersion=0, maxVersion=0), ApiVersion(apiKey=46, minVersion=0, maxVersion=0), ApiVersion(apiKey=47, minVersion=0, maxVersion=0), ApiVersion(apiKey=48, minVersion=0, maxVersion=1), ApiVersion(apiKey=49, minVersion=0, maxVersion=1), ApiVersion(apiKey=50, minVersion=0, maxVersion=0), ApiVersion(apiKey=51, minVersion=0, maxVersion=0), ApiVersion(apiKey=56, minVersion=0, maxVersion=3), ApiVersion(apiKey=57, minVersion=0, maxVersion=1), ApiVersion(apiKey=58, minVersion=0, maxVersion=0), ApiVersion(apiKey=60, minVersion=0, maxVersion=1), ApiVersion(apiKey=61, minVersion=0, maxVersion=0), ApiVersion(apiKey=65, minVersion=0, maxVersion=0), ApiVersion(apiKey=66, minVersion=0, maxVersion=0), ApiVersion(apiKey=67, minVersion=0, maxVersion=0), ApiVersion(apiKey=68, minVersion=0, maxVersion=0)], throttleTimeMs=0, supportedFeatures=[], finalizedFeaturesEpoch=0, finalizedFeatures=[], zkMigrationReady=false)
2026-05-21T19:48:09.504+05:30 DEBUG 1778 --- [Fraud-Management] [kafka-producer-network-thread | Fraud-Management-producer-1] org.apache.kafka.clients.NetworkClient   : [Producer clientId=Fraud-Management-producer-1] Node -1 has finalized features epoch: 0, finalized features: [], supported features: [], ZK migration ready: false, API versions: (Produce(0): 0 to 10 [usable: 10], Fetch(1): 0 to 16 [usable: 16], ListOffsets(2): 0 to 8 [usable: 8], Metadata(3): 0 to 12 [usable: 12], LeaderAndIsr(4): 0 to 7 [usable: 7], StopReplica(5): 0 to 4 [usable: 4], UpdateMetadata(6): 0 to 8 [usable: 8], ControlledShutdown(7): 0 to 3 [usable: 3], OffsetCommit(8): 0 to 9 [usable: 9], OffsetFetch(9): 0 to 9 [usable: 9], FindCoordinator(10): 0 to 4 [usable: 4], JoinGroup(11): 0 to 9 [usable: 9], Heartbeat(12): 0 to 4 [usable: 4], LeaveGroup(13): 0 to 5 [usable: 5], SyncGroup(14): 0 to 5 [usable: 5], DescribeGroups(15): 0 to 5 [usable: 5], ListGroups(16): 0 to 4 [usable: 4], SaslHandshake(17): 0 to 1 [usable: 1], ApiVersions(18): 0 to 3 [usable: 3], CreateTopics(19): 0 to 7 [usable: 7], DeleteTopics(20): 0 to 6 [usable: 6], DeleteRecords(21): 0 to 2 [usable: 2], InitProducerId(22): 0 to 4 [usable: 4], OffsetForLeaderEpoch(23): 0 to 4 [usable: 4], AddPartitionsToTxn(24): 0 to 4 [usable: 4], AddOffsetsToTxn(25): 0 to 3 [usable: 3], EndTxn(26): 0 to 3 [usable: 3], WriteTxnMarkers(27): 0 to 1 [usable: 1], TxnOffsetCommit(28): 0 to 3 [usable: 3], DescribeAcls(29): 0 to 3 [usable: 3], CreateAcls(30): 0 to 3 [usable: 3], DeleteAcls(31): 0 to 3 [usable: 3], DescribeConfigs(32): 0 to 4 [usable: 4], AlterConfigs(33): 0 to 2 [usable: 2], AlterReplicaLogDirs(34): 0 to 2 [usable: 2], DescribeLogDirs(35): 0 to 4 [usable: 4], SaslAuthenticate(36): 0 to 2 [usable: 2], CreatePartitions(37): 0 to 3 [usable: 3], CreateDelegationToken(38): 0 to 3 [usable: 3], RenewDelegationToken(39): 0 to 2 [usable: 2], ExpireDelegationToken(40): 0 to 2 [usable: 2], DescribeDelegationToken(41): 0 to 3 [usable: 3], DeleteGroups(42): 0 to 2 [usable: 2], ElectLeaders(43): 0 to 2 [usable: 2], IncrementalAlterConfigs(44): 0 to 1 [usable: 1], AlterPartitionReassignments(45): 0 [usable: 0], ListPartitionReassignments(46): 0 [usable: 0], OffsetDelete(47): 0 [usable: 0], DescribeClientQuotas(48): 0 to 1 [usable: 1], AlterClientQuotas(49): 0 to 1 [usable: 1], DescribeUserScramCredentials(50): 0 [usable: 0], AlterUserScramCredentials(51): 0 [usable: 0], DescribeQuorum(55): UNSUPPORTED, AlterPartition(56): 0 to 3 [usable: 3], UpdateFeatures(57): 0 to 1 [usable: 1], Envelope(58): 0 [usable: 0], DescribeCluster(60): 0 to 1 [usable: 1], DescribeProducers(61): 0 [usable: 0], UnregisterBroker(64): UNSUPPORTED, DescribeTransactions(65): 0 [usable: 0], ListTransactions(66): 0 [usable: 0], AllocateProducerIds(67): 0 [usable: 0], ConsumerGroupHeartbeat(68): 0 [usable: 0], ConsumerGroupDescribe(69): UNSUPPORTED, GetTelemetrySubscriptions(71): UNSUPPORTED, PushTelemetry(72): UNSUPPORTED, ListClientMetricsResources(74): UNSUPPORTED).
2026-05-21T19:48:09.522+05:30 DEBUG 1778 --- [Fraud-Management] [kafka-producer-network-thread | Fraud-Management-producer-1] org.apache.kafka.clients.NetworkClient   : [Producer clientId=Fraud-Management-producer-1] Initialize connection to node localhost:9092 (id: -1 rack: null) for sending telemetry request
2026-05-21T19:48:09.523+05:30 DEBUG 1778 --- [Fraud-Management] [kafka-producer-network-thread | Fraud-Management-producer-1] org.apache.kafka.clients.ClientUtils     : Resolved host localhost as 127.0.0.1
2026-05-21T19:48:09.523+05:30 DEBUG 1778 --- [Fraud-Management] [kafka-producer-network-thread | Fraud-Management-producer-1] o.a.k.clients.ClusterConnectionStates    : [Producer clientId=Fraud-Management-producer-1] Resolved host localhost to addresses [localhost/127.0.0.1]
2026-05-21T19:48:09.523+05:30 DEBUG 1778 --- [Fraud-Management] [kafka-producer-network-thread | Fraud-Management-producer-1] org.apache.kafka.clients.NetworkClient   : [Producer clientId=Fraud-Management-producer-1] Initiating connection to node localhost:9092 (id: -1 rack: null) using address localhost/127.0.0.1
2026-05-21T19:48:09.524+05:30 DEBUG 1778 --- [Fraud-Management] [kafka-producer-network-thread | Fraud-Management-producer-1] o.apache.kafka.common.network.Selector   : [Producer clientId=Fraud-Management-producer-1] Created socket with SO_RCVBUF = 326640, SO_SNDBUF = 146988, SO_TIMEOUT = 0 to node -1
2026-05-21T19:48:09.524+05:30 DEBUG 1778 --- [Fraud-Management] [kafka-producer-network-thread | Fraud-Management-producer-1] org.apache.kafka.clients.NetworkClient   : [Producer clientId=Fraud-Management-producer-1] Completed connection to node -1. Fetching API versions.
2026-05-21T19:48:09.524+05:30 DEBUG 1778 --- [Fraud-Management] [kafka-producer-network-thread | Fraud-Management-producer-1] org.apache.kafka.clients.NetworkClient   : [Producer clientId=Fraud-Management-producer-1] Initiating API versions fetch from node -1.
2026-05-21T19:48:09.524+05:30 DEBUG 1778 --- [Fraud-Management] [kafka-producer-network-thread | Fraud-Management-producer-1] org.apache.kafka.clients.NetworkClient   : [Producer clientId=Fraud-Management-producer-1] Sending API_VERSIONS request with header RequestHeader(apiKey=API_VERSIONS, apiVersion=3, clientId=Fraud-Management-producer-1, correlationId=14, headerVersion=2) and timeout 30000 to node -1: ApiVersionsRequestData(clientSoftwareName='apache-kafka-java', clientSoftwareVersion='3.7.0')
2026-05-21T19:48:09.524+05:30 DEBUG 1778 --- [Fraud-Management] [kafka-producer-network-thread | Fraud-Management-producer-1] o.a.k.c.t.i.ClientTelemetryReporter      : Creating telemetry subscription request with client instance id AAAAAAAAAAAAAAAAAAAAAA
2026-05-21T19:48:09.525+05:30 DEBUG 1778 --- [Fraud-Management] [kafka-producer-network-thread | Fraud-Management-producer-1] o.a.k.c.t.i.ClientTelemetryReporter      : Setting telemetry state from SUBSCRIPTION_NEEDED to SUBSCRIPTION_IN_PROGRESS
2026-05-21T19:48:09.525+05:30 DEBUG 1778 --- [Fraud-Management] [kafka-producer-network-thread | Fraud-Management-producer-1] org.apache.kafka.clients.NetworkClient   : [Producer clientId=Fraud-Management-producer-1] Version mismatch when attempting to send GetTelemetrySubscriptionsRequestData(clientInstanceId=AAAAAAAAAAAAAAAAAAAAAA) with correlation id 15 to 0

org.apache.kafka.common.errors.UnsupportedVersionException: The node does not support GET_TELEMETRY_SUBSCRIPTIONS

2026-05-21T19:48:09.525+05:30 DEBUG 1778 --- [Fraud-Management] [kafka-producer-network-thread | Fraud-Management-producer-1] o.a.k.c.t.i.ClientTelemetryReporter      : The broker generated an error for the get telemetry network API request

org.apache.kafka.common.errors.UnsupportedVersionException: The node does not support GET_TELEMETRY_SUBSCRIPTIONS

2026-05-21T19:48:09.525+05:30 DEBUG 1778 --- [Fraud-Management] [kafka-producer-network-thread | Fraud-Management-producer-1] o.a.k.c.t.i.ClientTelemetryReporter      : Updating intervalMs: 300000, lastRequestMs: 1779373089525
2026-05-21T19:48:09.525+05:30 DEBUG 1778 --- [Fraud-Management] [kafka-producer-network-thread | Fraud-Management-producer-1] o.a.k.c.t.i.ClientTelemetryReporter      : Setting telemetry state from SUBSCRIPTION_IN_PROGRESS to SUBSCRIPTION_NEEDED
2026-05-21T19:48:09.527+05:30 DEBUG 1778 --- [Fraud-Management] [kafka-producer-network-thread | Fraud-Management-producer-1] org.apache.kafka.clients.NetworkClient   : [Producer clientId=Fraud-Management-producer-1] Received API_VERSIONS response from node -1 for request with header RequestHeader(apiKey=API_VERSIONS, apiVersion=3, clientId=Fraud-Management-producer-1, correlationId=14, headerVersion=2): ApiVersionsResponseData(errorCode=0, apiKeys=[ApiVersion(apiKey=0, minVersion=0, maxVersion=10), ApiVersion(apiKey=1, minVersion=0, maxVersion=16), ApiVersion(apiKey=2, minVersion=0, maxVersion=8), ApiVersion(apiKey=3, minVersion=0, maxVersion=12), ApiVersion(apiKey=4, minVersion=0, maxVersion=7), ApiVersion(apiKey=5, minVersion=0, maxVersion=4), ApiVersion(apiKey=6, minVersion=0, maxVersion=8), ApiVersion(apiKey=7, minVersion=0, maxVersion=3), ApiVersion(apiKey=8, minVersion=0, maxVersion=9), ApiVersion(apiKey=9, minVersion=0, maxVersion=9), ApiVersion(apiKey=10, minVersion=0, maxVersion=4), ApiVersion(apiKey=11, minVersion=0, maxVersion=9), ApiVersion(apiKey=12, minVersion=0, maxVersion=4), ApiVersion(apiKey=13, minVersion=0, maxVersion=5), ApiVersion(apiKey=14, minVersion=0, maxVersion=5), ApiVersion(apiKey=15, minVersion=0, maxVersion=5), ApiVersion(apiKey=16, minVersion=0, maxVersion=4), ApiVersion(apiKey=17, minVersion=0, maxVersion=1), ApiVersion(apiKey=18, minVersion=0, maxVersion=3), ApiVersion(apiKey=19, minVersion=0, maxVersion=7), ApiVersion(apiKey=20, minVersion=0, maxVersion=6), ApiVersion(apiKey=21, minVersion=0, maxVersion=2), ApiVersion(apiKey=22, minVersion=0, maxVersion=4), ApiVersion(apiKey=23, minVersion=0, maxVersion=4), ApiVersion(apiKey=24, minVersion=0, maxVersion=4), ApiVersion(apiKey=25, minVersion=0, maxVersion=3), ApiVersion(apiKey=26, minVersion=0, maxVersion=3), ApiVersion(apiKey=27, minVersion=0, maxVersion=1), ApiVersion(apiKey=28, minVersion=0, maxVersion=3), ApiVersion(apiKey=29, minVersion=0, maxVersion=3), ApiVersion(apiKey=30, minVersion=0, maxVersion=3), ApiVersion(apiKey=31, minVersion=0, maxVersion=3), ApiVersion(apiKey=32, minVersion=0, maxVersion=4), ApiVersion(apiKey=33, minVersion=0, maxVersion=2), ApiVersion(apiKey=34, minVersion=0, maxVersion=2), ApiVersion(apiKey=35, minVersion=0, maxVersion=4), ApiVersion(apiKey=36, minVersion=0, maxVersion=2), ApiVersion(apiKey=37, minVersion=0, maxVersion=3), ApiVersion(apiKey=38, minVersion=0, maxVersion=3), ApiVersion(apiKey=39, minVersion=0, maxVersion=2), ApiVersion(apiKey=40, minVersion=0, maxVersion=2), ApiVersion(apiKey=41, minVersion=0, maxVersion=3), ApiVersion(apiKey=42, minVersion=0, maxVersion=2), ApiVersion(apiKey=43, minVersion=0, maxVersion=2), ApiVersion(apiKey=44, minVersion=0, maxVersion=1), ApiVersion(apiKey=45, minVersion=0, maxVersion=0), ApiVersion(apiKey=46, minVersion=0, maxVersion=0), ApiVersion(apiKey=47, minVersion=0, maxVersion=0), ApiVersion(apiKey=48, minVersion=0, maxVersion=1), ApiVersion(apiKey=49, minVersion=0, maxVersion=1), ApiVersion(apiKey=50, minVersion=0, maxVersion=0), ApiVersion(apiKey=51, minVersion=0, maxVersion=0), ApiVersion(apiKey=56, minVersion=0, maxVersion=3), ApiVersion(apiKey=57, minVersion=0, maxVersion=1), ApiVersion(apiKey=58, minVersion=0, maxVersion=0), ApiVersion(apiKey=60, minVersion=0, maxVersion=1), ApiVersion(apiKey=61, minVersion=0, maxVersion=0), ApiVersion(apiKey=65, minVersion=0, maxVersion=0), ApiVersion(apiKey=66, minVersion=0, maxVersion=0), ApiVersion(apiKey=67, minVersion=0, maxVersion=0), ApiVersion(apiKey=68, minVersion=0, maxVersion=0)], throttleTimeMs=0, supportedFeatures=[], finalizedFeaturesEpoch=0, finalizedFeatures=[], zkMigrationReady=false)
2026-05-21T19:48:09.529+05:30 DEBUG 1778 --- [Fraud-Management] [kafka-producer-network-thread | Fraud-Management-producer-1] org.apache.kafka.clients.NetworkClient   : [Producer clientId=Fraud-Management-producer-1] Node -1 has finalized features epoch: 0, finalized features: [], supported features: [], ZK migration ready: false, API versions: (Produce(0): 0 to 10 [usable: 10], Fetch(1): 0 to 16 [usable: 16], ListOffsets(2): 0 to 8 [usable: 8], Metadata(3): 0 to 12 [usable: 12], LeaderAndIsr(4): 0 to 7 [usable: 7], StopReplica(5): 0 to 4 [usable: 4], UpdateMetadata(6): 0 to 8 [usable: 8], ControlledShutdown(7): 0 to 3 [usable: 3], OffsetCommit(8): 0 to 9 [usable: 9], OffsetFetch(9): 0 to 9 [usable: 9], FindCoordinator(10): 0 to 4 [usable: 4], JoinGroup(11): 0 to 9 [usable: 9], Heartbeat(12): 0 to 4 [usable: 4], LeaveGroup(13): 0 to 5 [usable: 5], SyncGroup(14): 0 to 5 [usable: 5], DescribeGroups(15): 0 to 5 [usable: 5], ListGroups(16): 0 to 4 [usable: 4], SaslHandshake(17): 0 to 1 [usable: 1], ApiVersions(18): 0 to 3 [usable: 3], CreateTopics(19): 0 to 7 [usable: 7], DeleteTopics(20): 0 to 6 [usable: 6], DeleteRecords(21): 0 to 2 [usable: 2], InitProducerId(22): 0 to 4 [usable: 4], OffsetForLeaderEpoch(23): 0 to 4 [usable: 4], AddPartitionsToTxn(24): 0 to 4 [usable: 4], AddOffsetsToTxn(25): 0 to 3 [usable: 3], EndTxn(26): 0 to 3 [usable: 3], WriteTxnMarkers(27): 0 to 1 [usable: 1], TxnOffsetCommit(28): 0 to 3 [usable: 3], DescribeAcls(29): 0 to 3 [usable: 3], CreateAcls(30): 0 to 3 [usable: 3], DeleteAcls(31): 0 to 3 [usable: 3], DescribeConfigs(32): 0 to 4 [usable: 4], AlterConfigs(33): 0 to 2 [usable: 2], AlterReplicaLogDirs(34): 0 to 2 [usable: 2], DescribeLogDirs(35): 0 to 4 [usable: 4], SaslAuthenticate(36): 0 to 2 [usable: 2], CreatePartitions(37): 0 to 3 [usable: 3], CreateDelegationToken(38): 0 to 3 [usable: 3], RenewDelegationToken(39): 0 to 2 [usable: 2], ExpireDelegationToken(40): 0 to 2 [usable: 2], DescribeDelegationToken(41): 0 to 3 [usable: 3], DeleteGroups(42): 0 to 2 [usable: 2], ElectLeaders(43): 0 to 2 [usable: 2], IncrementalAlterConfigs(44): 0 to 1 [usable: 1], AlterPartitionReassignments(45): 0 [usable: 0], ListPartitionReassignments(46): 0 [usable: 0], OffsetDelete(47): 0 [usable: 0], DescribeClientQuotas(48): 0 to 1 [usable: 1], AlterClientQuotas(49): 0 to 1 [usable: 1], DescribeUserScramCredentials(50): 0 [usable: 0], AlterUserScramCredentials(51): 0 [usable: 0], DescribeQuorum(55): UNSUPPORTED, AlterPartition(56): 0 to 3 [usable: 3], UpdateFeatures(57): 0 to 1 [usable: 1], Envelope(58): 0 [usable: 0], DescribeCluster(60): 0 to 1 [usable: 1], DescribeProducers(61): 0 [usable: 0], UnregisterBroker(64): UNSUPPORTED, DescribeTransactions(65): 0 [usable: 0], ListTransactions(66): 0 [usable: 0], AllocateProducerIds(67): 0 [usable: 0], ConsumerGroupHeartbeat(68): 0 [usable: 0], ConsumerGroupDescribe(69): UNSUPPORTED, GetTelemetrySubscriptions(71): UNSUPPORTED, PushTelemetry(72): UNSUPPORTED, ListClientMetricsResources(74): UNSUPPORTED).
2026-05-21T19:48:17.567+05:30  INFO 1778 --- [Fraud-Management] [http-nio-8082-exec-7] c.f.F.Kafka.TransactionProducer          : Processing transaction: com.fraud_detection.Fraud_Management.DTO.TransactionDTO@21a36154
2026-05-21T19:48:17.682+05:30  INFO 1778 --- [Fraud-Management] [http-nio-8082-exec-7] c.f.F.Kafka.TransactionProducer          : Notification sent for transaction ID: 435d98e7-7824-4cf4-9009-4b4d6350907f
2026-05-21T19:48:17.682+05:30 DEBUG 1778 --- [Fraud-Management] [kafka-producer-network-thread | Fraud-Management-producer-1] o.a.k.c.p.internals.RecordAccumulator    : [Producer clientId=Fraud-Management-producer-1] Assigned producerId 1 and producerEpoch 0 to batch with base sequence 3 being sent to partition notification-0
2026-05-21T19:48:17.682+05:30  INFO 1778 --- [Fraud-Management] [http-nio-8082-exec-7] c.f.F.Kafka.TransactionProducer          : Transaction evaluation result: FRAUD
2026-05-21T19:48:17.683+05:30 DEBUG 1778 --- [Fraud-Management] [kafka-producer-network-thread | Fraud-Management-producer-1] org.apache.kafka.clients.NetworkClient   : [Producer clientId=Fraud-Management-producer-1] Sending PRODUCE request with header RequestHeader(apiKey=PRODUCE, apiVersion=10, clientId=Fraud-Management-producer-1, correlationId=14, headerVersion=2) and timeout 30000 to node 0: {acks=-1,timeout=30000,partitionSizes=[notification-0=140]}
2026-05-21T19:48:17.683+05:30 DEBUG 1778 --- [Fraud-Management] [kafka-producer-network-thread | Fraud-Management-producer-1] o.a.k.c.p.internals.RecordAccumulator    : [Producer clientId=Fraud-Management-producer-1] Assigned producerId 0 and producerEpoch 0 to batch with base sequence 1 being sent to partition rollback-transactions-0
2026-05-21T19:48:17.683+05:30  INFO 1778 --- [Fraud-Management] [http-nio-8082-exec-7] c.f.F.Kafka.TransactionProducer          : FRAUD transaction! Rolled back and alert sent.
2026-05-21T19:48:17.683+05:30 DEBUG 1778 --- [Fraud-Management] [kafka-producer-network-thread | Fraud-Management-producer-1] org.apache.kafka.clients.NetworkClient   : [Producer clientId=Fraud-Management-producer-1] Sending PRODUCE request with header RequestHeader(apiKey=PRODUCE, apiVersion=10, clientId=Fraud-Management-producer-1, correlationId=16, headerVersion=2) and timeout 30000 to node 0: {acks=-1,timeout=30000,partitionSizes=[rollback-transactions-0=354]}
2026-05-21T19:48:17.684+05:30 DEBUG 1778 --- [Fraud-Management] [kafka-producer-network-thread | Fraud-Management-producer-1] o.a.k.c.p.internals.RecordAccumulator    : [Producer clientId=Fraud-Management-producer-1] Assigned producerId 2 and producerEpoch 0 to batch with base sequence 1 being sent to partition fraud-alerts-0
2026-05-21T19:48:17.685+05:30 DEBUG 1778 --- [Fraud-Management] [kafka-producer-network-thread | Fraud-Management-producer-1] org.apache.kafka.clients.NetworkClient   : [Producer clientId=Fraud-Management-producer-1] Sending PRODUCE request with header RequestHeader(apiKey=PRODUCE, apiVersion=10, clientId=Fraud-Management-producer-1, correlationId=6, headerVersion=2) and timeout 30000 to node 0: {acks=-1,timeout=30000,partitionSizes=[fraud-alerts-0=282]}
2026-05-21T19:48:17.690+05:30 DEBUG 1778 --- [Fraud-Management] [kafka-producer-network-thread | Fraud-Management-producer-1] org.apache.kafka.clients.NetworkClient   : [Producer clientId=Fraud-Management-producer-1] Received PRODUCE response from node 0 for request with header RequestHeader(apiKey=PRODUCE, apiVersion=10, clientId=Fraud-Management-producer-1, correlationId=14, headerVersion=2): ProduceResponseData(responses=[TopicProduceResponse(name='notification', partitionResponses=[PartitionProduceResponse(index=0, errorCode=0, baseOffset=3, logAppendTimeMs=-1, logStartOffset=0, recordErrors=[], errorMessage=null, currentLeader=LeaderIdAndEpoch(leaderId=-1, leaderEpoch=-1))])], throttleTimeMs=0, nodeEndpoints=[])
2026-05-21T19:48:17.690+05:30 DEBUG 1778 --- [Fraud-Management] [kafka-producer-network-thread | Fraud-Management-producer-1] org.apache.kafka.clients.NetworkClient   : [Producer clientId=Fraud-Management-producer-1] Received PRODUCE response from node 0 for request with header RequestHeader(apiKey=PRODUCE, apiVersion=10, clientId=Fraud-Management-producer-1, correlationId=6, headerVersion=2): ProduceResponseData(responses=[TopicProduceResponse(name='fraud-alerts', partitionResponses=[PartitionProduceResponse(index=0, errorCode=0, baseOffset=1, logAppendTimeMs=-1, logStartOffset=0, recordErrors=[], errorMessage=null, currentLeader=LeaderIdAndEpoch(leaderId=-1, leaderEpoch=-1))])], throttleTimeMs=0, nodeEndpoints=[])
2026-05-21T19:48:17.690+05:30 DEBUG 1778 --- [Fraud-Management] [kafka-producer-network-thread | Fraud-Management-producer-1] org.apache.kafka.clients.NetworkClient   : [Producer clientId=Fraud-Management-producer-1] Received PRODUCE response from node 0 for request with header RequestHeader(apiKey=PRODUCE, apiVersion=10, clientId=Fraud-Management-producer-1, correlationId=16, headerVersion=2): ProduceResponseData(responses=[TopicProduceResponse(name='rollback-transactions', partitionResponses=[PartitionProduceResponse(index=0, errorCode=0, baseOffset=1, logAppendTimeMs=-1, logStartOffset=0, recordErrors=[], errorMessage=null, currentLeader=LeaderIdAndEpoch(leaderId=-1, leaderEpoch=-1))])], throttleTimeMs=0, nodeEndpoints=[])
2026-05-21T19:48:17.691+05:30 DEBUG 1778 --- [Fraud-Management] [kafka-producer-network-thread | Fraud-Management-producer-1] o.a.k.c.p.internals.TransactionManager   : [Producer clientId=Fraud-Management-producer-1] ProducerId: 2; Set last ack'd sequence number for topic-partition fraud-alerts-0 to 1
2026-05-21T19:48:17.691+05:30 DEBUG 1778 --- [Fraud-Management] [kafka-producer-network-thread | Fraud-Management-producer-1] o.a.k.c.p.internals.TransactionManager   : [Producer clientId=Fraud-Management-producer-1] ProducerId: 1; Set last ack'd sequence number for topic-partition notification-0 to 3
2026-05-21T19:48:17.691+05:30 DEBUG 1778 --- [Fraud-Management] [kafka-producer-network-thread | Fraud-Management-producer-1] o.a.k.c.p.internals.TransactionManager   : [Producer clientId=Fraud-Management-producer-1] ProducerId: 0; Set last ack'd sequence number for topic-partition rollback-transactions-0 to 1
2026-05-21T19:48:59.475+05:30  INFO 1778 --- [Fraud-Management] [http-nio-8082-exec-8] c.f.F.Kafka.TransactionProducer          : Processing transaction: com.fraud_detection.Fraud_Management.DTO.TransactionDTO@3eaee2ca
2026-05-21T19:48:59.569+05:30  INFO 1778 --- [Fraud-Management] [http-nio-8082-exec-8] c.f.F.Kafka.TransactionProducer          : Notification sent for transaction ID: ead2a6e5-4de9-426d-9ca6-3178f5d90949
2026-05-21T19:48:59.571+05:30 DEBUG 1778 --- [Fraud-Management] [kafka-producer-network-thread | Fraud-Management-producer-1] o.a.k.c.p.internals.RecordAccumulator    : [Producer clientId=Fraud-Management-producer-1] Assigned producerId 1 and producerEpoch 0 to batch with base sequence 4 being sent to partition notification-0
2026-05-21T19:48:59.574+05:30  INFO 1778 --- [Fraud-Management] [http-nio-8082-exec-8] c.f.F.Kafka.TransactionProducer          : Transaction evaluation result: FRAUD
2026-05-21T19:48:59.577+05:30 DEBUG 1778 --- [Fraud-Management] [kafka-producer-network-thread | Fraud-Management-producer-1] org.apache.kafka.clients.NetworkClient   : [Producer clientId=Fraud-Management-producer-1] Sending PRODUCE request with header RequestHeader(apiKey=PRODUCE, apiVersion=10, clientId=Fraud-Management-producer-1, correlationId=15, headerVersion=2) and timeout 30000 to node 0: {acks=-1,timeout=30000,partitionSizes=[notification-0=140]}
2026-05-21T19:48:59.581+05:30 DEBUG 1778 --- [Fraud-Management] [kafka-producer-network-thread | Fraud-Management-producer-1] o.a.k.c.p.internals.RecordAccumulator    : [Producer clientId=Fraud-Management-producer-1] Assigned producerId 0 and producerEpoch 0 to batch with base sequence 2 being sent to partition rollback-transactions-0
2026-05-21T19:48:59.581+05:30  INFO 1778 --- [Fraud-Management] [http-nio-8082-exec-8] c.f.F.Kafka.TransactionProducer          : FRAUD transaction! Rolled back and alert sent.
2026-05-21T19:48:59.582+05:30 DEBUG 1778 --- [Fraud-Management] [kafka-producer-network-thread | Fraud-Management-producer-1] o.a.k.c.p.internals.RecordAccumulator    : [Producer clientId=Fraud-Management-producer-1] Assigned producerId 2 and producerEpoch 0 to batch with base sequence 2 being sent to partition fraud-alerts-0
2026-05-21T19:48:59.582+05:30 DEBUG 1778 --- [Fraud-Management] [kafka-producer-network-thread | Fraud-Management-producer-1] org.apache.kafka.clients.NetworkClient   : [Producer clientId=Fraud-Management-producer-1] Sending PRODUCE request with header RequestHeader(apiKey=PRODUCE, apiVersion=10, clientId=Fraud-Management-producer-1, correlationId=17, headerVersion=2) and timeout 30000 to node 0: {acks=-1,timeout=30000,partitionSizes=[rollback-transactions-0=354]}
2026-05-21T19:48:59.583+05:30 DEBUG 1778 --- [Fraud-Management] [kafka-producer-network-thread | Fraud-Management-producer-1] org.apache.kafka.clients.NetworkClient   : [Producer clientId=Fraud-Management-producer-1] Sending PRODUCE request with header RequestHeader(apiKey=PRODUCE, apiVersion=10, clientId=Fraud-Management-producer-1, correlationId=7, headerVersion=2) and timeout 30000 to node 0: {acks=-1,timeout=30000,partitionSizes=[fraud-alerts-0=412]}
2026-05-21T19:48:59.594+05:30 DEBUG 1778 --- [Fraud-Management] [kafka-producer-network-thread | Fraud-Management-producer-1] org.apache.kafka.clients.NetworkClient   : [Producer clientId=Fraud-Management-producer-1] Received PRODUCE response from node 0 for request with header RequestHeader(apiKey=PRODUCE, apiVersion=10, clientId=Fraud-Management-producer-1, correlationId=17, headerVersion=2): ProduceResponseData(responses=[TopicProduceResponse(name='rollback-transactions', partitionResponses=[PartitionProduceResponse(index=0, errorCode=0, baseOffset=2, logAppendTimeMs=-1, logStartOffset=0, recordErrors=[], errorMessage=null, currentLeader=LeaderIdAndEpoch(leaderId=-1, leaderEpoch=-1))])], throttleTimeMs=0, nodeEndpoints=[])
2026-05-21T19:48:59.594+05:30 DEBUG 1778 --- [Fraud-Management] [kafka-producer-network-thread | Fraud-Management-producer-1] org.apache.kafka.clients.NetworkClient   : [Producer clientId=Fraud-Management-producer-1] Received PRODUCE response from node 0 for request with header RequestHeader(apiKey=PRODUCE, apiVersion=10, clientId=Fraud-Management-producer-1, correlationId=7, headerVersion=2): ProduceResponseData(responses=[TopicProduceResponse(name='fraud-alerts', partitionResponses=[PartitionProduceResponse(index=0, errorCode=0, baseOffset=2, logAppendTimeMs=-1, logStartOffset=0, recordErrors=[], errorMessage=null, currentLeader=LeaderIdAndEpoch(leaderId=-1, leaderEpoch=-1))])], throttleTimeMs=0, nodeEndpoints=[])
2026-05-21T19:48:59.594+05:30 DEBUG 1778 --- [Fraud-Management] [kafka-producer-network-thread | Fraud-Management-producer-1] org.apache.kafka.clients.NetworkClient   : [Producer clientId=Fraud-Management-producer-1] Received PRODUCE response from node 0 for request with header RequestHeader(apiKey=PRODUCE, apiVersion=10, clientId=Fraud-Management-producer-1, correlationId=15, headerVersion=2): ProduceResponseData(responses=[TopicProduceResponse(name='notification', partitionResponses=[PartitionProduceResponse(index=0, errorCode=0, baseOffset=4, logAppendTimeMs=-1, logStartOffset=0, recordErrors=[], errorMessage=null, currentLeader=LeaderIdAndEpoch(leaderId=-1, leaderEpoch=-1))])], throttleTimeMs=0, nodeEndpoints=[])
2026-05-21T19:48:59.594+05:30 DEBUG 1778 --- [Fraud-Management] [kafka-producer-network-thread | Fraud-Management-producer-1] o.a.k.c.p.internals.TransactionManager   : [Producer clientId=Fraud-Management-producer-1] ProducerId: 0; Set last ack'd sequence number for topic-partition rollback-transactions-0 to 2
2026-05-21T19:48:59.594+05:30 DEBUG 1778 --- [Fraud-Management] [kafka-producer-network-thread | Fraud-Management-producer-1] o.a.k.c.p.internals.TransactionManager   : [Producer clientId=Fraud-Management-producer-1] ProducerId: 1; Set last ack'd sequence number for topic-partition notification-0 to 4
2026-05-21T19:48:59.594+05:30 DEBUG 1778 --- [Fraud-Management] [kafka-producer-network-thread | Fraud-Management-producer-1] o.a.k.c.p.internals.TransactionManager   : [Producer clientId=Fraud-Management-producer-1] ProducerId: 2; Set last ack'd sequence number for topic-partition fraud-alerts-0 to 2
2026-05-21T19:49:18.353+05:30  INFO 1778 --- [Fraud-Management] [AsyncResolver-bootstrap-executor-%d] c.n.d.s.r.aws.ConfigClusterResolver      : Resolving eureka endpoints via configuration
2026-05-21T19:51:29.241+05:30  INFO 1778 --- [Fraud-Management] [http-nio-8082-exec-10] c.f.F.Kafka.TransactionProducer          : Processing transaction: com.fraud_detection.Fraud_Management.DTO.TransactionDTO@3f59b777
2026-05-21T19:51:29.373+05:30  INFO 1778 --- [Fraud-Management] [http-nio-8082-exec-10] c.f.F.Kafka.TransactionProducer          : Notification sent for transaction ID: a9fbcc83-d59b-4a18-917d-b731e3666299
2026-05-21T19:51:29.373+05:30  INFO 1778 --- [Fraud-Management] [http-nio-8082-exec-10] c.f.F.Kafka.TransactionProducer          : Transaction evaluation result: FRAUD
2026-05-21T19:51:29.373+05:30 DEBUG 1778 --- [Fraud-Management] [kafka-producer-network-thread | Fraud-Management-producer-1] o.a.k.c.p.internals.RecordAccumulator    : [Producer clientId=Fraud-Management-producer-1] Assigned producerId 1 and producerEpoch 0 to batch with base sequence 5 being sent to partition notification-0
2026-05-21T19:51:29.374+05:30 DEBUG 1778 --- [Fraud-Management] [kafka-producer-network-thread | Fraud-Management-producer-1] o.a.k.c.p.internals.RecordAccumulator    : [Producer clientId=Fraud-Management-producer-1] Assigned producerId 0 and producerEpoch 0 to batch with base sequence 3 being sent to partition rollback-transactions-0
2026-05-21T19:51:29.374+05:30  INFO 1778 --- [Fraud-Management] [http-nio-8082-exec-10] c.f.F.Kafka.TransactionProducer          : FRAUD transaction! Rolled back and alert sent.
2026-05-21T19:51:29.374+05:30 DEBUG 1778 --- [Fraud-Management] [kafka-producer-network-thread | Fraud-Management-producer-1] org.apache.kafka.clients.NetworkClient   : [Producer clientId=Fraud-Management-producer-1] Sending PRODUCE request with header RequestHeader(apiKey=PRODUCE, apiVersion=10, clientId=Fraud-Management-producer-1, correlationId=18, headerVersion=2) and timeout 30000 to node 0: {acks=-1,timeout=30000,partitionSizes=[rollback-transactions-0=354]}
2026-05-21T19:51:29.374+05:30 DEBUG 1778 --- [Fraud-Management] [kafka-producer-network-thread | Fraud-Management-producer-1] o.a.k.c.p.internals.RecordAccumulator    : [Producer clientId=Fraud-Management-producer-1] Assigned producerId 2 and producerEpoch 0 to batch with base sequence 3 being sent to partition fraud-alerts-0
2026-05-21T19:51:29.374+05:30 DEBUG 1778 --- [Fraud-Management] [kafka-producer-network-thread | Fraud-Management-producer-1] org.apache.kafka.clients.NetworkClient   : [Producer clientId=Fraud-Management-producer-1] Sending PRODUCE request with header RequestHeader(apiKey=PRODUCE, apiVersion=10, clientId=Fraud-Management-producer-1, correlationId=16, headerVersion=2) and timeout 30000 to node 0: {acks=-1,timeout=30000,partitionSizes=[notification-0=140]}
2026-05-21T19:51:29.375+05:30 DEBUG 1778 --- [Fraud-Management] [kafka-producer-network-thread | Fraud-Management-producer-1] org.apache.kafka.clients.NetworkClient   : [Producer clientId=Fraud-Management-producer-1] Sending PRODUCE request with header RequestHeader(apiKey=PRODUCE, apiVersion=10, clientId=Fraud-Management-producer-1, correlationId=8, headerVersion=2) and timeout 30000 to node 0: {acks=-1,timeout=30000,partitionSizes=[fraud-alerts-0=282]}
2026-05-21T19:51:29.380+05:30 DEBUG 1778 --- [Fraud-Management] [kafka-producer-network-thread | Fraud-Management-producer-1] org.apache.kafka.clients.NetworkClient   : [Producer clientId=Fraud-Management-producer-1] Received PRODUCE response from node 0 for request with header RequestHeader(apiKey=PRODUCE, apiVersion=10, clientId=Fraud-Management-producer-1, correlationId=18, headerVersion=2): ProduceResponseData(responses=[TopicProduceResponse(name='rollback-transactions', partitionResponses=[PartitionProduceResponse(index=0, errorCode=0, baseOffset=3, logAppendTimeMs=-1, logStartOffset=0, recordErrors=[], errorMessage=null, currentLeader=LeaderIdAndEpoch(leaderId=-1, leaderEpoch=-1))])], throttleTimeMs=0, nodeEndpoints=[])
2026-05-21T19:51:29.380+05:30 DEBUG 1778 --- [Fraud-Management] [kafka-producer-network-thread | Fraud-Management-producer-1] org.apache.kafka.clients.NetworkClient   : [Producer clientId=Fraud-Management-producer-1] Received PRODUCE response from node 0 for request with header RequestHeader(apiKey=PRODUCE, apiVersion=10, clientId=Fraud-Management-producer-1, correlationId=8, headerVersion=2): ProduceResponseData(responses=[TopicProduceResponse(name='fraud-alerts', partitionResponses=[PartitionProduceResponse(index=0, errorCode=0, baseOffset=3, logAppendTimeMs=-1, logStartOffset=0, recordErrors=[], errorMessage=null, currentLeader=LeaderIdAndEpoch(leaderId=-1, leaderEpoch=-1))])], throttleTimeMs=0, nodeEndpoints=[])
2026-05-21T19:51:29.380+05:30 DEBUG 1778 --- [Fraud-Management] [kafka-producer-network-thread | Fraud-Management-producer-1] org.apache.kafka.clients.NetworkClient   : [Producer clientId=Fraud-Management-producer-1] Received PRODUCE response from node 0 for request with header RequestHeader(apiKey=PRODUCE, apiVersion=10, clientId=Fraud-Management-producer-1, correlationId=16, headerVersion=2): ProduceResponseData(responses=[TopicProduceResponse(name='notification', partitionResponses=[PartitionProduceResponse(index=0, errorCode=0, baseOffset=5, logAppendTimeMs=-1, logStartOffset=0, recordErrors=[], errorMessage=null, currentLeader=LeaderIdAndEpoch(leaderId=-1, leaderEpoch=-1))])], throttleTimeMs=0, nodeEndpoints=[])
2026-05-21T19:51:29.381+05:30 DEBUG 1778 --- [Fraud-Management] [kafka-producer-network-thread | Fraud-Management-producer-1] o.a.k.c.p.internals.TransactionManager   : [Producer clientId=Fraud-Management-producer-1] ProducerId: 0; Set last ack'd sequence number for topic-partition rollback-transactions-0 to 3
2026-05-21T19:51:29.381+05:30 DEBUG 1778 --- [Fraud-Management] [kafka-producer-network-thread | Fraud-Management-producer-1] o.a.k.c.p.internals.TransactionManager   : [Producer clientId=Fraud-Management-producer-1] ProducerId: 1; Set last ack'd sequence number for topic-partition notification-0 to 5
2026-05-21T19:51:29.381+05:30 DEBUG 1778 --- [Fraud-Management] [kafka-producer-network-thread | Fraud-Management-producer-1] o.a.k.c.p.internals.TransactionManager   : [Producer clientId=Fraud-Management-producer-1] ProducerId: 2; Set last ack'd sequence number for topic-partition fraud-alerts-0 to 3
2026-05-21T19:51:49.848+05:30 DEBUG 1778 --- [Fraud-Management] [kafka-producer-network-thread | Fraud-Management-producer-1] org.apache.kafka.clients.NetworkClient   : [Producer clientId=Fraud-Management-producer-1] Sending metadata request MetadataRequestData(topics=[MetadataRequestTopic(topicId=AAAAAAAAAAAAAAAAAAAAAA, name='fraud-alerts')], allowAutoTopicCreation=true, includeClusterAuthorizedOperations=false, includeTopicAuthorizedOperations=false) to node 192.168.1.15:9092 (id: 0 rack: null)
2026-05-21T19:51:49.855+05:30 DEBUG 1778 --- [Fraud-Management] [kafka-producer-network-thread | Fraud-Management-producer-1] org.apache.kafka.clients.NetworkClient   : [Producer clientId=Fraud-Management-producer-1] Sending METADATA request with header RequestHeader(apiKey=METADATA, apiVersion=12, clientId=Fraud-Management-producer-1, correlationId=9, headerVersion=2) and timeout 30000 to node 0: MetadataRequestData(topics=[MetadataRequestTopic(topicId=AAAAAAAAAAAAAAAAAAAAAA, name='fraud-alerts')], allowAutoTopicCreation=true, includeClusterAuthorizedOperations=false, includeTopicAuthorizedOperations=false)
2026-05-21T19:51:49.857+05:30 DEBUG 1778 --- [Fraud-Management] [kafka-producer-network-thread | Fraud-Management-producer-1] o.a.k.c.t.i.ClientTelemetryReporter      : Creating telemetry subscription request with client instance id AAAAAAAAAAAAAAAAAAAAAA
2026-05-21T19:51:49.857+05:30 DEBUG 1778 --- [Fraud-Management] [kafka-producer-network-thread | Fraud-Management-producer-1] o.a.k.c.t.i.ClientTelemetryReporter      : Setting telemetry state from SUBSCRIPTION_NEEDED to SUBSCRIPTION_IN_PROGRESS
2026-05-21T19:51:49.858+05:30 DEBUG 1778 --- [Fraud-Management] [kafka-producer-network-thread | Fraud-Management-producer-1] org.apache.kafka.clients.NetworkClient   : [Producer clientId=Fraud-Management-producer-1] Version mismatch when attempting to send GetTelemetrySubscriptionsRequestData(clientInstanceId=AAAAAAAAAAAAAAAAAAAAAA) with correlation id 10 to -1

org.apache.kafka.common.errors.UnsupportedVersionException: The node does not support GET_TELEMETRY_SUBSCRIPTIONS

2026-05-21T19:51:49.859+05:30 DEBUG 1778 --- [Fraud-Management] [kafka-producer-network-thread | Fraud-Management-producer-1] o.a.k.c.t.i.ClientTelemetryReporter      : The broker generated an error for the get telemetry network API request

org.apache.kafka.common.errors.UnsupportedVersionException: The node does not support GET_TELEMETRY_SUBSCRIPTIONS

2026-05-21T19:51:49.859+05:30 DEBUG 1778 --- [Fraud-Management] [kafka-producer-network-thread | Fraud-Management-producer-1] o.a.k.c.t.i.ClientTelemetryReporter      : Updating intervalMs: 300000, lastRequestMs: 1779373309859
2026-05-21T19:51:49.859+05:30 DEBUG 1778 --- [Fraud-Management] [kafka-producer-network-thread | Fraud-Management-producer-1] o.a.k.c.t.i.ClientTelemetryReporter      : Setting telemetry state from SUBSCRIPTION_IN_PROGRESS to SUBSCRIPTION_NEEDED
2026-05-21T19:51:49.868+05:30 DEBUG 1778 --- [Fraud-Management] [kafka-producer-network-thread | Fraud-Management-producer-1] org.apache.kafka.clients.NetworkClient   : [Producer clientId=Fraud-Management-producer-1] Received METADATA response from node 0 for request with header RequestHeader(apiKey=METADATA, apiVersion=12, clientId=Fraud-Management-producer-1, correlationId=9, headerVersion=2): MetadataResponseData(throttleTimeMs=0, brokers=[MetadataResponseBroker(nodeId=0, host='192.168.1.15', port=9092, rack=null)], clusterId='9YJeH9LiQPabFK2-ohTFOA', controllerId=0, topics=[MetadataResponseTopic(errorCode=0, name='fraud-alerts', topicId=igZ8IUrNQxqStOjnoWrz9A, isInternal=false, partitions=[MetadataResponsePartition(errorCode=0, partitionIndex=0, leaderId=0, leaderEpoch=0, replicaNodes=[0], isrNodes=[0], offlineReplicas=[])], topicAuthorizedOperations=-2147483648)], clusterAuthorizedOperations=-2147483648)
2026-05-21T19:51:49.869+05:30 DEBUG 1778 --- [Fraud-Management] [kafka-producer-network-thread | Fraud-Management-producer-1] org.apache.kafka.clients.Metadata        : [Producer clientId=Fraud-Management-producer-1] Updating last seen epoch for partition fraud-alerts-0 from 0 to epoch 0 from new metadata
2026-05-21T19:51:49.870+05:30 DEBUG 1778 --- [Fraud-Management] [kafka-producer-network-thread | Fraud-Management-producer-1] org.apache.kafka.clients.Metadata        : [Producer clientId=Fraud-Management-producer-1] Updated cluster metadata updateVersion 3 to MetadataCache{clusterId='9YJeH9LiQPabFK2-ohTFOA', nodes={0=192.168.1.15:9092 (id: 0 rack: null)}, partitions=[PartitionMetadata(error=NONE, partition=fraud-alerts-0, leader=Optional[0], leaderEpoch=Optional[0], replicas=0, isr=0, offlineReplicas=)], controller=192.168.1.15:9092 (id: 0 rack: null)}
2026-05-21T19:52:19.669+05:30 DEBUG 1778 --- [Fraud-Management] [kafka-producer-network-thread | Fraud-Management-producer-1] org.apache.kafka.clients.NetworkClient   : [Producer clientId=Fraud-Management-producer-1] Sending metadata request MetadataRequestData(topics=[MetadataRequestTopic(topicId=AAAAAAAAAAAAAAAAAAAAAA, name='notification')], allowAutoTopicCreation=true, includeClusterAuthorizedOperations=false, includeTopicAuthorizedOperations=false) to node 192.168.1.15:9092 (id: 0 rack: null)
2026-05-21T19:52:19.675+05:30 DEBUG 1778 --- [Fraud-Management] [kafka-producer-network-thread | Fraud-Management-producer-1] org.apache.kafka.clients.NetworkClient   : [Producer clientId=Fraud-Management-producer-1] Sending METADATA request with header RequestHeader(apiKey=METADATA, apiVersion=12, clientId=Fraud-Management-producer-1, correlationId=17, headerVersion=2) and timeout 30000 to node 0: MetadataRequestData(topics=[MetadataRequestTopic(topicId=AAAAAAAAAAAAAAAAAAAAAA, name='notification')], allowAutoTopicCreation=true, includeClusterAuthorizedOperations=false, includeTopicAuthorizedOperations=false)
2026-05-21T19:52:19.686+05:30 DEBUG 1778 --- [Fraud-Management] [kafka-producer-network-thread | Fraud-Management-producer-1] org.apache.kafka.clients.NetworkClient   : [Producer clientId=Fraud-Management-producer-1] Received METADATA response from node 0 for request with header RequestHeader(apiKey=METADATA, apiVersion=12, clientId=Fraud-Management-producer-1, correlationId=17, headerVersion=2): MetadataResponseData(throttleTimeMs=0, brokers=[MetadataResponseBroker(nodeId=0, host='192.168.1.15', port=9092, rack=null)], clusterId='9YJeH9LiQPabFK2-ohTFOA', controllerId=0, topics=[MetadataResponseTopic(errorCode=0, name='notification', topicId=DyxN5cIIS-KuhaJQv1O9gw, isInternal=false, partitions=[MetadataResponsePartition(errorCode=0, partitionIndex=0, leaderId=0, leaderEpoch=0, replicaNodes=[0], isrNodes=[0], offlineReplicas=[])], topicAuthorizedOperations=-2147483648)], clusterAuthorizedOperations=-2147483648)
2026-05-21T19:52:19.687+05:30 DEBUG 1778 --- [Fraud-Management] [kafka-producer-network-thread | Fraud-Management-producer-1] org.apache.kafka.clients.Metadata        : [Producer clientId=Fraud-Management-producer-1] Updating last seen epoch for partition notification-0 from 0 to epoch 0 from new metadata
2026-05-21T19:52:19.688+05:30 DEBUG 1778 --- [Fraud-Management] [kafka-producer-network-thread | Fraud-Management-producer-1] org.apache.kafka.clients.Metadata        : [Producer clientId=Fraud-Management-producer-1] Updated cluster metadata updateVersion 5 to MetadataCache{clusterId='9YJeH9LiQPabFK2-ohTFOA', nodes={0=192.168.1.15:9092 (id: 0 rack: null)}, partitions=[PartitionMetadata(error=NONE, partition=notification-0, leader=Optional[0], leaderEpoch=Optional[0], replicas=0, isr=0, offlineReplicas=)], controller=192.168.1.15:9092 (id: 0 rack: null)}
2026-05-21T19:52:19.815+05:30 DEBUG 1778 --- [Fraud-Management] [kafka-producer-network-thread | Fraud-Management-producer-1] org.apache.kafka.clients.NetworkClient   : [Producer clientId=Fraud-Management-producer-1] Sending metadata request MetadataRequestData(topics=[MetadataRequestTopic(topicId=AAAAAAAAAAAAAAAAAAAAAA, name='valid-transactions'), MetadataRequestTopic(topicId=AAAAAAAAAAAAAAAAAAAAAA, name='rollback-transactions')], allowAutoTopicCreation=true, includeClusterAuthorizedOperations=false, includeTopicAuthorizedOperations=false) to node 192.168.1.15:9092 (id: 0 rack: null)
2026-05-21T19:52:19.816+05:30 DEBUG 1778 --- [Fraud-Management] [kafka-producer-network-thread | Fraud-Management-producer-1] org.apache.kafka.clients.NetworkClient   : [Producer clientId=Fraud-Management-producer-1] Sending METADATA request with header RequestHeader(apiKey=METADATA, apiVersion=12, clientId=Fraud-Management-producer-1, correlationId=19, headerVersion=2) and timeout 30000 to node 0: MetadataRequestData(topics=[MetadataRequestTopic(topicId=AAAAAAAAAAAAAAAAAAAAAA, name='valid-transactions'), MetadataRequestTopic(topicId=AAAAAAAAAAAAAAAAAAAAAA, name='rollback-transactions')], allowAutoTopicCreation=true, includeClusterAuthorizedOperations=false, includeTopicAuthorizedOperations=false)
2026-05-21T19:52:19.818+05:30 DEBUG 1778 --- [Fraud-Management] [kafka-producer-network-thread | Fraud-Management-producer-1] org.apache.kafka.clients.NetworkClient   : [Producer clientId=Fraud-Management-producer-1] Received METADATA response from node 0 for request with header RequestHeader(apiKey=METADATA, apiVersion=12, clientId=Fraud-Management-producer-1, correlationId=19, headerVersion=2): MetadataResponseData(throttleTimeMs=0, brokers=[MetadataResponseBroker(nodeId=0, host='192.168.1.15', port=9092, rack=null)], clusterId='9YJeH9LiQPabFK2-ohTFOA', controllerId=0, topics=[MetadataResponseTopic(errorCode=0, name='valid-transactions', topicId=v31IJ8L6TVuEw05Yu2NFTg, isInternal=false, partitions=[MetadataResponsePartition(errorCode=0, partitionIndex=0, leaderId=0, leaderEpoch=0, replicaNodes=[0], isrNodes=[0], offlineReplicas=[])], topicAuthorizedOperations=-2147483648), MetadataResponseTopic(errorCode=0, name='rollback-transactions', topicId=l5_XOGu1T0C1Ywef7hcyoA, isInternal=false, partitions=[MetadataResponsePartition(errorCode=0, partitionIndex=0, leaderId=0, leaderEpoch=0, replicaNodes=[0], isrNodes=[0], offlineReplicas=[])], topicAuthorizedOperations=-2147483648)], clusterAuthorizedOperations=-2147483648)
2026-05-21T19:52:19.819+05:30 DEBUG 1778 --- [Fraud-Management] [kafka-producer-network-thread | Fraud-Management-producer-1] o.a.k.c.p.internals.ProducerMetadata     : [Producer clientId=Fraud-Management-producer-1] Removing unused topic valid-transactions from the metadata list, expiryMs 1779373071832 now 1779373339818
2026-05-21T19:52:19.819+05:30 DEBUG 1778 --- [Fraud-Management] [kafka-producer-network-thread | Fraud-Management-producer-1] org.apache.kafka.clients.Metadata        : [Producer clientId=Fraud-Management-producer-1] Updating last seen epoch for partition rollback-transactions-0 from 0 to epoch 0 from new metadata
2026-05-21T19:52:19.819+05:30 DEBUG 1778 --- [Fraud-Management] [kafka-producer-network-thread | Fraud-Management-producer-1] org.apache.kafka.clients.Metadata        : [Producer clientId=Fraud-Management-producer-1] Updated cluster metadata updateVersion 8 to MetadataCache{clusterId='9YJeH9LiQPabFK2-ohTFOA', nodes={0=192.168.1.15:9092 (id: 0 rack: null)}, partitions=[PartitionMetadata(error=NONE, partition=rollback-transactions-0, leader=Optional[0], leaderEpoch=Optional[0], replicas=0, isr=0, offlineReplicas=)], controller=192.168.1.15:9092 (id: 0 rack: null)}
2026-05-21T19:53:09.504+05:30 DEBUG 1778 --- [Fraud-Management] [kafka-producer-network-thread | Fraud-Management-producer-1] o.a.k.c.t.i.ClientTelemetryReporter      : Creating telemetry subscription request with client instance id AAAAAAAAAAAAAAAAAAAAAA
2026-05-21T19:53:09.507+05:30 DEBUG 1778 --- [Fraud-Management] [kafka-producer-network-thread | Fraud-Management-producer-1] o.a.k.c.t.i.ClientTelemetryReporter      : Setting telemetry state from SUBSCRIPTION_NEEDED to SUBSCRIPTION_IN_PROGRESS
2026-05-21T19:53:09.507+05:30 DEBUG 1778 --- [Fraud-Management] [kafka-producer-network-thread | Fraud-Management-producer-1] org.apache.kafka.clients.NetworkClient   : [Producer clientId=Fraud-Management-producer-1] Version mismatch when attempting to send GetTelemetrySubscriptionsRequestData(clientInstanceId=AAAAAAAAAAAAAAAAAAAAAA) with correlation id 18 to 0

org.apache.kafka.common.errors.UnsupportedVersionException: The node does not support GET_TELEMETRY_SUBSCRIPTIONS

2026-05-21T19:53:09.509+05:30 DEBUG 1778 --- [Fraud-Management] [kafka-producer-network-thread | Fraud-Management-producer-1] o.a.k.c.t.i.ClientTelemetryReporter      : The broker generated an error for the get telemetry network API request

org.apache.kafka.common.errors.UnsupportedVersionException: The node does not support GET_TELEMETRY_SUBSCRIPTIONS

2026-05-21T19:53:09.509+05:30 DEBUG 1778 --- [Fraud-Management] [kafka-producer-network-thread | Fraud-Management-producer-1] o.a.k.c.t.i.ClientTelemetryReporter      : Updating intervalMs: 300000, lastRequestMs: 1779373389509
2026-05-21T19:53:09.509+05:30 DEBUG 1778 --- [Fraud-Management] [kafka-producer-network-thread | Fraud-Management-producer-1] o.a.k.c.t.i.ClientTelemetryReporter      : Setting telemetry state from SUBSCRIPTION_IN_PROGRESS to SUBSCRIPTION_NEEDED
2026-05-21T19:53:09.526+05:30 DEBUG 1778 --- [Fraud-Management] [kafka-producer-network-thread | Fraud-Management-producer-1] o.a.k.c.t.i.ClientTelemetryReporter      : Creating telemetry subscription request with client instance id AAAAAAAAAAAAAAAAAAAAAA
2026-05-21T19:53:09.527+05:30 DEBUG 1778 --- [Fraud-Management] [kafka-producer-network-thread | Fraud-Management-producer-1] o.a.k.c.t.i.ClientTelemetryReporter      : Setting telemetry state from SUBSCRIPTION_NEEDED to SUBSCRIPTION_IN_PROGRESS
2026-05-21T19:53:09.527+05:30 DEBUG 1778 --- [Fraud-Management] [kafka-producer-network-thread | Fraud-Management-producer-1] org.apache.kafka.clients.NetworkClient   : [Producer clientId=Fraud-Management-producer-1] Version mismatch when attempting to send GetTelemetrySubscriptionsRequestData(clientInstanceId=AAAAAAAAAAAAAAAAAAAAAA) with correlation id 20 to 0

org.apache.kafka.common.errors.UnsupportedVersionException: The node does not support GET_TELEMETRY_SUBSCRIPTIONS

2026-05-21T19:53:09.527+05:30 DEBUG 1778 --- [Fraud-Management] [kafka-producer-network-thread | Fraud-Management-producer-1] o.a.k.c.t.i.ClientTelemetryReporter      : The broker generated an error for the get telemetry network API request

org.apache.kafka.common.errors.UnsupportedVersionException: The node does not support GET_TELEMETRY_SUBSCRIPTIONS

2026-05-21T19:53:09.527+05:30 DEBUG 1778 --- [Fraud-Management] [kafka-producer-network-thread | Fraud-Management-producer-1] o.a.k.c.t.i.ClientTelemetryReporter      : Updating intervalMs: 300000, lastRequestMs: 1779373389527
2026-05-21T19:53:09.527+05:30 DEBUG 1778 --- [Fraud-Management] [kafka-producer-network-thread | Fraud-Management-producer-1] o.a.k.c.t.i.ClientTelemetryReporter      : Setting telemetry state from SUBSCRIPTION_IN_PROGRESS to SUBSCRIPTION_NEEDED
2026-05-21T19:54:18.368+05:30  INFO 1778 --- [Fraud-Management] [AsyncResolver-bootstrap-executor-%d] c.n.d.s.r.aws.ConfigClusterResolver      : Resolving eureka endpoints via configuration
2026-05-21T19:55:49.913+05:30  INFO 1778 --- [Fraud-Management] [kafka-producer-network-thread | Fraud-Management-producer-1] org.apache.kafka.clients.NetworkClient   : [Producer clientId=Fraud-Management-producer-1] Node -1 disconnected.
2026-05-21T19:55:49.927+05:30 DEBUG 1778 --- [Fraud-Management] [kafka-producer-network-thread | Fraud-Management-producer-1] org.apache.kafka.clients.NetworkClient   : [Producer clientId=Fraud-Management-producer-1] Sending metadata request MetadataRequestData(topics=[MetadataRequestTopic(topicId=AAAAAAAAAAAAAAAAAAAAAA, name='fraud-alerts')], allowAutoTopicCreation=true, includeClusterAuthorizedOperations=false, includeTopicAuthorizedOperations=false) to node 192.168.1.15:9092 (id: 0 rack: null)
2026-05-21T19:55:49.929+05:30 DEBUG 1778 --- [Fraud-Management] [kafka-producer-network-thread | Fraud-Management-producer-1] org.apache.kafka.clients.NetworkClient   : [Producer clientId=Fraud-Management-producer-1] Sending METADATA request with header RequestHeader(apiKey=METADATA, apiVersion=12, clientId=Fraud-Management-producer-1, correlationId=11, headerVersion=2) and timeout 30000 to node 0: MetadataRequestData(topics=[MetadataRequestTopic(topicId=AAAAAAAAAAAAAAAAAAAAAA, name='fraud-alerts')], allowAutoTopicCreation=true, includeClusterAuthorizedOperations=false, includeTopicAuthorizedOperations=false)
2026-05-21T19:55:49.935+05:30 DEBUG 1778 --- [Fraud-Management] [kafka-producer-network-thread | Fraud-Management-producer-1] org.apache.kafka.clients.NetworkClient   : [Producer clientId=Fraud-Management-producer-1] Received METADATA response from node 0 for request with header RequestHeader(apiKey=METADATA, apiVersion=12, clientId=Fraud-Management-producer-1, correlationId=11, headerVersion=2): MetadataResponseData(throttleTimeMs=0, brokers=[MetadataResponseBroker(nodeId=0, host='192.168.1.15', port=9092, rack=null)], clusterId='9YJeH9LiQPabFK2-ohTFOA', controllerId=0, topics=[MetadataResponseTopic(errorCode=0, name='fraud-alerts', topicId=igZ8IUrNQxqStOjnoWrz9A, isInternal=false, partitions=[MetadataResponsePartition(errorCode=0, partitionIndex=0, leaderId=0, leaderEpoch=0, replicaNodes=[0], isrNodes=[0], offlineReplicas=[])], topicAuthorizedOperations=-2147483648)], clusterAuthorizedOperations=-2147483648)
2026-05-21T19:55:49.936+05:30 DEBUG 1778 --- [Fraud-Management] [kafka-producer-network-thread | Fraud-Management-producer-1] org.apache.kafka.clients.Metadata        : [Producer clientId=Fraud-Management-producer-1] Updating last seen epoch for partition fraud-alerts-0 from 0 to epoch 0 from new metadata
2026-05-21T19:55:49.937+05:30 DEBUG 1778 --- [Fraud-Management] [kafka-producer-network-thread | Fraud-Management-producer-1] org.apache.kafka.clients.Metadata        : [Producer clientId=Fraud-Management-producer-1] Updated cluster metadata updateVersion 4 to MetadataCache{clusterId='9YJeH9LiQPabFK2-ohTFOA', nodes={0=192.168.1.15:9092 (id: 0 rack: null)}, partitions=[PartitionMetadata(error=NONE, partition=fraud-alerts-0, leader=Optional[0], leaderEpoch=Optional[0], replicas=0, isr=0, offlineReplicas=)], controller=192.168.1.15:9092 (id: 0 rack: null)}
2026-05-21T19:56:49.863+05:30 DEBUG 1778 --- [Fraud-Management] [kafka-producer-network-thread | Fraud-Management-producer-1] org.apache.kafka.clients.NetworkClient   : [Producer clientId=Fraud-Management-producer-1] Initialize connection to node localhost:9092 (id: -1 rack: null) for sending telemetry request
2026-05-21T19:56:49.866+05:30 DEBUG 1778 --- [Fraud-Management] [kafka-producer-network-thread | Fraud-Management-producer-1] org.apache.kafka.clients.ClientUtils     : Resolved host localhost as 127.0.0.1
2026-05-21T19:56:49.867+05:30 DEBUG 1778 --- [Fraud-Management] [kafka-producer-network-thread | Fraud-Management-producer-1] o.a.k.clients.ClusterConnectionStates    : [Producer clientId=Fraud-Management-producer-1] Resolved host localhost to addresses [localhost/127.0.0.1]
2026-05-21T19:56:49.867+05:30 DEBUG 1778 --- [Fraud-Management] [kafka-producer-network-thread | Fraud-Management-producer-1] org.apache.kafka.clients.NetworkClient   : [Producer clientId=Fraud-Management-producer-1] Initiating connection to node localhost:9092 (id: -1 rack: null) using address localhost/127.0.0.1
2026-05-21T19:56:49.870+05:30 DEBUG 1778 --- [Fraud-Management] [kafka-producer-network-thread | Fraud-Management-producer-1] o.apache.kafka.common.network.Selector   : [Producer clientId=Fraud-Management-producer-1] Created socket with SO_RCVBUF = 326640, SO_SNDBUF = 146988, SO_TIMEOUT = 0 to node -1
2026-05-21T19:56:49.871+05:30 DEBUG 1778 --- [Fraud-Management] [kafka-producer-network-thread | Fraud-Management-producer-1] org.apache.kafka.clients.NetworkClient   : [Producer clientId=Fraud-Management-producer-1] Completed connection to node -1. Fetching API versions.
2026-05-21T19:56:49.872+05:30 DEBUG 1778 --- [Fraud-Management] [kafka-producer-network-thread | Fraud-Management-producer-1] org.apache.kafka.clients.NetworkClient   : [Producer clientId=Fraud-Management-producer-1] Initiating API versions fetch from node -1.
2026-05-21T19:56:49.873+05:30 DEBUG 1778 --- [Fraud-Management] [kafka-producer-network-thread | Fraud-Management-producer-1] org.apache.kafka.clients.NetworkClient   : [Producer clientId=Fraud-Management-producer-1] Sending API_VERSIONS request with header RequestHeader(apiKey=API_VERSIONS, apiVersion=3, clientId=Fraud-Management-producer-1, correlationId=12, headerVersion=2) and timeout 30000 to node -1: ApiVersionsRequestData(clientSoftwareName='apache-kafka-java', clientSoftwareVersion='3.7.0')
2026-05-21T19:56:49.877+05:30 DEBUG 1778 --- [Fraud-Management] [kafka-producer-network-thread | Fraud-Management-producer-1] o.a.k.c.t.i.ClientTelemetryReporter      : Creating telemetry subscription request with client instance id AAAAAAAAAAAAAAAAAAAAAA
2026-05-21T19:56:49.878+05:30 DEBUG 1778 --- [Fraud-Management] [kafka-producer-network-thread | Fraud-Management-producer-1] o.a.k.c.t.i.ClientTelemetryReporter      : Setting telemetry state from SUBSCRIPTION_NEEDED to SUBSCRIPTION_IN_PROGRESS
2026-05-21T19:56:49.879+05:30 DEBUG 1778 --- [Fraud-Management] [kafka-producer-network-thread | Fraud-Management-producer-1] org.apache.kafka.clients.NetworkClient   : [Producer clientId=Fraud-Management-producer-1] Version mismatch when attempting to send GetTelemetrySubscriptionsRequestData(clientInstanceId=AAAAAAAAAAAAAAAAAAAAAA) with correlation id 13 to 0

org.apache.kafka.common.errors.UnsupportedVersionException: The node does not support GET_TELEMETRY_SUBSCRIPTIONS

2026-05-21T19:56:49.880+05:30 DEBUG 1778 --- [Fraud-Management] [kafka-producer-network-thread | Fraud-Management-producer-1] o.a.k.c.t.i.ClientTelemetryReporter      : The broker generated an error for the get telemetry network API request

org.apache.kafka.common.errors.UnsupportedVersionException: The node does not support GET_TELEMETRY_SUBSCRIPTIONS

2026-05-21T19:56:49.881+05:30 DEBUG 1778 --- [Fraud-Management] [kafka-producer-network-thread | Fraud-Management-producer-1] o.a.k.c.t.i.ClientTelemetryReporter      : Updating intervalMs: 300000, lastRequestMs: 1779373609881
2026-05-21T19:56:49.881+05:30 DEBUG 1778 --- [Fraud-Management] [kafka-producer-network-thread | Fraud-Management-producer-1] o.a.k.c.t.i.ClientTelemetryReporter      : Setting telemetry state from SUBSCRIPTION_IN_PROGRESS to SUBSCRIPTION_NEEDED
2026-05-21T19:56:49.885+05:30 DEBUG 1778 --- [Fraud-Management] [kafka-producer-network-thread | Fraud-Management-producer-1] org.apache.kafka.clients.NetworkClient   : [Producer clientId=Fraud-Management-producer-1] Received API_VERSIONS response from node -1 for request with header RequestHeader(apiKey=API_VERSIONS, apiVersion=3, clientId=Fraud-Management-producer-1, correlationId=12, headerVersion=2): ApiVersionsResponseData(errorCode=0, apiKeys=[ApiVersion(apiKey=0, minVersion=0, maxVersion=10), ApiVersion(apiKey=1, minVersion=0, maxVersion=16), ApiVersion(apiKey=2, minVersion=0, maxVersion=8), ApiVersion(apiKey=3, minVersion=0, maxVersion=12), ApiVersion(apiKey=4, minVersion=0, maxVersion=7), ApiVersion(apiKey=5, minVersion=0, maxVersion=4), ApiVersion(apiKey=6, minVersion=0, maxVersion=8), ApiVersion(apiKey=7, minVersion=0, maxVersion=3), ApiVersion(apiKey=8, minVersion=0, maxVersion=9), ApiVersion(apiKey=9, minVersion=0, maxVersion=9), ApiVersion(apiKey=10, minVersion=0, maxVersion=4), ApiVersion(apiKey=11, minVersion=0, maxVersion=9), ApiVersion(apiKey=12, minVersion=0, maxVersion=4), ApiVersion(apiKey=13, minVersion=0, maxVersion=5), ApiVersion(apiKey=14, minVersion=0, maxVersion=5), ApiVersion(apiKey=15, minVersion=0, maxVersion=5), ApiVersion(apiKey=16, minVersion=0, maxVersion=4), ApiVersion(apiKey=17, minVersion=0, maxVersion=1), ApiVersion(apiKey=18, minVersion=0, maxVersion=3), ApiVersion(apiKey=19, minVersion=0, maxVersion=7), ApiVersion(apiKey=20, minVersion=0, maxVersion=6), ApiVersion(apiKey=21, minVersion=0, maxVersion=2), ApiVersion(apiKey=22, minVersion=0, maxVersion=4), ApiVersion(apiKey=23, minVersion=0, maxVersion=4), ApiVersion(apiKey=24, minVersion=0, maxVersion=4), ApiVersion(apiKey=25, minVersion=0, maxVersion=3), ApiVersion(apiKey=26, minVersion=0, maxVersion=3), ApiVersion(apiKey=27, minVersion=0, maxVersion=1), ApiVersion(apiKey=28, minVersion=0, maxVersion=3), ApiVersion(apiKey=29, minVersion=0, maxVersion=3), ApiVersion(apiKey=30, minVersion=0, maxVersion=3), ApiVersion(apiKey=31, minVersion=0, maxVersion=3), ApiVersion(apiKey=32, minVersion=0, maxVersion=4), ApiVersion(apiKey=33, minVersion=0, maxVersion=2), ApiVersion(apiKey=34, minVersion=0, maxVersion=2), ApiVersion(apiKey=35, minVersion=0, maxVersion=4), ApiVersion(apiKey=36, minVersion=0, maxVersion=2), ApiVersion(apiKey=37, minVersion=0, maxVersion=3), ApiVersion(apiKey=38, minVersion=0, maxVersion=3), ApiVersion(apiKey=39, minVersion=0, maxVersion=2), ApiVersion(apiKey=40, minVersion=0, maxVersion=2), ApiVersion(apiKey=41, minVersion=0, maxVersion=3), ApiVersion(apiKey=42, minVersion=0, maxVersion=2), ApiVersion(apiKey=43, minVersion=0, maxVersion=2), ApiVersion(apiKey=44, minVersion=0, maxVersion=1), ApiVersion(apiKey=45, minVersion=0, maxVersion=0), ApiVersion(apiKey=46, minVersion=0, maxVersion=0), ApiVersion(apiKey=47, minVersion=0, maxVersion=0), ApiVersion(apiKey=48, minVersion=0, maxVersion=1), ApiVersion(apiKey=49, minVersion=0, maxVersion=1), ApiVersion(apiKey=50, minVersion=0, maxVersion=0), ApiVersion(apiKey=51, minVersion=0, maxVersion=0), ApiVersion(apiKey=56, minVersion=0, maxVersion=3), ApiVersion(apiKey=57, minVersion=0, maxVersion=1), ApiVersion(apiKey=58, minVersion=0, maxVersion=0), ApiVersion(apiKey=60, minVersion=0, maxVersion=1), ApiVersion(apiKey=61, minVersion=0, maxVersion=0), ApiVersion(apiKey=65, minVersion=0, maxVersion=0), ApiVersion(apiKey=66, minVersion=0, maxVersion=0), ApiVersion(apiKey=67, minVersion=0, maxVersion=0), ApiVersion(apiKey=68, minVersion=0, maxVersion=0)], throttleTimeMs=0, supportedFeatures=[], finalizedFeaturesEpoch=0, finalizedFeatures=[], zkMigrationReady=false)
2026-05-21T19:56:49.886+05:30 DEBUG 1778 --- [Fraud-Management] [kafka-producer-network-thread | Fraud-Management-producer-1] org.apache.kafka.clients.NetworkClient   : [Producer clientId=Fraud-Management-producer-1] Node -1 has finalized features epoch: 0, finalized features: [], supported features: [], ZK migration ready: false, API versions: (Produce(0): 0 to 10 [usable: 10], Fetch(1): 0 to 16 [usable: 16], ListOffsets(2): 0 to 8 [usable: 8], Metadata(3): 0 to 12 [usable: 12], LeaderAndIsr(4): 0 to 7 [usable: 7], StopReplica(5): 0 to 4 [usable: 4], UpdateMetadata(6): 0 to 8 [usable: 8], ControlledShutdown(7): 0 to 3 [usable: 3], OffsetCommit(8): 0 to 9 [usable: 9], OffsetFetch(9): 0 to 9 [usable: 9], FindCoordinator(10): 0 to 4 [usable: 4], JoinGroup(11): 0 to 9 [usable: 9], Heartbeat(12): 0 to 4 [usable: 4], LeaveGroup(13): 0 to 5 [usable: 5], SyncGroup(14): 0 to 5 [usable: 5], DescribeGroups(15): 0 to 5 [usable: 5], ListGroups(16): 0 to 4 [usable: 4], SaslHandshake(17): 0 to 1 [usable: 1], ApiVersions(18): 0 to 3 [usable: 3], CreateTopics(19): 0 to 7 [usable: 7], DeleteTopics(20): 0 to 6 [usable: 6], DeleteRecords(21): 0 to 2 [usable: 2], InitProducerId(22): 0 to 4 [usable: 4], OffsetForLeaderEpoch(23): 0 to 4 [usable: 4], AddPartitionsToTxn(24): 0 to 4 [usable: 4], AddOffsetsToTxn(25): 0 to 3 [usable: 3], EndTxn(26): 0 to 3 [usable: 3], WriteTxnMarkers(27): 0 to 1 [usable: 1], TxnOffsetCommit(28): 0 to 3 [usable: 3], DescribeAcls(29): 0 to 3 [usable: 3], CreateAcls(30): 0 to 3 [usable: 3], DeleteAcls(31): 0 to 3 [usable: 3], DescribeConfigs(32): 0 to 4 [usable: 4], AlterConfigs(33): 0 to 2 [usable: 2], AlterReplicaLogDirs(34): 0 to 2 [usable: 2], DescribeLogDirs(35): 0 to 4 [usable: 4], SaslAuthenticate(36): 0 to 2 [usable: 2], CreatePartitions(37): 0 to 3 [usable: 3], CreateDelegationToken(38): 0 to 3 [usable: 3], RenewDelegationToken(39): 0 to 2 [usable: 2], ExpireDelegationToken(40): 0 to 2 [usable: 2], DescribeDelegationToken(41): 0 to 3 [usable: 3], DeleteGroups(42): 0 to 2 [usable: 2], ElectLeaders(43): 0 to 2 [usable: 2], IncrementalAlterConfigs(44): 0 to 1 [usable: 1], AlterPartitionReassignments(45): 0 [usable: 0], ListPartitionReassignments(46): 0 [usable: 0], OffsetDelete(47): 0 [usable: 0], DescribeClientQuotas(48): 0 to 1 [usable: 1], AlterClientQuotas(49): 0 to 1 [usable: 1], DescribeUserScramCredentials(50): 0 [usable: 0], AlterUserScramCredentials(51): 0 [usable: 0], DescribeQuorum(55): UNSUPPORTED, AlterPartition(56): 0 to 3 [usable: 3], UpdateFeatures(57): 0 to 1 [usable: 1], Envelope(58): 0 [usable: 0], DescribeCluster(60): 0 to 1 [usable: 1], DescribeProducers(61): 0 [usable: 0], UnregisterBroker(64): UNSUPPORTED, DescribeTransactions(65): 0 [usable: 0], ListTransactions(66): 0 [usable: 0], AllocateProducerIds(67): 0 [usable: 0], ConsumerGroupHeartbeat(68): 0 [usable: 0], ConsumerGroupDescribe(69): UNSUPPORTED, GetTelemetrySubscriptions(71): UNSUPPORTED, PushTelemetry(72): UNSUPPORTED, ListClientMetricsResources(74): UNSUPPORTED).
2026-05-21T19:57:09.542+05:30  INFO 1778 --- [Fraud-Management] [kafka-producer-network-thread | Fraud-Management-producer-1] org.apache.kafka.clients.NetworkClient   : [Producer clientId=Fraud-Management-producer-1] Node -1 disconnected.
2026-05-21T19:57:09.540+05:30  INFO 1778 --- [Fraud-Management] [kafka-producer-network-thread | Fraud-Management-producer-1] org.apache.kafka.clients.NetworkClient   : [Producer clientId=Fraud-Management-producer-1] Node -1 disconnected.
2026-05-21T19:57:09.546+05:30 DEBUG 1778 --- [Fraud-Management] [kafka-producer-network-thread | Fraud-Management-producer-1] org.apache.kafka.clients.NetworkClient   : [Producer clientId=Fraud-Management-producer-1] Sending metadata request MetadataRequestData(topics=[MetadataRequestTopic(topicId=AAAAAAAAAAAAAAAAAAAAAA, name='notification')], allowAutoTopicCreation=true, includeClusterAuthorizedOperations=false, includeTopicAuthorizedOperations=false) to node 192.168.1.15:9092 (id: 0 rack: null)
2026-05-21T19:57:09.546+05:30 DEBUG 1778 --- [Fraud-Management] [kafka-producer-network-thread | Fraud-Management-producer-1] org.apache.kafka.clients.NetworkClient   : [Producer clientId=Fraud-Management-producer-1] Sending metadata request MetadataRequestData(topics=[MetadataRequestTopic(topicId=AAAAAAAAAAAAAAAAAAAAAA, name='rollback-transactions')], allowAutoTopicCreation=true, includeClusterAuthorizedOperations=false, includeTopicAuthorizedOperations=false) to node 192.168.1.15:9092 (id: 0 rack: null)
2026-05-21T19:57:09.546+05:30 DEBUG 1778 --- [Fraud-Management] [kafka-producer-network-thread | Fraud-Management-producer-1] org.apache.kafka.clients.NetworkClient   : [Producer clientId=Fraud-Management-producer-1] Sending METADATA request with header RequestHeader(apiKey=METADATA, apiVersion=12, clientId=Fraud-Management-producer-1, correlationId=19, headerVersion=2) and timeout 30000 to node 0: MetadataRequestData(topics=[MetadataRequestTopic(topicId=AAAAAAAAAAAAAAAAAAAAAA, name='notification')], allowAutoTopicCreation=true, includeClusterAuthorizedOperations=false, includeTopicAuthorizedOperations=false)
2026-05-21T19:57:09.546+05:30 DEBUG 1778 --- [Fraud-Management] [kafka-producer-network-thread | Fraud-Management-producer-1] org.apache.kafka.clients.NetworkClient   : [Producer clientId=Fraud-Management-producer-1] Sending METADATA request with header RequestHeader(apiKey=METADATA, apiVersion=12, clientId=Fraud-Management-producer-1, correlationId=21, headerVersion=2) and timeout 30000 to node 0: MetadataRequestData(topics=[MetadataRequestTopic(topicId=AAAAAAAAAAAAAAAAAAAAAA, name='rollback-transactions')], allowAutoTopicCreation=true, includeClusterAuthorizedOperations=false, includeTopicAuthorizedOperations=false)
2026-05-21T19:57:09.553+05:30 DEBUG 1778 --- [Fraud-Management] [kafka-producer-network-thread | Fraud-Management-producer-1] org.apache.kafka.clients.NetworkClient   : [Producer clientId=Fraud-Management-producer-1] Received METADATA response from node 0 for request with header RequestHeader(apiKey=METADATA, apiVersion=12, clientId=Fraud-Management-producer-1, correlationId=19, headerVersion=2): MetadataResponseData(throttleTimeMs=0, brokers=[MetadataResponseBroker(nodeId=0, host='192.168.1.15', port=9092, rack=null)], clusterId='9YJeH9LiQPabFK2-ohTFOA', controllerId=0, topics=[MetadataResponseTopic(errorCode=0, name='notification', topicId=DyxN5cIIS-KuhaJQv1O9gw, isInternal=false, partitions=[MetadataResponsePartition(errorCode=0, partitionIndex=0, leaderId=0, leaderEpoch=0, replicaNodes=[0], isrNodes=[0], offlineReplicas=[])], topicAuthorizedOperations=-2147483648)], clusterAuthorizedOperations=-2147483648)
2026-05-21T19:57:09.553+05:30 DEBUG 1778 --- [Fraud-Management] [kafka-producer-network-thread | Fraud-Management-producer-1] org.apache.kafka.clients.NetworkClient   : [Producer clientId=Fraud-Management-producer-1] Received METADATA response from node 0 for request with header RequestHeader(apiKey=METADATA, apiVersion=12, clientId=Fraud-Management-producer-1, correlationId=21, headerVersion=2): MetadataResponseData(throttleTimeMs=0, brokers=[MetadataResponseBroker(nodeId=0, host='192.168.1.15', port=9092, rack=null)], clusterId='9YJeH9LiQPabFK2-ohTFOA', controllerId=0, topics=[MetadataResponseTopic(errorCode=0, name='rollback-transactions', topicId=l5_XOGu1T0C1Ywef7hcyoA, isInternal=false, partitions=[MetadataResponsePartition(errorCode=0, partitionIndex=0, leaderId=0, leaderEpoch=0, replicaNodes=[0], isrNodes=[0], offlineReplicas=[])], topicAuthorizedOperations=-2147483648)], clusterAuthorizedOperations=-2147483648)
2026-05-21T19:57:09.554+05:30 DEBUG 1778 --- [Fraud-Management] [kafka-producer-network-thread | Fraud-Management-producer-1] o.a.k.c.p.internals.ProducerMetadata     : [Producer clientId=Fraud-Management-producer-1] Removing unused topic notification from the metadata list, expiryMs 1779373589372 now 1779373629552
2026-05-21T19:57:09.554+05:30 DEBUG 1778 --- [Fraud-Management] [kafka-producer-network-thread | Fraud-Management-producer-1] o.a.k.c.p.internals.ProducerMetadata     : [Producer clientId=Fraud-Management-producer-1] Removing unused topic rollback-transactions from the metadata list, expiryMs 1779373589373 now 1779373629552
2026-05-21T19:57:09.554+05:30 DEBUG 1778 --- [Fraud-Management] [kafka-producer-network-thread | Fraud-Management-producer-1] org.apache.kafka.clients.Metadata        : [Producer clientId=Fraud-Management-producer-1] Updated cluster metadata updateVersion 6 to MetadataCache{clusterId='9YJeH9LiQPabFK2-ohTFOA', nodes={0=192.168.1.15:9092 (id: 0 rack: null)}, partitions=[], controller=192.168.1.15:9092 (id: 0 rack: null)}
2026-05-21T19:57:09.554+05:30 DEBUG 1778 --- [Fraud-Management] [kafka-producer-network-thread | Fraud-Management-producer-1] org.apache.kafka.clients.Metadata        : [Producer clientId=Fraud-Management-producer-1] Updated cluster metadata updateVersion 9 to MetadataCache{clusterId='9YJeH9LiQPabFK2-ohTFOA', nodes={0=192.168.1.15:9092 (id: 0 rack: null)}, partitions=[], controller=192.168.1.15:9092 (id: 0 rack: null)}
2026-05-21T19:58:09.511+05:30 DEBUG 1778 --- [Fraud-Management] [kafka-producer-network-thread | Fraud-Management-producer-1] o.a.k.c.t.i.ClientTelemetryReporter      : Creating telemetry subscription request with client instance id AAAAAAAAAAAAAAAAAAAAAA
2026-05-21T19:58:09.515+05:30 DEBUG 1778 --- [Fraud-Management] [kafka-producer-network-thread | Fraud-Management-producer-1] o.a.k.c.t.i.ClientTelemetryReporter      : Setting telemetry state from SUBSCRIPTION_NEEDED to SUBSCRIPTION_IN_PROGRESS
2026-05-21T19:58:09.515+05:30 DEBUG 1778 --- [Fraud-Management] [kafka-producer-network-thread | Fraud-Management-producer-1] org.apache.kafka.clients.NetworkClient   : [Producer clientId=Fraud-Management-producer-1] Version mismatch when attempting to send GetTelemetrySubscriptionsRequestData(clientInstanceId=AAAAAAAAAAAAAAAAAAAAAA) with correlation id 20 to 0

org.apache.kafka.common.errors.UnsupportedVersionException: The node does not support GET_TELEMETRY_SUBSCRIPTIONS

2026-05-21T19:58:09.519+05:30 DEBUG 1778 --- [Fraud-Management] [kafka-producer-network-thread | Fraud-Management-producer-1] o.a.k.c.t.i.ClientTelemetryReporter      : The broker generated an error for the get telemetry network API request

org.apache.kafka.common.errors.UnsupportedVersionException: The node does not support GET_TELEMETRY_SUBSCRIPTIONS

2026-05-21T19:58:09.520+05:30 DEBUG 1778 --- [Fraud-Management] [kafka-producer-network-thread | Fraud-Management-producer-1] o.a.k.c.t.i.ClientTelemetryReporter      : Updating intervalMs: 300000, lastRequestMs: 1779373689520
2026-05-21T19:58:09.520+05:30 DEBUG 1778 --- [Fraud-Management] [kafka-producer-network-thread | Fraud-Management-producer-1] o.a.k.c.t.i.ClientTelemetryReporter      : Setting telemetry state from SUBSCRIPTION_IN_PROGRESS to SUBSCRIPTION_NEEDED
2026-05-21T19:58:09.528+05:30 DEBUG 1778 --- [Fraud-Management] [kafka-producer-network-thread | Fraud-Management-producer-1] o.a.k.c.t.i.ClientTelemetryReporter      : Creating telemetry subscription request with client instance id AAAAAAAAAAAAAAAAAAAAAA
2026-05-21T19:58:09.528+05:30 DEBUG 1778 --- [Fraud-Management] [kafka-producer-network-thread | Fraud-Management-producer-1] o.a.k.c.t.i.ClientTelemetryReporter      : Setting telemetry state from SUBSCRIPTION_NEEDED to SUBSCRIPTION_IN_PROGRESS
2026-05-21T19:58:09.528+05:30 DEBUG 1778 --- [Fraud-Management] [kafka-producer-network-thread | Fraud-Management-producer-1] org.apache.kafka.clients.NetworkClient   : [Producer clientId=Fraud-Management-producer-1] Version mismatch when attempting to send GetTelemetrySubscriptionsRequestData(clientInstanceId=AAAAAAAAAAAAAAAAAAAAAA) with correlation id 22 to 0

org.apache.kafka.common.errors.UnsupportedVersionException: The node does not support GET_TELEMETRY_SUBSCRIPTIONS

2026-05-21T19:58:09.529+05:30 DEBUG 1778 --- [Fraud-Management] [kafka-producer-network-thread | Fraud-Management-producer-1] o.a.k.c.t.i.ClientTelemetryReporter      : The broker generated an error for the get telemetry network API request

org.apache.kafka.common.errors.UnsupportedVersionException: The node does not support GET_TELEMETRY_SUBSCRIPTIONS

2026-05-21T19:58:09.529+05:30 DEBUG 1778 --- [Fraud-Management] [kafka-producer-network-thread | Fraud-Management-producer-1] o.a.k.c.t.i.ClientTelemetryReporter      : Updating intervalMs: 300000, lastRequestMs: 1779373689529
2026-05-21T19:58:09.529+05:30 DEBUG 1778 --- [Fraud-Management] [kafka-producer-network-thread | Fraud-Management-producer-1] o.a.k.c.t.i.ClientTelemetryReporter      : Setting telemetry state from SUBSCRIPTION_IN_PROGRESS to SUBSCRIPTION_NEEDED
2026-05-21T19:59:18.386+05:30  INFO 1778 --- [Fraud-Management] [AsyncResolver-bootstrap-executor-%d] c.n.d.s.r.aws.ConfigClusterResolver      : Resolving eureka endpoints via configuration
2026-05-21T20:06:22.520+05:30 DEBUG 1778 --- [Fraud-Management] [kafka-producer-network-thread | Fraud-Management-producer-1] org.apache.kafka.clients.NetworkClient   : [Producer clientId=Fraud-Management-producer-1] Sending metadata request MetadataRequestData(topics=[], allowAutoTopicCreation=true, includeClusterAuthorizedOperations=false, includeTopicAuthorizedOperations=false) to node 192.168.1.15:9092 (id: 0 rack: null)
2026-05-21T20:06:22.563+05:30 DEBUG 1778 --- [Fraud-Management] [kafka-producer-network-thread | Fraud-Management-producer-1] org.apache.kafka.clients.NetworkClient   : [Producer clientId=Fraud-Management-producer-1] Sending metadata request MetadataRequestData(topics=[], allowAutoTopicCreation=true, includeClusterAuthorizedOperations=false, includeTopicAuthorizedOperations=false) to node 192.168.1.15:9092 (id: 0 rack: null)
2026-05-21T20:06:22.760+05:30 DEBUG 1778 --- [Fraud-Management] [kafka-producer-network-thread | Fraud-Management-producer-1] org.apache.kafka.clients.NetworkClient   : [Producer clientId=Fraud-Management-producer-1] Sending METADATA request with header RequestHeader(apiKey=METADATA, apiVersion=12, clientId=Fraud-Management-producer-1, correlationId=21, headerVersion=2) and timeout 30000 to node 0: MetadataRequestData(topics=[], allowAutoTopicCreation=true, includeClusterAuthorizedOperations=false, includeTopicAuthorizedOperations=false)
2026-05-21T20:06:22.823+05:30 DEBUG 1778 --- [Fraud-Management] [kafka-producer-network-thread | Fraud-Management-producer-1] org.apache.kafka.clients.NetworkClient   : [Producer clientId=Fraud-Management-producer-1] Sending METADATA request with header RequestHeader(apiKey=METADATA, apiVersion=12, clientId=Fraud-Management-producer-1, correlationId=23, headerVersion=2) and timeout 30000 to node 0: MetadataRequestData(topics=[], allowAutoTopicCreation=true, includeClusterAuthorizedOperations=false, includeTopicAuthorizedOperations=false)
2026-05-21T20:06:22.984+05:30 DEBUG 1778 --- [Fraud-Management] [kafka-producer-network-thread | Fraud-Management-producer-1] o.a.k.c.t.i.ClientTelemetryReporter      : Creating telemetry subscription request with client instance id AAAAAAAAAAAAAAAAAAAAAA
2026-05-21T20:06:22.984+05:30 DEBUG 1778 --- [Fraud-Management] [kafka-producer-network-thread | Fraud-Management-producer-1] o.a.k.c.t.i.ClientTelemetryReporter      : Setting telemetry state from SUBSCRIPTION_NEEDED to SUBSCRIPTION_IN_PROGRESS
2026-05-21T20:06:22.961+05:30 DEBUG 1778 --- [Fraud-Management] [kafka-producer-network-thread | Fraud-Management-producer-1] o.a.k.c.t.i.ClientTelemetryReporter      : Creating telemetry subscription request with client instance id AAAAAAAAAAAAAAAAAAAAAA
2026-05-21T20:06:23.019+05:30 DEBUG 1778 --- [Fraud-Management] [kafka-producer-network-thread | Fraud-Management-producer-1] o.a.k.c.t.i.ClientTelemetryReporter      : Setting telemetry state from SUBSCRIPTION_NEEDED to SUBSCRIPTION_IN_PROGRESS
2026-05-21T20:06:23.049+05:30 DEBUG 1778 --- [Fraud-Management] [kafka-producer-network-thread | Fraud-Management-producer-1] org.apache.kafka.clients.NetworkClient   : [Producer clientId=Fraud-Management-producer-1] Version mismatch when attempting to send GetTelemetrySubscriptionsRequestData(clientInstanceId=AAAAAAAAAAAAAAAAAAAAAA) with correlation id 22 to 0

org.apache.kafka.common.errors.UnsupportedVersionException: The node does not support GET_TELEMETRY_SUBSCRIPTIONS

2026-05-21T20:06:23.020+05:30 DEBUG 1778 --- [Fraud-Management] [kafka-producer-network-thread | Fraud-Management-producer-1] org.apache.kafka.clients.NetworkClient   : [Producer clientId=Fraud-Management-producer-1] Version mismatch when attempting to send GetTelemetrySubscriptionsRequestData(clientInstanceId=AAAAAAAAAAAAAAAAAAAAAA) with correlation id 24 to 0

org.apache.kafka.common.errors.UnsupportedVersionException: The node does not support GET_TELEMETRY_SUBSCRIPTIONS

2026-05-21T20:06:23.515+05:30 DEBUG 1778 --- [Fraud-Management] [kafka-producer-network-thread | Fraud-Management-producer-1] o.a.k.c.t.i.ClientTelemetryReporter      : The broker generated an error for the get telemetry network API request

org.apache.kafka.common.errors.UnsupportedVersionException: The node does not support GET_TELEMETRY_SUBSCRIPTIONS

2026-05-21T20:06:23.524+05:30 DEBUG 1778 --- [Fraud-Management] [kafka-producer-network-thread | Fraud-Management-producer-1] o.a.k.c.t.i.ClientTelemetryReporter      : The broker generated an error for the get telemetry network API request

org.apache.kafka.common.errors.UnsupportedVersionException: The node does not support GET_TELEMETRY_SUBSCRIPTIONS

2026-05-21T20:06:23.535+05:30 DEBUG 1778 --- [Fraud-Management] [kafka-producer-network-thread | Fraud-Management-producer-1] o.a.k.c.t.i.ClientTelemetryReporter      : Updating intervalMs: 300000, lastRequestMs: 1779374183535
2026-05-21T20:06:23.541+05:30 DEBUG 1778 --- [Fraud-Management] [kafka-producer-network-thread | Fraud-Management-producer-1] o.a.k.c.t.i.ClientTelemetryReporter      : Updating intervalMs: 300000, lastRequestMs: 1779374183541
2026-05-21T20:06:23.547+05:30 DEBUG 1778 --- [Fraud-Management] [kafka-producer-network-thread | Fraud-Management-producer-1] o.a.k.c.t.i.ClientTelemetryReporter      : Setting telemetry state from SUBSCRIPTION_IN_PROGRESS to SUBSCRIPTION_NEEDED
2026-05-21T20:06:23.543+05:30 DEBUG 1778 --- [Fraud-Management] [kafka-producer-network-thread | Fraud-Management-producer-1] o.a.k.c.t.i.ClientTelemetryReporter      : Setting telemetry state from SUBSCRIPTION_IN_PROGRESS to SUBSCRIPTION_NEEDED
2026-05-21T20:06:23.619+05:30 DEBUG 1778 --- [Fraud-Management] [kafka-producer-network-thread | Fraud-Management-producer-1] org.apache.kafka.clients.NetworkClient   : [Producer clientId=Fraud-Management-producer-1] Received METADATA response from node 0 for request with header RequestHeader(apiKey=METADATA, apiVersion=12, clientId=Fraud-Management-producer-1, correlationId=21, headerVersion=2): MetadataResponseData(throttleTimeMs=0, brokers=[MetadataResponseBroker(nodeId=0, host='192.168.1.15', port=9092, rack=null)], clusterId='9YJeH9LiQPabFK2-ohTFOA', controllerId=0, topics=[], clusterAuthorizedOperations=-2147483648)
2026-05-21T20:06:23.636+05:30 DEBUG 1778 --- [Fraud-Management] [kafka-producer-network-thread | Fraud-Management-producer-1] org.apache.kafka.clients.NetworkClient   : [Producer clientId=Fraud-Management-producer-1] Received METADATA response from node 0 for request with header RequestHeader(apiKey=METADATA, apiVersion=12, clientId=Fraud-Management-producer-1, correlationId=23, headerVersion=2): MetadataResponseData(throttleTimeMs=0, brokers=[MetadataResponseBroker(nodeId=0, host='192.168.1.15', port=9092, rack=null)], clusterId='9YJeH9LiQPabFK2-ohTFOA', controllerId=0, topics=[], clusterAuthorizedOperations=-2147483648)
2026-05-21T20:06:23.644+05:30 DEBUG 1778 --- [Fraud-Management] [kafka-producer-network-thread | Fraud-Management-producer-1] org.apache.kafka.clients.Metadata        : [Producer clientId=Fraud-Management-producer-1] Updated cluster metadata updateVersion 7 to MetadataCache{clusterId='9YJeH9LiQPabFK2-ohTFOA', nodes={0=192.168.1.15:9092 (id: 0 rack: null)}, partitions=[], controller=192.168.1.15:9092 (id: 0 rack: null)}
2026-05-21T20:06:23.764+05:30 DEBUG 1778 --- [Fraud-Management] [kafka-producer-network-thread | Fraud-Management-producer-1] org.apache.kafka.clients.Metadata        : [Producer clientId=Fraud-Management-producer-1] Updated cluster metadata updateVersion 10 to MetadataCache{clusterId='9YJeH9LiQPabFK2-ohTFOA', nodes={0=192.168.1.15:9092 (id: 0 rack: null)}, partitions=[], controller=192.168.1.15:9092 (id: 0 rack: null)}
2026-05-21T20:06:27.118+05:30  WARN 1778 --- [Fraud-Management] [HikariPool-1 housekeeper] com.zaxxer.hikari.pool.HikariPool        : HikariPool-1 - Thread starvation or clock leap detected (housekeeper delta=7m12s368ms).
2026-05-21T20:06:32.270+05:30 DEBUG 1778 --- [Fraud-Management] [kafka-producer-network-thread | Fraud-Management-producer-1] org.apache.kafka.clients.NetworkClient   : [Producer clientId=Fraud-Management-producer-1] Sending metadata request MetadataRequestData(topics=[MetadataRequestTopic(topicId=AAAAAAAAAAAAAAAAAAAAAA, name='fraud-alerts')], allowAutoTopicCreation=true, includeClusterAuthorizedOperations=false, includeTopicAuthorizedOperations=false) to node 192.168.1.15:9092 (id: 0 rack: null)
2026-05-21T20:06:32.275+05:30 DEBUG 1778 --- [Fraud-Management] [kafka-producer-network-thread | Fraud-Management-producer-1] org.apache.kafka.clients.NetworkClient   : [Producer clientId=Fraud-Management-producer-1] Sending METADATA request with header RequestHeader(apiKey=METADATA, apiVersion=12, clientId=Fraud-Management-producer-1, correlationId=14, headerVersion=2) and timeout 30000 to node 0: MetadataRequestData(topics=[MetadataRequestTopic(topicId=AAAAAAAAAAAAAAAAAAAAAA, name='fraud-alerts')], allowAutoTopicCreation=true, includeClusterAuthorizedOperations=false, includeTopicAuthorizedOperations=false)
2026-05-21T20:06:32.280+05:30 DEBUG 1778 --- [Fraud-Management] [kafka-producer-network-thread | Fraud-Management-producer-1] o.a.k.c.t.i.ClientTelemetryReporter      : Creating telemetry subscription request with client instance id AAAAAAAAAAAAAAAAAAAAAA
2026-05-21T20:06:32.281+05:30 DEBUG 1778 --- [Fraud-Management] [kafka-producer-network-thread | Fraud-Management-producer-1] o.a.k.c.t.i.ClientTelemetryReporter      : Setting telemetry state from SUBSCRIPTION_NEEDED to SUBSCRIPTION_IN_PROGRESS
2026-05-21T20:06:32.281+05:30 DEBUG 1778 --- [Fraud-Management] [kafka-producer-network-thread | Fraud-Management-producer-1] org.apache.kafka.clients.NetworkClient   : [Producer clientId=Fraud-Management-producer-1] Version mismatch when attempting to send GetTelemetrySubscriptionsRequestData(clientInstanceId=AAAAAAAAAAAAAAAAAAAAAA) with correlation id 15 to 0

org.apache.kafka.common.errors.UnsupportedVersionException: The node does not support GET_TELEMETRY_SUBSCRIPTIONS

2026-05-21T20:06:32.282+05:30 DEBUG 1778 --- [Fraud-Management] [kafka-producer-network-thread | Fraud-Management-producer-1] o.a.k.c.t.i.ClientTelemetryReporter      : The broker generated an error for the get telemetry network API request

org.apache.kafka.common.errors.UnsupportedVersionException: The node does not support GET_TELEMETRY_SUBSCRIPTIONS

2026-05-21T20:06:32.283+05:30 DEBUG 1778 --- [Fraud-Management] [kafka-producer-network-thread | Fraud-Management-producer-1] o.a.k.c.t.i.ClientTelemetryReporter      : Updating intervalMs: 300000, lastRequestMs: 1779374192283
2026-05-21T20:06:32.283+05:30 DEBUG 1778 --- [Fraud-Management] [kafka-producer-network-thread | Fraud-Management-producer-1] o.a.k.c.t.i.ClientTelemetryReporter      : Setting telemetry state from SUBSCRIPTION_IN_PROGRESS to SUBSCRIPTION_NEEDED
2026-05-21T20:06:32.283+05:30 DEBUG 1778 --- [Fraud-Management] [kafka-producer-network-thread | Fraud-Management-producer-1] org.apache.kafka.clients.NetworkClient   : [Producer clientId=Fraud-Management-producer-1] Received METADATA response from node 0 for request with header RequestHeader(apiKey=METADATA, apiVersion=12, clientId=Fraud-Management-producer-1, correlationId=14, headerVersion=2): MetadataResponseData(throttleTimeMs=0, brokers=[MetadataResponseBroker(nodeId=0, host='192.168.1.15', port=9092, rack=null)], clusterId='9YJeH9LiQPabFK2-ohTFOA', controllerId=0, topics=[MetadataResponseTopic(errorCode=0, name='fraud-alerts', topicId=igZ8IUrNQxqStOjnoWrz9A, isInternal=false, partitions=[MetadataResponsePartition(errorCode=0, partitionIndex=0, leaderId=0, leaderEpoch=0, replicaNodes=[0], isrNodes=[0], offlineReplicas=[])], topicAuthorizedOperations=-2147483648)], clusterAuthorizedOperations=-2147483648)
2026-05-21T20:06:32.284+05:30 DEBUG 1778 --- [Fraud-Management] [kafka-producer-network-thread | Fraud-Management-producer-1] o.a.k.c.p.internals.ProducerMetadata     : [Producer clientId=Fraud-Management-producer-1] Removing unused topic fraud-alerts from the metadata list, expiryMs 1779373589374 now 1779374192283
2026-05-21T20:06:32.285+05:30 DEBUG 1778 --- [Fraud-Management] [kafka-producer-network-thread | Fraud-Management-producer-1] org.apache.kafka.clients.Metadata        : [Producer clientId=Fraud-Management-producer-1] Updated cluster metadata updateVersion 5 to MetadataCache{clusterId='9YJeH9LiQPabFK2-ohTFOA', nodes={0=192.168.1.15:9092 (id: 0 rack: null)}, partitions=[], controller=192.168.1.15:9092 (id: 0 rack: null)}
2026-05-21T20:08:23.726+05:30  WARN 1778 --- [Fraud-Management] [HikariPool-1 housekeeper] com.zaxxer.hikari.pool.HikariPool        : HikariPool-1 - Thread starvation or clock leap detected (housekeeper delta=1m56s611ms).
2026-05-21T20:20:09.808+05:30 DEBUG 1778 --- [Fraud-Management] [kafka-producer-network-thread | Fraud-Management-producer-1] org.apache.kafka.clients.NetworkClient   : [Producer clientId=Fraud-Management-producer-1] Sending metadata request MetadataRequestData(topics=[], allowAutoTopicCreation=true, includeClusterAuthorizedOperations=false, includeTopicAuthorizedOperations=false) to node 192.168.1.15:9092 (id: 0 rack: null)
2026-05-21T20:20:09.808+05:30 DEBUG 1778 --- [Fraud-Management] [kafka-producer-network-thread | Fraud-Management-producer-1] org.apache.kafka.clients.NetworkClient   : [Producer clientId=Fraud-Management-producer-1] Sending metadata request MetadataRequestData(topics=[], allowAutoTopicCreation=true, includeClusterAuthorizedOperations=false, includeTopicAuthorizedOperations=false) to node 192.168.1.15:9092 (id: 0 rack: null)
2026-05-21T20:20:09.811+05:30 DEBUG 1778 --- [Fraud-Management] [kafka-producer-network-thread | Fraud-Management-producer-1] org.apache.kafka.clients.NetworkClient   : [Producer clientId=Fraud-Management-producer-1] Sending METADATA request with header RequestHeader(apiKey=METADATA, apiVersion=12, clientId=Fraud-Management-producer-1, correlationId=23, headerVersion=2) and timeout 30000 to node 0: MetadataRequestData(topics=[], allowAutoTopicCreation=true, includeClusterAuthorizedOperations=false, includeTopicAuthorizedOperations=false)
2026-05-21T20:20:09.811+05:30 DEBUG 1778 --- [Fraud-Management] [kafka-producer-network-thread | Fraud-Management-producer-1] org.apache.kafka.clients.NetworkClient   : [Producer clientId=Fraud-Management-producer-1] Sending METADATA request with header RequestHeader(apiKey=METADATA, apiVersion=12, clientId=Fraud-Management-producer-1, correlationId=25, headerVersion=2) and timeout 30000 to node 0: MetadataRequestData(topics=[], allowAutoTopicCreation=true, includeClusterAuthorizedOperations=false, includeTopicAuthorizedOperations=false)
2026-05-21T20:20:09.813+05:30 DEBUG 1778 --- [Fraud-Management] [kafka-producer-network-thread | Fraud-Management-producer-1] o.a.k.c.t.i.ClientTelemetryReporter      : Creating telemetry subscription request with client instance id AAAAAAAAAAAAAAAAAAAAAA
2026-05-21T20:20:09.813+05:30 DEBUG 1778 --- [Fraud-Management] [kafka-producer-network-thread | Fraud-Management-producer-1] o.a.k.c.t.i.ClientTelemetryReporter      : Setting telemetry state from SUBSCRIPTION_NEEDED to SUBSCRIPTION_IN_PROGRESS
2026-05-21T20:20:09.813+05:30 DEBUG 1778 --- [Fraud-Management] [kafka-producer-network-thread | Fraud-Management-producer-1] o.a.k.c.t.i.ClientTelemetryReporter      : Creating telemetry subscription request with client instance id AAAAAAAAAAAAAAAAAAAAAA
2026-05-21T20:20:09.814+05:30 DEBUG 1778 --- [Fraud-Management] [kafka-producer-network-thread | Fraud-Management-producer-1] o.a.k.c.t.i.ClientTelemetryReporter      : Setting telemetry state from SUBSCRIPTION_NEEDED to SUBSCRIPTION_IN_PROGRESS
2026-05-21T20:20:09.813+05:30 DEBUG 1778 --- [Fraud-Management] [kafka-producer-network-thread | Fraud-Management-producer-1] org.apache.kafka.clients.NetworkClient   : [Producer clientId=Fraud-Management-producer-1] Version mismatch when attempting to send GetTelemetrySubscriptionsRequestData(clientInstanceId=AAAAAAAAAAAAAAAAAAAAAA) with correlation id 24 to 0

org.apache.kafka.common.errors.UnsupportedVersionException: The node does not support GET_TELEMETRY_SUBSCRIPTIONS

2026-05-21T20:20:09.814+05:30 DEBUG 1778 --- [Fraud-Management] [kafka-producer-network-thread | Fraud-Management-producer-1] org.apache.kafka.clients.NetworkClient   : [Producer clientId=Fraud-Management-producer-1] Version mismatch when attempting to send GetTelemetrySubscriptionsRequestData(clientInstanceId=AAAAAAAAAAAAAAAAAAAAAA) with correlation id 26 to 0

org.apache.kafka.common.errors.UnsupportedVersionException: The node does not support GET_TELEMETRY_SUBSCRIPTIONS

2026-05-21T20:20:09.815+05:30 DEBUG 1778 --- [Fraud-Management] [kafka-producer-network-thread | Fraud-Management-producer-1] o.a.k.c.t.i.ClientTelemetryReporter      : The broker generated an error for the get telemetry network API request

org.apache.kafka.common.errors.UnsupportedVersionException: The node does not support GET_TELEMETRY_SUBSCRIPTIONS

2026-05-21T20:20:09.815+05:30 DEBUG 1778 --- [Fraud-Management] [kafka-producer-network-thread | Fraud-Management-producer-1] o.a.k.c.t.i.ClientTelemetryReporter      : The broker generated an error for the get telemetry network API request

org.apache.kafka.common.errors.UnsupportedVersionException: The node does not support GET_TELEMETRY_SUBSCRIPTIONS

2026-05-21T20:20:09.815+05:30 DEBUG 1778 --- [Fraud-Management] [kafka-producer-network-thread | Fraud-Management-producer-1] o.a.k.c.t.i.ClientTelemetryReporter      : Updating intervalMs: 300000, lastRequestMs: 1779375009815
2026-05-21T20:20:09.815+05:30 DEBUG 1778 --- [Fraud-Management] [kafka-producer-network-thread | Fraud-Management-producer-1] o.a.k.c.t.i.ClientTelemetryReporter      : Setting telemetry state from SUBSCRIPTION_IN_PROGRESS to SUBSCRIPTION_NEEDED
2026-05-21T20:20:09.815+05:30 DEBUG 1778 --- [Fraud-Management] [kafka-producer-network-thread | Fraud-Management-producer-1] o.a.k.c.t.i.ClientTelemetryReporter      : Updating intervalMs: 300000, lastRequestMs: 1779375009815
2026-05-21T20:20:09.815+05:30 DEBUG 1778 --- [Fraud-Management] [kafka-producer-network-thread | Fraud-Management-producer-1] o.a.k.c.t.i.ClientTelemetryReporter      : Setting telemetry state from SUBSCRIPTION_IN_PROGRESS to SUBSCRIPTION_NEEDED
2026-05-21T20:20:09.816+05:30 DEBUG 1778 --- [Fraud-Management] [kafka-producer-network-thread | Fraud-Management-producer-1] org.apache.kafka.clients.NetworkClient   : [Producer clientId=Fraud-Management-producer-1] Received METADATA response from node 0 for request with header RequestHeader(apiKey=METADATA, apiVersion=12, clientId=Fraud-Management-producer-1, correlationId=23, headerVersion=2): MetadataResponseData(throttleTimeMs=0, brokers=[MetadataResponseBroker(nodeId=0, host='192.168.1.15', port=9092, rack=null)], clusterId='9YJeH9LiQPabFK2-ohTFOA', controllerId=0, topics=[], clusterAuthorizedOperations=-2147483648)
2026-05-21T20:20:09.816+05:30 DEBUG 1778 --- [Fraud-Management] [kafka-producer-network-thread | Fraud-Management-producer-1] org.apache.kafka.clients.NetworkClient   : [Producer clientId=Fraud-Management-producer-1] Received METADATA response from node 0 for request with header RequestHeader(apiKey=METADATA, apiVersion=12, clientId=Fraud-Management-producer-1, correlationId=25, headerVersion=2): MetadataResponseData(throttleTimeMs=0, brokers=[MetadataResponseBroker(nodeId=0, host='192.168.1.15', port=9092, rack=null)], clusterId='9YJeH9LiQPabFK2-ohTFOA', controllerId=0, topics=[], clusterAuthorizedOperations=-2147483648)
2026-05-21T20:20:09.817+05:30 DEBUG 1778 --- [Fraud-Management] [kafka-producer-network-thread | Fraud-Management-producer-1] org.apache.kafka.clients.Metadata        : [Producer clientId=Fraud-Management-producer-1] Updated cluster metadata updateVersion 8 to MetadataCache{clusterId='9YJeH9LiQPabFK2-ohTFOA', nodes={0=192.168.1.15:9092 (id: 0 rack: null)}, partitions=[], controller=192.168.1.15:9092 (id: 0 rack: null)}
2026-05-21T20:20:09.817+05:30 DEBUG 1778 --- [Fraud-Management] [kafka-producer-network-thread | Fraud-Management-producer-1] org.apache.kafka.clients.Metadata        : [Producer clientId=Fraud-Management-producer-1] Updated cluster metadata updateVersion 11 to MetadataCache{clusterId='9YJeH9LiQPabFK2-ohTFOA', nodes={0=192.168.1.15:9092 (id: 0 rack: null)}, partitions=[], controller=192.168.1.15:9092 (id: 0 rack: null)}
2026-05-21T20:20:13.165+05:30  WARN 1778 --- [Fraud-Management] [HikariPool-1 housekeeper] com.zaxxer.hikari.pool.HikariPool        : HikariPool-1 - Thread starvation or clock leap detected (housekeeper delta=11m49s439ms).
2026-05-21T20:20:18.315+05:30 DEBUG 1778 --- [Fraud-Management] [kafka-producer-network-thread | Fraud-Management-producer-1] org.apache.kafka.clients.NetworkClient   : [Producer clientId=Fraud-Management-producer-1] Sending metadata request MetadataRequestData(topics=[], allowAutoTopicCreation=true, includeClusterAuthorizedOperations=false, includeTopicAuthorizedOperations=false) to node 192.168.1.15:9092 (id: 0 rack: null)
2026-05-21T20:20:18.317+05:30 DEBUG 1778 --- [Fraud-Management] [kafka-producer-network-thread | Fraud-Management-producer-1] org.apache.kafka.clients.NetworkClient   : [Producer clientId=Fraud-Management-producer-1] Sending METADATA request with header RequestHeader(apiKey=METADATA, apiVersion=12, clientId=Fraud-Management-producer-1, correlationId=16, headerVersion=2) and timeout 30000 to node 0: MetadataRequestData(topics=[], allowAutoTopicCreation=true, includeClusterAuthorizedOperations=false, includeTopicAuthorizedOperations=false)
2026-05-21T20:20:18.320+05:30 DEBUG 1778 --- [Fraud-Management] [kafka-producer-network-thread | Fraud-Management-producer-1] o.a.k.c.t.i.ClientTelemetryReporter      : Creating telemetry subscription request with client instance id AAAAAAAAAAAAAAAAAAAAAA
2026-05-21T20:20:18.321+05:30 DEBUG 1778 --- [Fraud-Management] [kafka-producer-network-thread | Fraud-Management-producer-1] o.a.k.c.t.i.ClientTelemetryReporter      : Setting telemetry state from SUBSCRIPTION_NEEDED to SUBSCRIPTION_IN_PROGRESS
2026-05-21T20:20:18.321+05:30 DEBUG 1778 --- [Fraud-Management] [kafka-producer-network-thread | Fraud-Management-producer-1] org.apache.kafka.clients.NetworkClient   : [Producer clientId=Fraud-Management-producer-1] Version mismatch when attempting to send GetTelemetrySubscriptionsRequestData(clientInstanceId=AAAAAAAAAAAAAAAAAAAAAA) with correlation id 17 to 0

org.apache.kafka.common.errors.UnsupportedVersionException: The node does not support GET_TELEMETRY_SUBSCRIPTIONS

2026-05-21T20:20:18.322+05:30 DEBUG 1778 --- [Fraud-Management] [kafka-producer-network-thread | Fraud-Management-producer-1] o.a.k.c.t.i.ClientTelemetryReporter      : The broker generated an error for the get telemetry network API request

org.apache.kafka.common.errors.UnsupportedVersionException: The node does not support GET_TELEMETRY_SUBSCRIPTIONS

2026-05-21T20:20:18.323+05:30 DEBUG 1778 --- [Fraud-Management] [kafka-producer-network-thread | Fraud-Management-producer-1] o.a.k.c.t.i.ClientTelemetryReporter      : Updating intervalMs: 300000, lastRequestMs: 1779375018323
2026-05-21T20:20:18.323+05:30 DEBUG 1778 --- [Fraud-Management] [kafka-producer-network-thread | Fraud-Management-producer-1] o.a.k.c.t.i.ClientTelemetryReporter      : Setting telemetry state from SUBSCRIPTION_IN_PROGRESS to SUBSCRIPTION_NEEDED
2026-05-21T20:20:18.324+05:30 DEBUG 1778 --- [Fraud-Management] [kafka-producer-network-thread | Fraud-Management-producer-1] org.apache.kafka.clients.NetworkClient   : [Producer clientId=Fraud-Management-producer-1] Received METADATA response from node 0 for request with header RequestHeader(apiKey=METADATA, apiVersion=12, clientId=Fraud-Management-producer-1, correlationId=16, headerVersion=2): MetadataResponseData(throttleTimeMs=0, brokers=[MetadataResponseBroker(nodeId=0, host='192.168.1.15', port=9092, rack=null)], clusterId='9YJeH9LiQPabFK2-ohTFOA', controllerId=0, topics=[], clusterAuthorizedOperations=-2147483648)
2026-05-21T20:20:18.325+05:30 DEBUG 1778 --- [Fraud-Management] [kafka-producer-network-thread | Fraud-Management-producer-1] org.apache.kafka.clients.Metadata        : [Producer clientId=Fraud-Management-producer-1] Updated cluster metadata updateVersion 6 to MetadataCache{clusterId='9YJeH9LiQPabFK2-ohTFOA', nodes={0=192.168.1.15:9092 (id: 0 rack: null)}, partitions=[], controller=192.168.1.15:9092 (id: 0 rack: null)}
2026-05-21T20:20:20.456+05:30  INFO 1778 --- [Fraud-Management] [DiscoveryClient-HeartbeatExecutor-%d] com.netflix.discovery.DiscoveryClient    : DiscoveryClient_FRAUD-MANAGEMENT/192.168.1.15:Fraud-Management:8082 - Re-registering apps/FRAUD-MANAGEMENT
2026-05-21T20:20:20.456+05:30  INFO 1778 --- [Fraud-Management] [DiscoveryClient-HeartbeatExecutor-%d] com.netflix.discovery.DiscoveryClient    : DiscoveryClient_FRAUD-MANAGEMENT/192.168.1.15:Fraud-Management:8082: registering service...
2026-05-21T20:20:20.474+05:30  INFO 1778 --- [Fraud-Management] [DiscoveryClient-HeartbeatExecutor-%d] com.netflix.discovery.DiscoveryClient    : DiscoveryClient_FRAUD-MANAGEMENT/192.168.1.15:Fraud-Management:8082 - registration status: 204
2026-05-21T20:24:38.461+05:30  WARN 1778 --- [Fraud-Management] [HikariPool-1 housekeeper] com.zaxxer.hikari.pool.HikariPool        : HikariPool-1 - Thread starvation or clock leap detected (housekeeper delta=4m25s296ms).
2026-05-21T20:25:09.819+05:30 DEBUG 1778 --- [Fraud-Management] [kafka-producer-network-thread | Fraud-Management-producer-1] org.apache.kafka.clients.NetworkClient   : [Producer clientId=Fraud-Management-producer-1] Sending metadata request MetadataRequestData(topics=[], allowAutoTopicCreation=true, includeClusterAuthorizedOperations=false, includeTopicAuthorizedOperations=false) to node 192.168.1.15:9092 (id: 0 rack: null)
2026-05-21T20:25:09.819+05:30 DEBUG 1778 --- [Fraud-Management] [kafka-producer-network-thread | Fraud-Management-producer-1] org.apache.kafka.clients.NetworkClient   : [Producer clientId=Fraud-Management-producer-1] Sending metadata request MetadataRequestData(topics=[], allowAutoTopicCreation=true, includeClusterAuthorizedOperations=false, includeTopicAuthorizedOperations=false) to node 192.168.1.15:9092 (id: 0 rack: null)
2026-05-21T20:25:09.822+05:30 DEBUG 1778 --- [Fraud-Management] [kafka-producer-network-thread | Fraud-Management-producer-1] org.apache.kafka.clients.NetworkClient   : [Producer clientId=Fraud-Management-producer-1] Sending METADATA request with header RequestHeader(apiKey=METADATA, apiVersion=12, clientId=Fraud-Management-producer-1, correlationId=25, headerVersion=2) and timeout 30000 to node 0: MetadataRequestData(topics=[], allowAutoTopicCreation=true, includeClusterAuthorizedOperations=false, includeTopicAuthorizedOperations=false)
2026-05-21T20:25:09.822+05:30 DEBUG 1778 --- [Fraud-Management] [kafka-producer-network-thread | Fraud-Management-producer-1] org.apache.kafka.clients.NetworkClient   : [Producer clientId=Fraud-Management-producer-1] Sending METADATA request with header RequestHeader(apiKey=METADATA, apiVersion=12, clientId=Fraud-Management-producer-1, correlationId=27, headerVersion=2) and timeout 30000 to node 0: MetadataRequestData(topics=[], allowAutoTopicCreation=true, includeClusterAuthorizedOperations=false, includeTopicAuthorizedOperations=false)
2026-05-21T20:25:09.826+05:30 DEBUG 1778 --- [Fraud-Management] [kafka-producer-network-thread | Fraud-Management-producer-1] o.a.k.c.t.i.ClientTelemetryReporter      : Creating telemetry subscription request with client instance id AAAAAAAAAAAAAAAAAAAAAA
2026-05-21T20:25:09.826+05:30 DEBUG 1778 --- [Fraud-Management] [kafka-producer-network-thread | Fraud-Management-producer-1] o.a.k.c.t.i.ClientTelemetryReporter      : Creating telemetry subscription request with client instance id AAAAAAAAAAAAAAAAAAAAAA
2026-05-21T20:25:09.827+05:30 DEBUG 1778 --- [Fraud-Management] [kafka-producer-network-thread | Fraud-Management-producer-1] o.a.k.c.t.i.ClientTelemetryReporter      : Setting telemetry state from SUBSCRIPTION_NEEDED to SUBSCRIPTION_IN_PROGRESS
2026-05-21T20:25:09.827+05:30 DEBUG 1778 --- [Fraud-Management] [kafka-producer-network-thread | Fraud-Management-producer-1] o.a.k.c.t.i.ClientTelemetryReporter      : Setting telemetry state from SUBSCRIPTION_NEEDED to SUBSCRIPTION_IN_PROGRESS
2026-05-21T20:25:09.827+05:30 DEBUG 1778 --- [Fraud-Management] [kafka-producer-network-thread | Fraud-Management-producer-1] org.apache.kafka.clients.NetworkClient   : [Producer clientId=Fraud-Management-producer-1] Version mismatch when attempting to send GetTelemetrySubscriptionsRequestData(clientInstanceId=AAAAAAAAAAAAAAAAAAAAAA) with correlation id 28 to 0

org.apache.kafka.common.errors.UnsupportedVersionException: The node does not support GET_TELEMETRY_SUBSCRIPTIONS

2026-05-21T20:25:09.827+05:30 DEBUG 1778 --- [Fraud-Management] [kafka-producer-network-thread | Fraud-Management-producer-1] org.apache.kafka.clients.NetworkClient   : [Producer clientId=Fraud-Management-producer-1] Version mismatch when attempting to send GetTelemetrySubscriptionsRequestData(clientInstanceId=AAAAAAAAAAAAAAAAAAAAAA) with correlation id 26 to 0

org.apache.kafka.common.errors.UnsupportedVersionException: The node does not support GET_TELEMETRY_SUBSCRIPTIONS

2026-05-21T20:25:09.829+05:30 DEBUG 1778 --- [Fraud-Management] [kafka-producer-network-thread | Fraud-Management-producer-1] o.a.k.c.t.i.ClientTelemetryReporter      : The broker generated an error for the get telemetry network API request

org.apache.kafka.common.errors.UnsupportedVersionException: The node does not support GET_TELEMETRY_SUBSCRIPTIONS

2026-05-21T20:25:09.829+05:30 DEBUG 1778 --- [Fraud-Management] [kafka-producer-network-thread | Fraud-Management-producer-1] o.a.k.c.t.i.ClientTelemetryReporter      : Updating intervalMs: 300000, lastRequestMs: 1779375309829
2026-05-21T20:25:09.829+05:30 DEBUG 1778 --- [Fraud-Management] [kafka-producer-network-thread | Fraud-Management-producer-1] o.a.k.c.t.i.ClientTelemetryReporter      : Setting telemetry state from SUBSCRIPTION_IN_PROGRESS to SUBSCRIPTION_NEEDED
2026-05-21T20:25:09.829+05:30 DEBUG 1778 --- [Fraud-Management] [kafka-producer-network-thread | Fraud-Management-producer-1] o.a.k.c.t.i.ClientTelemetryReporter      : The broker generated an error for the get telemetry network API request

org.apache.kafka.common.errors.UnsupportedVersionException: The node does not support GET_TELEMETRY_SUBSCRIPTIONS

2026-05-21T20:25:09.830+05:30 DEBUG 1778 --- [Fraud-Management] [kafka-producer-network-thread | Fraud-Management-producer-1] o.a.k.c.t.i.ClientTelemetryReporter      : Updating intervalMs: 300000, lastRequestMs: 1779375309830
2026-05-21T20:25:09.830+05:30 DEBUG 1778 --- [Fraud-Management] [kafka-producer-network-thread | Fraud-Management-producer-1] o.a.k.c.t.i.ClientTelemetryReporter      : Setting telemetry state from SUBSCRIPTION_IN_PROGRESS to SUBSCRIPTION_NEEDED
2026-05-21T20:25:09.830+05:30 DEBUG 1778 --- [Fraud-Management] [kafka-producer-network-thread | Fraud-Management-producer-1] org.apache.kafka.clients.NetworkClient   : [Producer clientId=Fraud-Management-producer-1] Received METADATA response from node 0 for request with header RequestHeader(apiKey=METADATA, apiVersion=12, clientId=Fraud-Management-producer-1, correlationId=25, headerVersion=2): MetadataResponseData(throttleTimeMs=0, brokers=[MetadataResponseBroker(nodeId=0, host='192.168.1.15', port=9092, rack=null)], clusterId='9YJeH9LiQPabFK2-ohTFOA', controllerId=0, topics=[], clusterAuthorizedOperations=-2147483648)
2026-05-21T20:25:09.830+05:30 DEBUG 1778 --- [Fraud-Management] [kafka-producer-network-thread | Fraud-Management-producer-1] org.apache.kafka.clients.NetworkClient   : [Producer clientId=Fraud-Management-producer-1] Received METADATA response from node 0 for request with header RequestHeader(apiKey=METADATA, apiVersion=12, clientId=Fraud-Management-producer-1, correlationId=27, headerVersion=2): MetadataResponseData(throttleTimeMs=0, brokers=[MetadataResponseBroker(nodeId=0, host='192.168.1.15', port=9092, rack=null)], clusterId='9YJeH9LiQPabFK2-ohTFOA', controllerId=0, topics=[], clusterAuthorizedOperations=-2147483648)
2026-05-21T20:25:09.831+05:30 DEBUG 1778 --- [Fraud-Management] [kafka-producer-network-thread | Fraud-Management-producer-1] org.apache.kafka.clients.Metadata        : [Producer clientId=Fraud-Management-producer-1] Updated cluster metadata updateVersion 9 to MetadataCache{clusterId='9YJeH9LiQPabFK2-ohTFOA', nodes={0=192.168.1.15:9092 (id: 0 rack: null)}, partitions=[], controller=192.168.1.15:9092 (id: 0 rack: null)}
2026-05-21T20:25:09.831+05:30 DEBUG 1778 --- [Fraud-Management] [kafka-producer-network-thread | Fraud-Management-producer-1] org.apache.kafka.clients.Metadata        : [Producer clientId=Fraud-Management-producer-1] Updated cluster metadata updateVersion 12 to MetadataCache{clusterId='9YJeH9LiQPabFK2-ohTFOA', nodes={0=192.168.1.15:9092 (id: 0 rack: null)}, partitions=[], controller=192.168.1.15:9092 (id: 0 rack: null)}
2026-05-21T20:25:18.325+05:30 DEBUG 1778 --- [Fraud-Management] [kafka-producer-network-thread | Fraud-Management-producer-1] org.apache.kafka.clients.NetworkClient   : [Producer clientId=Fraud-Management-producer-1] Sending metadata request MetadataRequestData(topics=[], allowAutoTopicCreation=true, includeClusterAuthorizedOperations=false, includeTopicAuthorizedOperations=false) to node 192.168.1.15:9092 (id: 0 rack: null)
2026-05-21T20:25:18.327+05:30 DEBUG 1778 --- [Fraud-Management] [kafka-producer-network-thread | Fraud-Management-producer-1] org.apache.kafka.clients.NetworkClient   : [Producer clientId=Fraud-Management-producer-1] Sending METADATA request with header RequestHeader(apiKey=METADATA, apiVersion=12, clientId=Fraud-Management-producer-1, correlationId=18, headerVersion=2) and timeout 30000 to node 0: MetadataRequestData(topics=[], allowAutoTopicCreation=true, includeClusterAuthorizedOperations=false, includeTopicAuthorizedOperations=false)
2026-05-21T20:25:18.328+05:30 DEBUG 1778 --- [Fraud-Management] [kafka-producer-network-thread | Fraud-Management-producer-1] o.a.k.c.t.i.ClientTelemetryReporter      : Creating telemetry subscription request with client instance id AAAAAAAAAAAAAAAAAAAAAA
2026-05-21T20:25:18.329+05:30 DEBUG 1778 --- [Fraud-Management] [kafka-producer-network-thread | Fraud-Management-producer-1] o.a.k.c.t.i.ClientTelemetryReporter      : Setting telemetry state from SUBSCRIPTION_NEEDED to SUBSCRIPTION_IN_PROGRESS
2026-05-21T20:25:18.329+05:30 DEBUG 1778 --- [Fraud-Management] [kafka-producer-network-thread | Fraud-Management-producer-1] org.apache.kafka.clients.NetworkClient   : [Producer clientId=Fraud-Management-producer-1] Version mismatch when attempting to send GetTelemetrySubscriptionsRequestData(clientInstanceId=AAAAAAAAAAAAAAAAAAAAAA) with correlation id 19 to 0

org.apache.kafka.common.errors.UnsupportedVersionException: The node does not support GET_TELEMETRY_SUBSCRIPTIONS

2026-05-21T20:25:18.330+05:30 DEBUG 1778 --- [Fraud-Management] [kafka-producer-network-thread | Fraud-Management-producer-1] o.a.k.c.t.i.ClientTelemetryReporter      : The broker generated an error for the get telemetry network API request

org.apache.kafka.common.errors.UnsupportedVersionException: The node does not support GET_TELEMETRY_SUBSCRIPTIONS

2026-05-21T20:25:18.332+05:30 DEBUG 1778 --- [Fraud-Management] [kafka-producer-network-thread | Fraud-Management-producer-1] o.a.k.c.t.i.ClientTelemetryReporter      : Updating intervalMs: 300000, lastRequestMs: 1779375318332
2026-05-21T20:25:18.332+05:30 DEBUG 1778 --- [Fraud-Management] [kafka-producer-network-thread | Fraud-Management-producer-1] o.a.k.c.t.i.ClientTelemetryReporter      : Setting telemetry state from SUBSCRIPTION_IN_PROGRESS to SUBSCRIPTION_NEEDED
2026-05-21T20:25:18.333+05:30 DEBUG 1778 --- [Fraud-Management] [kafka-producer-network-thread | Fraud-Management-producer-1] org.apache.kafka.clients.NetworkClient   : [Producer clientId=Fraud-Management-producer-1] Received METADATA response from node 0 for request with header RequestHeader(apiKey=METADATA, apiVersion=12, clientId=Fraud-Management-producer-1, correlationId=18, headerVersion=2): MetadataResponseData(throttleTimeMs=0, brokers=[MetadataResponseBroker(nodeId=0, host='192.168.1.15', port=9092, rack=null)], clusterId='9YJeH9LiQPabFK2-ohTFOA', controllerId=0, topics=[], clusterAuthorizedOperations=-2147483648)
2026-05-21T20:25:18.334+05:30 DEBUG 1778 --- [Fraud-Management] [kafka-producer-network-thread | Fraud-Management-producer-1] org.apache.kafka.clients.Metadata        : [Producer clientId=Fraud-Management-producer-1] Updated cluster metadata updateVersion 7 to MetadataCache{clusterId='9YJeH9LiQPabFK2-ohTFOA', nodes={0=192.168.1.15:9092 (id: 0 rack: null)}, partitions=[], controller=192.168.1.15:9092 (id: 0 rack: null)}
2026-05-21T20:27:42.064+05:30  INFO 1778 --- [Fraud-Management] [AsyncResolver-bootstrap-executor-%d] c.n.d.s.r.aws.ConfigClusterResolver      : Resolving eureka endpoints via configuration
2026-05-21T20:29:18.379+05:30  INFO 1778 --- [Fraud-Management] [kafka-producer-network-thread | Fraud-Management-producer-1] org.apache.kafka.clients.NetworkClient   : [Producer clientId=Fraud-Management-producer-1] Node -1 disconnected.
2026-05-21T20:29:18.382+05:30 DEBUG 1778 --- [Fraud-Management] [kafka-producer-network-thread | Fraud-Management-producer-1] org.apache.kafka.clients.NetworkClient   : [Producer clientId=Fraud-Management-producer-1] Sending metadata request MetadataRequestData(topics=[], allowAutoTopicCreation=true, includeClusterAuthorizedOperations=false, includeTopicAuthorizedOperations=false) to node 192.168.1.15:9092 (id: 0 rack: null)
2026-05-21T20:29:18.383+05:30 DEBUG 1778 --- [Fraud-Management] [kafka-producer-network-thread | Fraud-Management-producer-1] org.apache.kafka.clients.NetworkClient   : [Producer clientId=Fraud-Management-producer-1] Sending METADATA request with header RequestHeader(apiKey=METADATA, apiVersion=12, clientId=Fraud-Management-producer-1, correlationId=20, headerVersion=2) and timeout 30000 to node 0: MetadataRequestData(topics=[], allowAutoTopicCreation=true, includeClusterAuthorizedOperations=false, includeTopicAuthorizedOperations=false)
2026-05-21T20:29:18.387+05:30 DEBUG 1778 --- [Fraud-Management] [kafka-producer-network-thread | Fraud-Management-producer-1] org.apache.kafka.clients.NetworkClient   : [Producer clientId=Fraud-Management-producer-1] Received METADATA response from node 0 for request with header RequestHeader(apiKey=METADATA, apiVersion=12, clientId=Fraud-Management-producer-1, correlationId=20, headerVersion=2): MetadataResponseData(throttleTimeMs=0, brokers=[MetadataResponseBroker(nodeId=0, host='192.168.1.15', port=9092, rack=null)], clusterId='9YJeH9LiQPabFK2-ohTFOA', controllerId=0, topics=[], clusterAuthorizedOperations=-2147483648)
2026-05-21T20:29:18.388+05:30 DEBUG 1778 --- [Fraud-Management] [kafka-producer-network-thread | Fraud-Management-producer-1] org.apache.kafka.clients.Metadata        : [Producer clientId=Fraud-Management-producer-1] Updated cluster metadata updateVersion 8 to MetadataCache{clusterId='9YJeH9LiQPabFK2-ohTFOA', nodes={0=192.168.1.15:9092 (id: 0 rack: null)}, partitions=[], controller=192.168.1.15:9092 (id: 0 rack: null)}
2026-05-21T20:30:00.981+05:30  INFO 1778 --- [Fraud-Management] [http-nio-8082-exec-4] c.f.F.Kafka.TransactionProducer          : Processing transaction: com.fraud_detection.Fraud_Management.DTO.TransactionDTO@26567669
2026-05-21T20:30:01.675+05:30 DEBUG 1778 --- [Fraud-Management] [kafka-producer-network-thread | Fraud-Management-producer-1] org.apache.kafka.clients.NetworkClient   : [Producer clientId=Fraud-Management-producer-1] Sending metadata request MetadataRequestData(topics=[MetadataRequestTopic(topicId=AAAAAAAAAAAAAAAAAAAAAA, name='notification')], allowAutoTopicCreation=true, includeClusterAuthorizedOperations=false, includeTopicAuthorizedOperations=false) to node 192.168.1.15:9092 (id: 0 rack: null)
2026-05-21T20:30:01.676+05:30 DEBUG 1778 --- [Fraud-Management] [kafka-producer-network-thread | Fraud-Management-producer-1] org.apache.kafka.clients.NetworkClient   : [Producer clientId=Fraud-Management-producer-1] Sending METADATA request with header RequestHeader(apiKey=METADATA, apiVersion=12, clientId=Fraud-Management-producer-1, correlationId=27, headerVersion=2) and timeout 30000 to node 0: MetadataRequestData(topics=[MetadataRequestTopic(topicId=AAAAAAAAAAAAAAAAAAAAAA, name='notification')], allowAutoTopicCreation=true, includeClusterAuthorizedOperations=false, includeTopicAuthorizedOperations=false)
2026-05-21T20:30:01.680+05:30 DEBUG 1778 --- [Fraud-Management] [kafka-producer-network-thread | Fraud-Management-producer-1] org.apache.kafka.clients.NetworkClient   : [Producer clientId=Fraud-Management-producer-1] Received METADATA response from node 0 for request with header RequestHeader(apiKey=METADATA, apiVersion=12, clientId=Fraud-Management-producer-1, correlationId=27, headerVersion=2): MetadataResponseData(throttleTimeMs=0, brokers=[MetadataResponseBroker(nodeId=0, host='192.168.1.15', port=9092, rack=null)], clusterId='9YJeH9LiQPabFK2-ohTFOA', controllerId=0, topics=[MetadataResponseTopic(errorCode=0, name='notification', topicId=DyxN5cIIS-KuhaJQv1O9gw, isInternal=false, partitions=[MetadataResponsePartition(errorCode=0, partitionIndex=0, leaderId=0, leaderEpoch=0, replicaNodes=[0], isrNodes=[0], offlineReplicas=[])], topicAuthorizedOperations=-2147483648)], clusterAuthorizedOperations=-2147483648)
2026-05-21T20:30:01.680+05:30 DEBUG 1778 --- [Fraud-Management] [kafka-producer-network-thread | Fraud-Management-producer-1] org.apache.kafka.clients.Metadata        : [Producer clientId=Fraud-Management-producer-1] Setting the last seen epoch of partition notification-0 to 0 since the last known epoch was undefined.
2026-05-21T20:30:01.681+05:30 DEBUG 1778 --- [Fraud-Management] [kafka-producer-network-thread | Fraud-Management-producer-1] org.apache.kafka.clients.Metadata        : [Producer clientId=Fraud-Management-producer-1] Updated cluster metadata updateVersion 10 to MetadataCache{clusterId='9YJeH9LiQPabFK2-ohTFOA', nodes={0=192.168.1.15:9092 (id: 0 rack: null)}, partitions=[PartitionMetadata(error=NONE, partition=notification-0, leader=Optional[0], leaderEpoch=Optional[0], replicas=0, isr=0, offlineReplicas=)], controller=192.168.1.15:9092 (id: 0 rack: null)}
2026-05-21T20:30:01.684+05:30  INFO 1778 --- [Fraud-Management] [http-nio-8082-exec-4] c.f.F.Kafka.TransactionProducer          : Notification sent for transaction ID: bcdef91a-cf14-48d9-9fab-ee083bc6f070
2026-05-21T20:30:01.684+05:30  INFO 1778 --- [Fraud-Management] [http-nio-8082-exec-4] c.f.F.Kafka.TransactionProducer          : Transaction evaluation result: FRAUD
2026-05-21T20:30:01.685+05:30 DEBUG 1778 --- [Fraud-Management] [kafka-producer-network-thread | Fraud-Management-producer-1] o.a.k.c.p.internals.RecordAccumulator    : [Producer clientId=Fraud-Management-producer-1] Assigned producerId 1 and producerEpoch 0 to batch with base sequence 6 being sent to partition notification-0
2026-05-21T20:30:01.685+05:30 DEBUG 1778 --- [Fraud-Management] [kafka-producer-network-thread | Fraud-Management-producer-1] org.apache.kafka.clients.NetworkClient   : [Producer clientId=Fraud-Management-producer-1] Sending metadata request MetadataRequestData(topics=[MetadataRequestTopic(topicId=AAAAAAAAAAAAAAAAAAAAAA, name='rollback-transactions')], allowAutoTopicCreation=true, includeClusterAuthorizedOperations=false, includeTopicAuthorizedOperations=false) to node 192.168.1.15:9092 (id: 0 rack: null)
2026-05-21T20:30:01.685+05:30 DEBUG 1778 --- [Fraud-Management] [kafka-producer-network-thread | Fraud-Management-producer-1] org.apache.kafka.clients.NetworkClient   : [Producer clientId=Fraud-Management-producer-1] Sending METADATA request with header RequestHeader(apiKey=METADATA, apiVersion=12, clientId=Fraud-Management-producer-1, correlationId=29, headerVersion=2) and timeout 30000 to node 0: MetadataRequestData(topics=[MetadataRequestTopic(topicId=AAAAAAAAAAAAAAAAAAAAAA, name='rollback-transactions')], allowAutoTopicCreation=true, includeClusterAuthorizedOperations=false, includeTopicAuthorizedOperations=false)
2026-05-21T20:30:01.686+05:30 DEBUG 1778 --- [Fraud-Management] [kafka-producer-network-thread | Fraud-Management-producer-1] org.apache.kafka.clients.NetworkClient   : [Producer clientId=Fraud-Management-producer-1] Sending PRODUCE request with header RequestHeader(apiKey=PRODUCE, apiVersion=10, clientId=Fraud-Management-producer-1, correlationId=28, headerVersion=2) and timeout 30000 to node 0: {acks=-1,timeout=30000,partitionSizes=[notification-0=140]}
2026-05-21T20:30:01.687+05:30 DEBUG 1778 --- [Fraud-Management] [kafka-producer-network-thread | Fraud-Management-producer-1] org.apache.kafka.clients.NetworkClient   : [Producer clientId=Fraud-Management-producer-1] Received METADATA response from node 0 for request with header RequestHeader(apiKey=METADATA, apiVersion=12, clientId=Fraud-Management-producer-1, correlationId=29, headerVersion=2): MetadataResponseData(throttleTimeMs=0, brokers=[MetadataResponseBroker(nodeId=0, host='192.168.1.15', port=9092, rack=null)], clusterId='9YJeH9LiQPabFK2-ohTFOA', controllerId=0, topics=[MetadataResponseTopic(errorCode=0, name='rollback-transactions', topicId=l5_XOGu1T0C1Ywef7hcyoA, isInternal=false, partitions=[MetadataResponsePartition(errorCode=0, partitionIndex=0, leaderId=0, leaderEpoch=0, replicaNodes=[0], isrNodes=[0], offlineReplicas=[])], topicAuthorizedOperations=-2147483648)], clusterAuthorizedOperations=-2147483648)
2026-05-21T20:30:01.687+05:30 DEBUG 1778 --- [Fraud-Management] [kafka-producer-network-thread | Fraud-Management-producer-1] org.apache.kafka.clients.Metadata        : [Producer clientId=Fraud-Management-producer-1] Setting the last seen epoch of partition rollback-transactions-0 to 0 since the last known epoch was undefined.
2026-05-21T20:30:01.688+05:30 DEBUG 1778 --- [Fraud-Management] [kafka-producer-network-thread | Fraud-Management-producer-1] org.apache.kafka.clients.Metadata        : [Producer clientId=Fraud-Management-producer-1] Updated cluster metadata updateVersion 13 to MetadataCache{clusterId='9YJeH9LiQPabFK2-ohTFOA', nodes={0=192.168.1.15:9092 (id: 0 rack: null)}, partitions=[PartitionMetadata(error=NONE, partition=rollback-transactions-0, leader=Optional[0], leaderEpoch=Optional[0], replicas=0, isr=0, offlineReplicas=)], controller=192.168.1.15:9092 (id: 0 rack: null)}
2026-05-21T20:30:01.689+05:30 DEBUG 1778 --- [Fraud-Management] [kafka-producer-network-thread | Fraud-Management-producer-1] o.a.k.c.p.internals.RecordAccumulator    : [Producer clientId=Fraud-Management-producer-1] Assigned producerId 0 and producerEpoch 0 to batch with base sequence 4 being sent to partition rollback-transactions-0
2026-05-21T20:30:01.689+05:30 DEBUG 1778 --- [Fraud-Management] [kafka-producer-network-thread | Fraud-Management-producer-1] org.apache.kafka.clients.NetworkClient   : [Producer clientId=Fraud-Management-producer-1] Sending PRODUCE request with header RequestHeader(apiKey=PRODUCE, apiVersion=10, clientId=Fraud-Management-producer-1, correlationId=30, headerVersion=2) and timeout 30000 to node 0: {acks=-1,timeout=30000,partitionSizes=[rollback-transactions-0=353]}
2026-05-21T20:30:01.690+05:30 DEBUG 1778 --- [Fraud-Management] [kafka-producer-network-thread | Fraud-Management-producer-1] org.apache.kafka.clients.NetworkClient   : [Producer clientId=Fraud-Management-producer-1] Sending metadata request MetadataRequestData(topics=[MetadataRequestTopic(topicId=AAAAAAAAAAAAAAAAAAAAAA, name='fraud-alerts')], allowAutoTopicCreation=true, includeClusterAuthorizedOperations=false, includeTopicAuthorizedOperations=false) to node 192.168.1.15:9092 (id: 0 rack: null)
2026-05-21T20:30:01.690+05:30 DEBUG 1778 --- [Fraud-Management] [kafka-producer-network-thread | Fraud-Management-producer-1] org.apache.kafka.clients.NetworkClient   : [Producer clientId=Fraud-Management-producer-1] Sending METADATA request with header RequestHeader(apiKey=METADATA, apiVersion=12, clientId=Fraud-Management-producer-1, correlationId=21, headerVersion=2) and timeout 30000 to node 0: MetadataRequestData(topics=[MetadataRequestTopic(topicId=AAAAAAAAAAAAAAAAAAAAAA, name='fraud-alerts')], allowAutoTopicCreation=true, includeClusterAuthorizedOperations=false, includeTopicAuthorizedOperations=false)
2026-05-21T20:30:01.691+05:30 DEBUG 1778 --- [Fraud-Management] [kafka-producer-network-thread | Fraud-Management-producer-1] org.apache.kafka.clients.NetworkClient   : [Producer clientId=Fraud-Management-producer-1] Received METADATA response from node 0 for request with header RequestHeader(apiKey=METADATA, apiVersion=12, clientId=Fraud-Management-producer-1, correlationId=21, headerVersion=2): MetadataResponseData(throttleTimeMs=0, brokers=[MetadataResponseBroker(nodeId=0, host='192.168.1.15', port=9092, rack=null)], clusterId='9YJeH9LiQPabFK2-ohTFOA', controllerId=0, topics=[MetadataResponseTopic(errorCode=0, name='fraud-alerts', topicId=igZ8IUrNQxqStOjnoWrz9A, isInternal=false, partitions=[MetadataResponsePartition(errorCode=0, partitionIndex=0, leaderId=0, leaderEpoch=0, replicaNodes=[0], isrNodes=[0], offlineReplicas=[])], topicAuthorizedOperations=-2147483648)], clusterAuthorizedOperations=-2147483648)
2026-05-21T20:30:01.691+05:30 DEBUG 1778 --- [Fraud-Management] [kafka-producer-network-thread | Fraud-Management-producer-1] org.apache.kafka.clients.Metadata        : [Producer clientId=Fraud-Management-producer-1] Setting the last seen epoch of partition fraud-alerts-0 to 0 since the last known epoch was undefined.
2026-05-21T20:30:01.692+05:30 DEBUG 1778 --- [Fraud-Management] [kafka-producer-network-thread | Fraud-Management-producer-1] org.apache.kafka.clients.Metadata        : [Producer clientId=Fraud-Management-producer-1] Updated cluster metadata updateVersion 9 to MetadataCache{clusterId='9YJeH9LiQPabFK2-ohTFOA', nodes={0=192.168.1.15:9092 (id: 0 rack: null)}, partitions=[PartitionMetadata(error=NONE, partition=fraud-alerts-0, leader=Optional[0], leaderEpoch=Optional[0], replicas=0, isr=0, offlineReplicas=)], controller=192.168.1.15:9092 (id: 0 rack: null)}
2026-05-21T20:30:01.692+05:30  INFO 1778 --- [Fraud-Management] [http-nio-8082-exec-4] c.f.F.Kafka.TransactionProducer          : FRAUD transaction! Rolled back and alert sent.
2026-05-21T20:30:01.692+05:30 DEBUG 1778 --- [Fraud-Management] [kafka-producer-network-thread | Fraud-Management-producer-1] o.a.k.c.p.internals.RecordAccumulator    : [Producer clientId=Fraud-Management-producer-1] Assigned producerId 2 and producerEpoch 0 to batch with base sequence 4 being sent to partition fraud-alerts-0
2026-05-21T20:30:01.693+05:30 DEBUG 1778 --- [Fraud-Management] [kafka-producer-network-thread | Fraud-Management-producer-1] org.apache.kafka.clients.NetworkClient   : [Producer clientId=Fraud-Management-producer-1] Sending PRODUCE request with header RequestHeader(apiKey=PRODUCE, apiVersion=10, clientId=Fraud-Management-producer-1, correlationId=22, headerVersion=2) and timeout 30000 to node 0: {acks=-1,timeout=30000,partitionSizes=[fraud-alerts-0=242]}
2026-05-21T20:30:01.711+05:30 DEBUG 1778 --- [Fraud-Management] [kafka-producer-network-thread | Fraud-Management-producer-1] org.apache.kafka.clients.NetworkClient   : [Producer clientId=Fraud-Management-producer-1] Received PRODUCE response from node 0 for request with header RequestHeader(apiKey=PRODUCE, apiVersion=10, clientId=Fraud-Management-producer-1, correlationId=22, headerVersion=2): ProduceResponseData(responses=[TopicProduceResponse(name='fraud-alerts', partitionResponses=[PartitionProduceResponse(index=0, errorCode=0, baseOffset=4, logAppendTimeMs=-1, logStartOffset=0, recordErrors=[], errorMessage=null, currentLeader=LeaderIdAndEpoch(leaderId=-1, leaderEpoch=-1))])], throttleTimeMs=0, nodeEndpoints=[])
2026-05-21T20:30:01.711+05:30 DEBUG 1778 --- [Fraud-Management] [kafka-producer-network-thread | Fraud-Management-producer-1] org.apache.kafka.clients.NetworkClient   : [Producer clientId=Fraud-Management-producer-1] Received PRODUCE response from node 0 for request with header RequestHeader(apiKey=PRODUCE, apiVersion=10, clientId=Fraud-Management-producer-1, correlationId=28, headerVersion=2): ProduceResponseData(responses=[TopicProduceResponse(name='notification', partitionResponses=[PartitionProduceResponse(index=0, errorCode=0, baseOffset=6, logAppendTimeMs=-1, logStartOffset=0, recordErrors=[], errorMessage=null, currentLeader=LeaderIdAndEpoch(leaderId=-1, leaderEpoch=-1))])], throttleTimeMs=0, nodeEndpoints=[])
2026-05-21T20:30:01.711+05:30 DEBUG 1778 --- [Fraud-Management] [kafka-producer-network-thread | Fraud-Management-producer-1] org.apache.kafka.clients.NetworkClient   : [Producer clientId=Fraud-Management-producer-1] Received PRODUCE response from node 0 for request with header RequestHeader(apiKey=PRODUCE, apiVersion=10, clientId=Fraud-Management-producer-1, correlationId=30, headerVersion=2): ProduceResponseData(responses=[TopicProduceResponse(name='rollback-transactions', partitionResponses=[PartitionProduceResponse(index=0, errorCode=0, baseOffset=4, logAppendTimeMs=-1, logStartOffset=0, recordErrors=[], errorMessage=null, currentLeader=LeaderIdAndEpoch(leaderId=-1, leaderEpoch=-1))])], throttleTimeMs=0, nodeEndpoints=[])
2026-05-21T20:30:01.712+05:30 DEBUG 1778 --- [Fraud-Management] [kafka-producer-network-thread | Fraud-Management-producer-1] o.a.k.c.p.internals.TransactionManager   : [Producer clientId=Fraud-Management-producer-1] ProducerId: 1; Set last ack'd sequence number for topic-partition notification-0 to 6
2026-05-21T20:30:01.712+05:30 DEBUG 1778 --- [Fraud-Management] [kafka-producer-network-thread | Fraud-Management-producer-1] o.a.k.c.p.internals.TransactionManager   : [Producer clientId=Fraud-Management-producer-1] ProducerId: 0; Set last ack'd sequence number for topic-partition rollback-transactions-0 to 4
2026-05-21T20:30:01.712+05:30 DEBUG 1778 --- [Fraud-Management] [kafka-producer-network-thread | Fraud-Management-producer-1] o.a.k.c.p.internals.TransactionManager   : [Producer clientId=Fraud-Management-producer-1] ProducerId: 2; Set last ack'd sequence number for topic-partition fraud-alerts-0 to 4
2026-05-21T20:30:09.843+05:30 DEBUG 1778 --- [Fraud-Management] [kafka-producer-network-thread | Fraud-Management-producer-1] org.apache.kafka.clients.NetworkClient   : [Producer clientId=Fraud-Management-producer-1] Sending metadata request MetadataRequestData(topics=[MetadataRequestTopic(topicId=AAAAAAAAAAAAAAAAAAAAAA, name='rollback-transactions')], allowAutoTopicCreation=true, includeClusterAuthorizedOperations=false, includeTopicAuthorizedOperations=false) to node 192.168.1.15:9092 (id: 0 rack: null)
2026-05-21T20:30:09.843+05:30 DEBUG 1778 --- [Fraud-Management] [kafka-producer-network-thread | Fraud-Management-producer-1] org.apache.kafka.clients.NetworkClient   : [Producer clientId=Fraud-Management-producer-1] Sending metadata request MetadataRequestData(topics=[MetadataRequestTopic(topicId=AAAAAAAAAAAAAAAAAAAAAA, name='notification')], allowAutoTopicCreation=true, includeClusterAuthorizedOperations=false, includeTopicAuthorizedOperations=false) to node 192.168.1.15:9092 (id: 0 rack: null)
2026-05-21T20:30:09.847+05:30 DEBUG 1778 --- [Fraud-Management] [kafka-producer-network-thread | Fraud-Management-producer-1] org.apache.kafka.clients.NetworkClient   : [Producer clientId=Fraud-Management-producer-1] Sending METADATA request with header RequestHeader(apiKey=METADATA, apiVersion=12, clientId=Fraud-Management-producer-1, correlationId=29, headerVersion=2) and timeout 30000 to node 0: MetadataRequestData(topics=[MetadataRequestTopic(topicId=AAAAAAAAAAAAAAAAAAAAAA, name='notification')], allowAutoTopicCreation=true, includeClusterAuthorizedOperations=false, includeTopicAuthorizedOperations=false)
2026-05-21T20:30:09.847+05:30 DEBUG 1778 --- [Fraud-Management] [kafka-producer-network-thread | Fraud-Management-producer-1] org.apache.kafka.clients.NetworkClient   : [Producer clientId=Fraud-Management-producer-1] Sending METADATA request with header RequestHeader(apiKey=METADATA, apiVersion=12, clientId=Fraud-Management-producer-1, correlationId=31, headerVersion=2) and timeout 30000 to node 0: MetadataRequestData(topics=[MetadataRequestTopic(topicId=AAAAAAAAAAAAAAAAAAAAAA, name='rollback-transactions')], allowAutoTopicCreation=true, includeClusterAuthorizedOperations=false, includeTopicAuthorizedOperations=false)
2026-05-21T20:30:09.850+05:30 DEBUG 1778 --- [Fraud-Management] [kafka-producer-network-thread | Fraud-Management-producer-1] o.a.k.c.t.i.ClientTelemetryReporter      : Creating telemetry subscription request with client instance id AAAAAAAAAAAAAAAAAAAAAA
2026-05-21T20:30:09.850+05:30 DEBUG 1778 --- [Fraud-Management] [kafka-producer-network-thread | Fraud-Management-producer-1] o.a.k.c.t.i.ClientTelemetryReporter      : Creating telemetry subscription request with client instance id AAAAAAAAAAAAAAAAAAAAAA
2026-05-21T20:30:09.851+05:30 DEBUG 1778 --- [Fraud-Management] [kafka-producer-network-thread | Fraud-Management-producer-1] o.a.k.c.t.i.ClientTelemetryReporter      : Setting telemetry state from SUBSCRIPTION_NEEDED to SUBSCRIPTION_IN_PROGRESS
2026-05-21T20:30:09.851+05:30 DEBUG 1778 --- [Fraud-Management] [kafka-producer-network-thread | Fraud-Management-producer-1] o.a.k.c.t.i.ClientTelemetryReporter      : Setting telemetry state from SUBSCRIPTION_NEEDED to SUBSCRIPTION_IN_PROGRESS
2026-05-21T20:30:09.851+05:30 DEBUG 1778 --- [Fraud-Management] [kafka-producer-network-thread | Fraud-Management-producer-1] org.apache.kafka.clients.NetworkClient   : [Producer clientId=Fraud-Management-producer-1] Version mismatch when attempting to send GetTelemetrySubscriptionsRequestData(clientInstanceId=AAAAAAAAAAAAAAAAAAAAAA) with correlation id 32 to 0

org.apache.kafka.common.errors.UnsupportedVersionException: The node does not support GET_TELEMETRY_SUBSCRIPTIONS

2026-05-21T20:30:09.851+05:30 DEBUG 1778 --- [Fraud-Management] [kafka-producer-network-thread | Fraud-Management-producer-1] org.apache.kafka.clients.NetworkClient   : [Producer clientId=Fraud-Management-producer-1] Version mismatch when attempting to send GetTelemetrySubscriptionsRequestData(clientInstanceId=AAAAAAAAAAAAAAAAAAAAAA) with correlation id 30 to 0

org.apache.kafka.common.errors.UnsupportedVersionException: The node does not support GET_TELEMETRY_SUBSCRIPTIONS

2026-05-21T20:30:09.854+05:30 DEBUG 1778 --- [Fraud-Management] [kafka-producer-network-thread | Fraud-Management-producer-1] o.a.k.c.t.i.ClientTelemetryReporter      : The broker generated an error for the get telemetry network API request

org.apache.kafka.common.errors.UnsupportedVersionException: The node does not support GET_TELEMETRY_SUBSCRIPTIONS

2026-05-21T20:30:09.854+05:30 DEBUG 1778 --- [Fraud-Management] [kafka-producer-network-thread | Fraud-Management-producer-1] o.a.k.c.t.i.ClientTelemetryReporter      : The broker generated an error for the get telemetry network API request

org.apache.kafka.common.errors.UnsupportedVersionException: The node does not support GET_TELEMETRY_SUBSCRIPTIONS

2026-05-21T20:30:09.855+05:30 DEBUG 1778 --- [Fraud-Management] [kafka-producer-network-thread | Fraud-Management-producer-1] o.a.k.c.t.i.ClientTelemetryReporter      : Updating intervalMs: 300000, lastRequestMs: 1779375609855
2026-05-21T20:30:09.855+05:30 DEBUG 1778 --- [Fraud-Management] [kafka-producer-network-thread | Fraud-Management-producer-1] o.a.k.c.t.i.ClientTelemetryReporter      : Setting telemetry state from SUBSCRIPTION_IN_PROGRESS to SUBSCRIPTION_NEEDED
2026-05-21T20:30:09.855+05:30 DEBUG 1778 --- [Fraud-Management] [kafka-producer-network-thread | Fraud-Management-producer-1] o.a.k.c.t.i.ClientTelemetryReporter      : Updating intervalMs: 300000, lastRequestMs: 1779375609855
2026-05-21T20:30:09.855+05:30 DEBUG 1778 --- [Fraud-Management] [kafka-producer-network-thread | Fraud-Management-producer-1] o.a.k.c.t.i.ClientTelemetryReporter      : Setting telemetry state from SUBSCRIPTION_IN_PROGRESS to SUBSCRIPTION_NEEDED
2026-05-21T20:30:09.858+05:30 DEBUG 1778 --- [Fraud-Management] [kafka-producer-network-thread | Fraud-Management-producer-1] org.apache.kafka.clients.NetworkClient   : [Producer clientId=Fraud-Management-producer-1] Received METADATA response from node 0 for request with header RequestHeader(apiKey=METADATA, apiVersion=12, clientId=Fraud-Management-producer-1, correlationId=29, headerVersion=2): MetadataResponseData(throttleTimeMs=0, brokers=[MetadataResponseBroker(nodeId=0, host='192.168.1.15', port=9092, rack=null)], clusterId='9YJeH9LiQPabFK2-ohTFOA', controllerId=0, topics=[MetadataResponseTopic(errorCode=0, name='notification', topicId=DyxN5cIIS-KuhaJQv1O9gw, isInternal=false, partitions=[MetadataResponsePartition(errorCode=0, partitionIndex=0, leaderId=0, leaderEpoch=0, replicaNodes=[0], isrNodes=[0], offlineReplicas=[])], topicAuthorizedOperations=-2147483648)], clusterAuthorizedOperations=-2147483648)
2026-05-21T20:30:09.858+05:30 DEBUG 1778 --- [Fraud-Management] [kafka-producer-network-thread | Fraud-Management-producer-1] org.apache.kafka.clients.NetworkClient   : [Producer clientId=Fraud-Management-producer-1] Received METADATA response from node 0 for request with header RequestHeader(apiKey=METADATA, apiVersion=12, clientId=Fraud-Management-producer-1, correlationId=31, headerVersion=2): MetadataResponseData(throttleTimeMs=0, brokers=[MetadataResponseBroker(nodeId=0, host='192.168.1.15', port=9092, rack=null)], clusterId='9YJeH9LiQPabFK2-ohTFOA', controllerId=0, topics=[MetadataResponseTopic(errorCode=0, name='rollback-transactions', topicId=l5_XOGu1T0C1Ywef7hcyoA, isInternal=false, partitions=[MetadataResponsePartition(errorCode=0, partitionIndex=0, leaderId=0, leaderEpoch=0, replicaNodes=[0], isrNodes=[0], offlineReplicas=[])], topicAuthorizedOperations=-2147483648)], clusterAuthorizedOperations=-2147483648)
2026-05-21T20:30:09.860+05:30 DEBUG 1778 --- [Fraud-Management] [kafka-producer-network-thread | Fraud-Management-producer-1] org.apache.kafka.clients.Metadata        : [Producer clientId=Fraud-Management-producer-1] Updating last seen epoch for partition notification-0 from 0 to epoch 0 from new metadata
2026-05-21T20:30:09.860+05:30 DEBUG 1778 --- [Fraud-Management] [kafka-producer-network-thread | Fraud-Management-producer-1] org.apache.kafka.clients.Metadata        : [Producer clientId=Fraud-Management-producer-1] Updating last seen epoch for partition rollback-transactions-0 from 0 to epoch 0 from new metadata
2026-05-21T20:30:09.861+05:30 DEBUG 1778 --- [Fraud-Management] [kafka-producer-network-thread | Fraud-Management-producer-1] org.apache.kafka.clients.Metadata        : [Producer clientId=Fraud-Management-producer-1] Updated cluster metadata updateVersion 14 to MetadataCache{clusterId='9YJeH9LiQPabFK2-ohTFOA', nodes={0=192.168.1.15:9092 (id: 0 rack: null)}, partitions=[PartitionMetadata(error=NONE, partition=rollback-transactions-0, leader=Optional[0], leaderEpoch=Optional[0], replicas=0, isr=0, offlineReplicas=)], controller=192.168.1.15:9092 (id: 0 rack: null)}
2026-05-21T20:30:09.862+05:30 DEBUG 1778 --- [Fraud-Management] [kafka-producer-network-thread | Fraud-Management-producer-1] org.apache.kafka.clients.Metadata        : [Producer clientId=Fraud-Management-producer-1] Updated cluster metadata updateVersion 11 to MetadataCache{clusterId='9YJeH9LiQPabFK2-ohTFOA', nodes={0=192.168.1.15:9092 (id: 0 rack: null)}, partitions=[PartitionMetadata(error=NONE, partition=notification-0, leader=Optional[0], leaderEpoch=Optional[0], replicas=0, isr=0, offlineReplicas=)], controller=192.168.1.15:9092 (id: 0 rack: null)}
2026-05-21T20:30:18.333+05:30 DEBUG 1778 --- [Fraud-Management] [kafka-producer-network-thread | Fraud-Management-producer-1] o.a.k.c.t.i.ClientTelemetryReporter      : Creating telemetry subscription request with client instance id AAAAAAAAAAAAAAAAAAAAAA
2026-05-21T20:30:18.334+05:30 DEBUG 1778 --- [Fraud-Management] [kafka-producer-network-thread | Fraud-Management-producer-1] o.a.k.c.t.i.ClientTelemetryReporter      : Setting telemetry state from SUBSCRIPTION_NEEDED to SUBSCRIPTION_IN_PROGRESS
2026-05-21T20:30:18.334+05:30 DEBUG 1778 --- [Fraud-Management] [kafka-producer-network-thread | Fraud-Management-producer-1] org.apache.kafka.clients.NetworkClient   : [Producer clientId=Fraud-Management-producer-1] Version mismatch when attempting to send GetTelemetrySubscriptionsRequestData(clientInstanceId=AAAAAAAAAAAAAAAAAAAAAA) with correlation id 23 to 0

org.apache.kafka.common.errors.UnsupportedVersionException: The node does not support GET_TELEMETRY_SUBSCRIPTIONS

2026-05-21T20:30:18.335+05:30 DEBUG 1778 --- [Fraud-Management] [kafka-producer-network-thread | Fraud-Management-producer-1] o.a.k.c.t.i.ClientTelemetryReporter      : The broker generated an error for the get telemetry network API request

org.apache.kafka.common.errors.UnsupportedVersionException: The node does not support GET_TELEMETRY_SUBSCRIPTIONS

2026-05-21T20:30:18.335+05:30 DEBUG 1778 --- [Fraud-Management] [kafka-producer-network-thread | Fraud-Management-producer-1] o.a.k.c.t.i.ClientTelemetryReporter      : Updating intervalMs: 300000, lastRequestMs: 1779375618335
2026-05-21T20:30:18.336+05:30 DEBUG 1778 --- [Fraud-Management] [kafka-producer-network-thread | Fraud-Management-producer-1] o.a.k.c.t.i.ClientTelemetryReporter      : Setting telemetry state from SUBSCRIPTION_IN_PROGRESS to SUBSCRIPTION_NEEDED
2026-05-21T20:30:37.674+05:30  INFO 1778 --- [Fraud-Management] [http-nio-8082-exec-5] c.f.F.Kafka.TransactionProducer          : Processing transaction: com.fraud_detection.Fraud_Management.DTO.TransactionDTO@269bb15e
2026-05-21T20:30:37.829+05:30  INFO 1778 --- [Fraud-Management] [http-nio-8082-exec-5] c.f.F.Kafka.TransactionProducer          : Notification sent for transaction ID: 6add73a8-c30d-4683-96f1-d954cb506fe4
2026-05-21T20:30:37.830+05:30  INFO 1778 --- [Fraud-Management] [http-nio-8082-exec-5] c.f.F.Kafka.TransactionProducer          : Transaction evaluation result: ALERT
2026-05-21T20:30:37.830+05:30 DEBUG 1778 --- [Fraud-Management] [kafka-producer-network-thread | Fraud-Management-producer-1] o.a.k.c.p.internals.RecordAccumulator    : [Producer clientId=Fraud-Management-producer-1] Assigned producerId 1 and producerEpoch 0 to batch with base sequence 7 being sent to partition notification-0
2026-05-21T20:30:37.831+05:30 DEBUG 1778 --- [Fraud-Management] [kafka-producer-network-thread | Fraud-Management-producer-1] org.apache.kafka.clients.NetworkClient   : [Producer clientId=Fraud-Management-producer-1] Sending metadata request MetadataRequestData(topics=[MetadataRequestTopic(topicId=AAAAAAAAAAAAAAAAAAAAAA, name='valid-transactions')], allowAutoTopicCreation=true, includeClusterAuthorizedOperations=false, includeTopicAuthorizedOperations=false) to node 192.168.1.15:9092 (id: 0 rack: null)
2026-05-21T20:30:37.831+05:30 DEBUG 1778 --- [Fraud-Management] [kafka-producer-network-thread | Fraud-Management-producer-1] org.apache.kafka.clients.NetworkClient   : [Producer clientId=Fraud-Management-producer-1] Sending METADATA request with header RequestHeader(apiKey=METADATA, apiVersion=12, clientId=Fraud-Management-producer-1, correlationId=33, headerVersion=2) and timeout 30000 to node 0: MetadataRequestData(topics=[MetadataRequestTopic(topicId=AAAAAAAAAAAAAAAAAAAAAA, name='valid-transactions')], allowAutoTopicCreation=true, includeClusterAuthorizedOperations=false, includeTopicAuthorizedOperations=false)
2026-05-21T20:30:37.831+05:30 DEBUG 1778 --- [Fraud-Management] [kafka-producer-network-thread | Fraud-Management-producer-1] org.apache.kafka.clients.NetworkClient   : [Producer clientId=Fraud-Management-producer-1] Sending PRODUCE request with header RequestHeader(apiKey=PRODUCE, apiVersion=10, clientId=Fraud-Management-producer-1, correlationId=31, headerVersion=2) and timeout 30000 to node 0: {acks=-1,timeout=30000,partitionSizes=[notification-0=140]}
2026-05-21T20:30:37.836+05:30 DEBUG 1778 --- [Fraud-Management] [kafka-producer-network-thread | Fraud-Management-producer-1] org.apache.kafka.clients.NetworkClient   : [Producer clientId=Fraud-Management-producer-1] Received METADATA response from node 0 for request with header RequestHeader(apiKey=METADATA, apiVersion=12, clientId=Fraud-Management-producer-1, correlationId=33, headerVersion=2): MetadataResponseData(throttleTimeMs=0, brokers=[MetadataResponseBroker(nodeId=0, host='192.168.1.15', port=9092, rack=null)], clusterId='9YJeH9LiQPabFK2-ohTFOA', controllerId=0, topics=[MetadataResponseTopic(errorCode=0, name='valid-transactions', topicId=v31IJ8L6TVuEw05Yu2NFTg, isInternal=false, partitions=[MetadataResponsePartition(errorCode=0, partitionIndex=0, leaderId=0, leaderEpoch=0, replicaNodes=[0], isrNodes=[0], offlineReplicas=[])], topicAuthorizedOperations=-2147483648)], clusterAuthorizedOperations=-2147483648)
2026-05-21T20:30:37.836+05:30 DEBUG 1778 --- [Fraud-Management] [kafka-producer-network-thread | Fraud-Management-producer-1] org.apache.kafka.clients.Metadata        : [Producer clientId=Fraud-Management-producer-1] Setting the last seen epoch of partition valid-transactions-0 to 0 since the last known epoch was undefined.
2026-05-21T20:30:37.837+05:30 DEBUG 1778 --- [Fraud-Management] [kafka-producer-network-thread | Fraud-Management-producer-1] org.apache.kafka.clients.Metadata        : [Producer clientId=Fraud-Management-producer-1] Updated cluster metadata updateVersion 15 to MetadataCache{clusterId='9YJeH9LiQPabFK2-ohTFOA', nodes={0=192.168.1.15:9092 (id: 0 rack: null)}, partitions=[PartitionMetadata(error=NONE, partition=valid-transactions-0, leader=Optional[0], leaderEpoch=Optional[0], replicas=0, isr=0, offlineReplicas=), PartitionMetadata(error=NONE, partition=rollback-transactions-0, leader=Optional[0], leaderEpoch=Optional[0], replicas=0, isr=0, offlineReplicas=)], controller=192.168.1.15:9092 (id: 0 rack: null)}
2026-05-21T20:30:37.838+05:30  INFO 1778 --- [Fraud-Management] [http-nio-8082-exec-5] c.f.F.Kafka.TransactionProducer          : ALERT-worthy transaction. Proceeded and alert sent.
2026-05-21T20:30:37.838+05:30 DEBUG 1778 --- [Fraud-Management] [kafka-producer-network-thread | Fraud-Management-producer-1] o.a.k.c.p.internals.RecordAccumulator    : [Producer clientId=Fraud-Management-producer-1] Assigned producerId 0 and producerEpoch 0 to batch with base sequence 2 being sent to partition valid-transactions-0
2026-05-21T20:30:37.839+05:30 DEBUG 1778 --- [Fraud-Management] [kafka-producer-network-thread | Fraud-Management-producer-1] org.apache.kafka.clients.NetworkClient   : [Producer clientId=Fraud-Management-producer-1] Sending PRODUCE request with header RequestHeader(apiKey=PRODUCE, apiVersion=10, clientId=Fraud-Management-producer-1, correlationId=34, headerVersion=2) and timeout 30000 to node 0: {acks=-1,timeout=30000,partitionSizes=[valid-transactions-0=353]}
2026-05-21T20:30:37.838+05:30 DEBUG 1778 --- [Fraud-Management] [kafka-producer-network-thread | Fraud-Management-producer-1] o.a.k.c.p.internals.RecordAccumulator    : [Producer clientId=Fraud-Management-producer-1] Assigned producerId 2 and producerEpoch 0 to batch with base sequence 5 being sent to partition fraud-alerts-0
2026-05-21T20:30:37.839+05:30 DEBUG 1778 --- [Fraud-Management] [kafka-producer-network-thread | Fraud-Management-producer-1] org.apache.kafka.clients.NetworkClient   : [Producer clientId=Fraud-Management-producer-1] Sending PRODUCE request with header RequestHeader(apiKey=PRODUCE, apiVersion=10, clientId=Fraud-Management-producer-1, correlationId=24, headerVersion=2) and timeout 30000 to node 0: {acks=-1,timeout=30000,partitionSizes=[fraud-alerts-0=268]}
2026-05-21T20:30:37.839+05:30 DEBUG 1778 --- [Fraud-Management] [kafka-producer-network-thread | Fraud-Management-producer-1] org.apache.kafka.clients.NetworkClient   : [Producer clientId=Fraud-Management-producer-1] Received PRODUCE response from node 0 for request with header RequestHeader(apiKey=PRODUCE, apiVersion=10, clientId=Fraud-Management-producer-1, correlationId=31, headerVersion=2): ProduceResponseData(responses=[TopicProduceResponse(name='notification', partitionResponses=[PartitionProduceResponse(index=0, errorCode=0, baseOffset=7, logAppendTimeMs=-1, logStartOffset=0, recordErrors=[], errorMessage=null, currentLeader=LeaderIdAndEpoch(leaderId=-1, leaderEpoch=-1))])], throttleTimeMs=0, nodeEndpoints=[])
2026-05-21T20:30:37.840+05:30 DEBUG 1778 --- [Fraud-Management] [kafka-producer-network-thread | Fraud-Management-producer-1] o.a.k.c.p.internals.TransactionManager   : [Producer clientId=Fraud-Management-producer-1] ProducerId: 1; Set last ack'd sequence number for topic-partition notification-0 to 7
2026-05-21T20:30:37.841+05:30 DEBUG 1778 --- [Fraud-Management] [kafka-producer-network-thread | Fraud-Management-producer-1] org.apache.kafka.clients.NetworkClient   : [Producer clientId=Fraud-Management-producer-1] Received PRODUCE response from node 0 for request with header RequestHeader(apiKey=PRODUCE, apiVersion=10, clientId=Fraud-Management-producer-1, correlationId=24, headerVersion=2): ProduceResponseData(responses=[TopicProduceResponse(name='fraud-alerts', partitionResponses=[PartitionProduceResponse(index=0, errorCode=0, baseOffset=5, logAppendTimeMs=-1, logStartOffset=0, recordErrors=[], errorMessage=null, currentLeader=LeaderIdAndEpoch(leaderId=-1, leaderEpoch=-1))])], throttleTimeMs=0, nodeEndpoints=[])
2026-05-21T20:30:37.841+05:30 DEBUG 1778 --- [Fraud-Management] [kafka-producer-network-thread | Fraud-Management-producer-1] org.apache.kafka.clients.NetworkClient   : [Producer clientId=Fraud-Management-producer-1] Received PRODUCE response from node 0 for request with header RequestHeader(apiKey=PRODUCE, apiVersion=10, clientId=Fraud-Management-producer-1, correlationId=34, headerVersion=2): ProduceResponseData(responses=[TopicProduceResponse(name='valid-transactions', partitionResponses=[PartitionProduceResponse(index=0, errorCode=0, baseOffset=2, logAppendTimeMs=-1, logStartOffset=0, recordErrors=[], errorMessage=null, currentLeader=LeaderIdAndEpoch(leaderId=-1, leaderEpoch=-1))])], throttleTimeMs=0, nodeEndpoints=[])
2026-05-21T20:30:37.842+05:30 DEBUG 1778 --- [Fraud-Management] [kafka-producer-network-thread | Fraud-Management-producer-1] o.a.k.c.p.internals.TransactionManager   : [Producer clientId=Fraud-Management-producer-1] ProducerId: 0; Set last ack'd sequence number for topic-partition valid-transactions-0 to 2
2026-05-21T20:30:37.841+05:30 DEBUG 1778 --- [Fraud-Management] [kafka-producer-network-thread | Fraud-Management-producer-1] o.a.k.c.p.internals.TransactionManager   : [Producer clientId=Fraud-Management-producer-1] ProducerId: 2; Set last ack'd sequence number for topic-partition fraud-alerts-0 to 5
2026-05-21T20:32:36.534+05:30  INFO 1778 --- [Fraud-Management] [SpringApplicationShutdownHook] o.s.c.n.e.s.EurekaServiceRegistry        : Unregistering application FRAUD-MANAGEMENT with eureka with status DOWN
2026-05-21T20:32:36.536+05:30  INFO 1778 --- [Fraud-Management] [SpringApplicationShutdownHook] com.netflix.discovery.DiscoveryClient    : Saw local status change event StatusChangeEvent [timestamp=1779375756536, current=DOWN, previous=UP]
2026-05-21T20:32:36.536+05:30  INFO 1778 --- [Fraud-Management] [DiscoveryClient-InstanceInfoReplicator-%d] com.netflix.discovery.DiscoveryClient    : DiscoveryClient_FRAUD-MANAGEMENT/192.168.1.15:Fraud-Management:8082: registering service...
2026-05-21T20:32:36.558+05:30  INFO 1778 --- [Fraud-Management] [DiscoveryClient-InstanceInfoReplicator-%d] com.netflix.discovery.DiscoveryClient    : DiscoveryClient_FRAUD-MANAGEMENT/192.168.1.15:Fraud-Management:8082 - registration status: 204
2026-05-21T20:32:36.584+05:30  INFO 1778 --- [Fraud-Management] [SpringApplicationShutdownHook] o.s.b.w.e.tomcat.GracefulShutdown        : Commencing graceful shutdown. Waiting for active requests to complete
2026-05-21T20:32:38.626+05:30  INFO 1778 --- [Fraud-Management] [tomcat-shutdown] o.s.b.w.e.tomcat.GracefulShutdown        : Graceful shutdown complete
2026-05-21T20:32:38.644+05:30  INFO 1778 --- [Fraud-Management] [SpringApplicationShutdownHook] o.a.k.clients.producer.KafkaProducer     : [Producer clientId=Fraud-Management-producer-1] Closing the Kafka producer with timeoutMillis = 30000 ms.
2026-05-21T20:32:38.649+05:30 DEBUG 1778 --- [Fraud-Management] [kafka-producer-network-thread | Fraud-Management-producer-1] o.a.k.clients.producer.internals.Sender  : [Producer clientId=Fraud-Management-producer-1] Beginning shutdown of Kafka producer I/O thread, sending remaining records.
2026-05-21T20:32:38.659+05:30 DEBUG 1778 --- [Fraud-Management] [kafka-producer-network-thread | Fraud-Management-producer-1] o.a.k.c.t.i.KafkaMetricsCollector        : removing kafka metric : MetricName [name=connection-count, group=producer-metrics, description=The current number of active connections., tags={client-id=Fraud-Management-producer-1}]
2026-05-21T20:32:38.660+05:30 DEBUG 1778 --- [Fraud-Management] [kafka-producer-network-thread | Fraud-Management-producer-1] o.a.k.c.t.i.KafkaMetricsCollector        : removing kafka metric : MetricName [name=connection-close-total, group=producer-metrics, description=The total number of connections closed, tags={client-id=Fraud-Management-producer-1}]
2026-05-21T20:32:38.661+05:30 DEBUG 1778 --- [Fraud-Management] [kafka-producer-network-thread | Fraud-Management-producer-1] o.a.k.c.t.i.KafkaMetricsCollector        : removing kafka metric : MetricName [name=connection-close-rate, group=producer-metrics, description=The number of connections closed per second, tags={client-id=Fraud-Management-producer-1}]
2026-05-21T20:32:38.661+05:30 DEBUG 1778 --- [Fraud-Management] [kafka-producer-network-thread | Fraud-Management-producer-1] o.a.k.c.t.i.KafkaMetricsCollector        : removing kafka metric : MetricName [name=connection-creation-total, group=producer-metrics, description=The total number of new connections established, tags={client-id=Fraud-Management-producer-1}]
2026-05-21T20:32:38.662+05:30 DEBUG 1778 --- [Fraud-Management] [kafka-producer-network-thread | Fraud-Management-producer-1] o.a.k.c.t.i.KafkaMetricsCollector        : removing kafka metric : MetricName [name=connection-creation-rate, group=producer-metrics, description=The number of new connections established per second, tags={client-id=Fraud-Management-producer-1}]
2026-05-21T20:32:38.662+05:30 DEBUG 1778 --- [Fraud-Management] [kafka-producer-network-thread | Fraud-Management-producer-1] o.a.k.c.t.i.KafkaMetricsCollector        : removing kafka metric : MetricName [name=successful-authentication-total, group=producer-metrics, description=The total number of connections with successful authentication, tags={client-id=Fraud-Management-producer-1}]
2026-05-21T20:32:38.662+05:30 DEBUG 1778 --- [Fraud-Management] [kafka-producer-network-thread | Fraud-Management-producer-1] o.a.k.c.t.i.KafkaMetricsCollector        : removing kafka metric : MetricName [name=successful-authentication-rate, group=producer-metrics, description=The number of connections with successful authentication per second, tags={client-id=Fraud-Management-producer-1}]
2026-05-21T20:32:38.662+05:30 DEBUG 1778 --- [Fraud-Management] [kafka-producer-network-thread | Fraud-Management-producer-1] o.a.k.c.t.i.KafkaMetricsCollector        : removing kafka metric : MetricName [name=successful-reauthentication-total, group=producer-metrics, description=The total number of successful re-authentication of connections, tags={client-id=Fraud-Management-producer-1}]
2026-05-21T20:32:38.663+05:30 DEBUG 1778 --- [Fraud-Management] [kafka-producer-network-thread | Fraud-Management-producer-1] o.a.k.c.t.i.KafkaMetricsCollector        : removing kafka metric : MetricName [name=successful-reauthentication-rate, group=producer-metrics, description=The number of successful re-authentication of connections per second, tags={client-id=Fraud-Management-producer-1}]
2026-05-21T20:32:38.663+05:30 DEBUG 1778 --- [Fraud-Management] [kafka-producer-network-thread | Fraud-Management-producer-1] o.a.k.c.t.i.KafkaMetricsCollector        : removing kafka metric : MetricName [name=successful-authentication-no-reauth-total, group=producer-metrics, description=The total number of connections with successful authentication where the client does not support re-authentication, tags={client-id=Fraud-Management-producer-1}]
2026-05-21T20:32:38.663+05:30 DEBUG 1778 --- [Fraud-Management] [kafka-producer-network-thread | Fraud-Management-producer-1] o.a.k.c.t.i.KafkaMetricsCollector        : removing kafka metric : MetricName [name=failed-authentication-total, group=producer-metrics, description=The total number of connections with failed authentication, tags={client-id=Fraud-Management-producer-1}]
2026-05-21T20:32:38.663+05:30 DEBUG 1778 --- [Fraud-Management] [kafka-producer-network-thread | Fraud-Management-producer-1] o.a.k.c.t.i.KafkaMetricsCollector        : removing kafka metric : MetricName [name=failed-authentication-rate, group=producer-metrics, description=The number of connections with failed authentication per second, tags={client-id=Fraud-Management-producer-1}]
2026-05-21T20:32:38.663+05:30 DEBUG 1778 --- [Fraud-Management] [kafka-producer-network-thread | Fraud-Management-producer-1] o.a.k.c.t.i.KafkaMetricsCollector        : removing kafka metric : MetricName [name=failed-reauthentication-total, group=producer-metrics, description=The total number of failed re-authentication of connections, tags={client-id=Fraud-Management-producer-1}]
2026-05-21T20:32:38.664+05:30 DEBUG 1778 --- [Fraud-Management] [kafka-producer-network-thread | Fraud-Management-producer-1] o.a.k.c.t.i.KafkaMetricsCollector        : removing kafka metric : MetricName [name=failed-reauthentication-rate, group=producer-metrics, description=The number of failed re-authentication of connections per second, tags={client-id=Fraud-Management-producer-1}]
2026-05-21T20:32:38.664+05:30 DEBUG 1778 --- [Fraud-Management] [kafka-producer-network-thread | Fraud-Management-producer-1] o.a.k.c.t.i.KafkaMetricsCollector        : removing kafka metric : MetricName [name=reauthentication-latency-max, group=producer-metrics, description=The max latency observed due to re-authentication, tags={client-id=Fraud-Management-producer-1}]
2026-05-21T20:32:38.665+05:30 DEBUG 1778 --- [Fraud-Management] [kafka-producer-network-thread | Fraud-Management-producer-1] o.a.k.c.t.i.KafkaMetricsCollector        : removing kafka metric : MetricName [name=reauthentication-latency-avg, group=producer-metrics, description=The average latency observed due to re-authentication, tags={client-id=Fraud-Management-producer-1}]
2026-05-21T20:32:38.665+05:30 DEBUG 1778 --- [Fraud-Management] [kafka-producer-network-thread | Fraud-Management-producer-1] o.a.k.c.t.i.KafkaMetricsCollector        : removing kafka metric : MetricName [name=network-io-total, group=producer-metrics, description=The total number of network operations (reads or writes) on all connections, tags={client-id=Fraud-Management-producer-1}]
2026-05-21T20:32:38.665+05:30 DEBUG 1778 --- [Fraud-Management] [kafka-producer-network-thread | Fraud-Management-producer-1] o.a.k.c.t.i.KafkaMetricsCollector        : removing kafka metric : MetricName [name=network-io-rate, group=producer-metrics, description=The number of network operations (reads or writes) on all connections per second, tags={client-id=Fraud-Management-producer-1}]
2026-05-21T20:32:38.666+05:30 DEBUG 1778 --- [Fraud-Management] [kafka-producer-network-thread | Fraud-Management-producer-1] o.a.k.c.t.i.KafkaMetricsCollector        : removing kafka metric : MetricName [name=outgoing-byte-total, group=producer-metrics, description=The total number of outgoing bytes sent to all servers, tags={client-id=Fraud-Management-producer-1}]
2026-05-21T20:32:38.666+05:30 DEBUG 1778 --- [Fraud-Management] [kafka-producer-network-thread | Fraud-Management-producer-1] o.a.k.c.t.i.KafkaMetricsCollector        : removing kafka metric : MetricName [name=outgoing-byte-rate, group=producer-metrics, description=The number of outgoing bytes sent to all servers per second, tags={client-id=Fraud-Management-producer-1}]
2026-05-21T20:32:38.667+05:30 DEBUG 1778 --- [Fraud-Management] [kafka-producer-network-thread | Fraud-Management-producer-1] o.a.k.c.t.i.KafkaMetricsCollector        : removing kafka metric : MetricName [name=incoming-byte-total, group=producer-metrics, description=The total number of bytes read off all sockets, tags={client-id=Fraud-Management-producer-1}]
2026-05-21T20:32:38.668+05:30 DEBUG 1778 --- [Fraud-Management] [kafka-producer-network-thread | Fraud-Management-producer-1] o.a.k.c.t.i.KafkaMetricsCollector        : removing kafka metric : MetricName [name=incoming-byte-rate, group=producer-metrics, description=The number of bytes read off all sockets per second, tags={client-id=Fraud-Management-producer-1}]
2026-05-21T20:32:38.668+05:30 DEBUG 1778 --- [Fraud-Management] [kafka-producer-network-thread | Fraud-Management-producer-1] o.a.k.c.t.i.KafkaMetricsCollector        : removing kafka metric : MetricName [name=request-total, group=producer-metrics, description=The total number of requests sent, tags={client-id=Fraud-Management-producer-1}]
2026-05-21T20:32:38.668+05:30 DEBUG 1778 --- [Fraud-Management] [kafka-producer-network-thread | Fraud-Management-producer-1] o.a.k.c.t.i.KafkaMetricsCollector        : removing kafka metric : MetricName [name=request-rate, group=producer-metrics, description=The number of requests sent per second, tags={client-id=Fraud-Management-producer-1}]
2026-05-21T20:32:38.669+05:30 DEBUG 1778 --- [Fraud-Management] [kafka-producer-network-thread | Fraud-Management-producer-1] o.a.k.c.t.i.KafkaMetricsCollector        : removing kafka metric : MetricName [name=request-size-avg, group=producer-metrics, description=The average size of requests sent., tags={client-id=Fraud-Management-producer-1}]
2026-05-21T20:32:38.669+05:30 DEBUG 1778 --- [Fraud-Management] [kafka-producer-network-thread | Fraud-Management-producer-1] o.a.k.c.t.i.KafkaMetricsCollector        : removing kafka metric : MetricName [name=request-size-max, group=producer-metrics, description=The maximum size of any request sent., tags={client-id=Fraud-Management-producer-1}]
2026-05-21T20:32:38.670+05:30 DEBUG 1778 --- [Fraud-Management] [kafka-producer-network-thread | Fraud-Management-producer-1] o.a.k.c.t.i.KafkaMetricsCollector        : removing kafka metric : MetricName [name=response-total, group=producer-metrics, description=The total number of responses received, tags={client-id=Fraud-Management-producer-1}]
2026-05-21T20:32:38.670+05:30 DEBUG 1778 --- [Fraud-Management] [kafka-producer-network-thread | Fraud-Management-producer-1] o.a.k.c.t.i.KafkaMetricsCollector        : removing kafka metric : MetricName [name=response-rate, group=producer-metrics, description=The number of responses received per second, tags={client-id=Fraud-Management-producer-1}]
2026-05-21T20:32:38.670+05:30 DEBUG 1778 --- [Fraud-Management] [kafka-producer-network-thread | Fraud-Management-producer-1] o.a.k.c.t.i.KafkaMetricsCollector        : removing kafka metric : MetricName [name=select-total, group=producer-metrics, description=The total number of times the I/O layer checked for new I/O to perform, tags={client-id=Fraud-Management-producer-1}]
2026-05-21T20:32:38.670+05:30 DEBUG 1778 --- [Fraud-Management] [kafka-producer-network-thread | Fraud-Management-producer-1] o.a.k.c.t.i.KafkaMetricsCollector        : removing kafka metric : MetricName [name=select-rate, group=producer-metrics, description=The number of times the I/O layer checked for new I/O to perform per second, tags={client-id=Fraud-Management-producer-1}]
2026-05-21T20:32:38.670+05:30 DEBUG 1778 --- [Fraud-Management] [kafka-producer-network-thread | Fraud-Management-producer-1] o.a.k.c.t.i.KafkaMetricsCollector        : removing kafka metric : MetricName [name=io-wait-time-ns-avg, group=producer-metrics, description=The average length of time the I/O thread spent waiting for a socket ready for reads or writes in nanoseconds., tags={client-id=Fraud-Management-producer-1}]
2026-05-21T20:32:38.671+05:30 DEBUG 1778 --- [Fraud-Management] [kafka-producer-network-thread | Fraud-Management-producer-1] o.a.k.c.t.i.KafkaMetricsCollector        : removing kafka metric : MetricName [name=io-waittime-total, group=producer-metrics, description=*Deprecated* The total time the I/O thread spent waiting, tags={client-id=Fraud-Management-producer-1}]
2026-05-21T20:32:38.671+05:30 DEBUG 1778 --- [Fraud-Management] [kafka-producer-network-thread | Fraud-Management-producer-1] o.a.k.c.t.i.KafkaMetricsCollector        : removing kafka metric : MetricName [name=io-wait-ratio, group=producer-metrics, description=*Deprecated* The fraction of time the I/O thread spent waiting, tags={client-id=Fraud-Management-producer-1}]
2026-05-21T20:32:38.672+05:30 DEBUG 1778 --- [Fraud-Management] [kafka-producer-network-thread | Fraud-Management-producer-1] o.a.k.c.t.i.KafkaMetricsCollector        : removing kafka metric : MetricName [name=io-wait-time-ns-total, group=producer-metrics, description=The total time the I/O thread spent waiting, tags={client-id=Fraud-Management-producer-1}]
2026-05-21T20:32:38.672+05:30 DEBUG 1778 --- [Fraud-Management] [kafka-producer-network-thread | Fraud-Management-producer-1] o.a.k.c.t.i.KafkaMetricsCollector        : removing kafka metric : MetricName [name=io-time-ns-avg, group=producer-metrics, description=The average length of time for I/O per select call in nanoseconds., tags={client-id=Fraud-Management-producer-1}]
2026-05-21T20:32:38.672+05:30 DEBUG 1778 --- [Fraud-Management] [kafka-producer-network-thread | Fraud-Management-producer-1] o.a.k.c.t.i.KafkaMetricsCollector        : removing kafka metric : MetricName [name=iotime-total, group=producer-metrics, description=*Deprecated* The total time the I/O thread spent doing I/O, tags={client-id=Fraud-Management-producer-1}]
2026-05-21T20:32:38.673+05:30 DEBUG 1778 --- [Fraud-Management] [kafka-producer-network-thread | Fraud-Management-producer-1] o.a.k.c.t.i.KafkaMetricsCollector        : removing kafka metric : MetricName [name=io-ratio, group=producer-metrics, description=*Deprecated* The fraction of time the I/O thread spent doing I/O, tags={client-id=Fraud-Management-producer-1}]
2026-05-21T20:32:38.673+05:30 DEBUG 1778 --- [Fraud-Management] [kafka-producer-network-thread | Fraud-Management-producer-1] o.a.k.c.t.i.KafkaMetricsCollector        : removing kafka metric : MetricName [name=io-time-ns-total, group=producer-metrics, description=The total time the I/O thread spent doing I/O, tags={client-id=Fraud-Management-producer-1}]
2026-05-21T20:32:38.673+05:30 DEBUG 1778 --- [Fraud-Management] [kafka-producer-network-thread | Fraud-Management-producer-1] o.a.k.c.t.i.KafkaMetricsCollector        : removing kafka metric : MetricName [name=request-total, group=producer-node-metrics, description=The total number of requests sent, tags={client-id=Fraud-Management-producer-1, node-id=node--1}]
2026-05-21T20:32:38.673+05:30 DEBUG 1778 --- [Fraud-Management] [kafka-producer-network-thread | Fraud-Management-producer-1] o.a.k.c.t.i.KafkaMetricsCollector        : removing kafka metric : MetricName [name=request-rate, group=producer-node-metrics, description=The number of requests sent per second, tags={client-id=Fraud-Management-producer-1, node-id=node--1}]
2026-05-21T20:32:38.674+05:30 DEBUG 1778 --- [Fraud-Management] [kafka-producer-network-thread | Fraud-Management-producer-1] o.a.k.c.t.i.KafkaMetricsCollector        : removing kafka metric : MetricName [name=request-size-avg, group=producer-node-metrics, description=The average size of requests sent., tags={client-id=Fraud-Management-producer-1, node-id=node--1}]
2026-05-21T20:32:38.674+05:30 DEBUG 1778 --- [Fraud-Management] [kafka-producer-network-thread | Fraud-Management-producer-1] o.a.k.c.t.i.KafkaMetricsCollector        : removing kafka metric : MetricName [name=request-size-max, group=producer-node-metrics, description=The maximum size of any request sent., tags={client-id=Fraud-Management-producer-1, node-id=node--1}]
2026-05-21T20:32:38.674+05:30 DEBUG 1778 --- [Fraud-Management] [kafka-producer-network-thread | Fraud-Management-producer-1] o.a.k.c.t.i.KafkaMetricsCollector        : removing kafka metric : MetricName [name=outgoing-byte-total, group=producer-node-metrics, description=The total number of outgoing bytes, tags={client-id=Fraud-Management-producer-1, node-id=node--1}]
2026-05-21T20:32:38.675+05:30 DEBUG 1778 --- [Fraud-Management] [kafka-producer-network-thread | Fraud-Management-producer-1] o.a.k.c.t.i.KafkaMetricsCollector        : removing kafka metric : MetricName [name=outgoing-byte-rate, group=producer-node-metrics, description=The number of outgoing bytes per second, tags={client-id=Fraud-Management-producer-1, node-id=node--1}]
2026-05-21T20:32:38.675+05:30 DEBUG 1778 --- [Fraud-Management] [kafka-producer-network-thread | Fraud-Management-producer-1] o.a.k.c.t.i.KafkaMetricsCollector        : removing kafka metric : MetricName [name=response-total, group=producer-node-metrics, description=The total number of responses received, tags={client-id=Fraud-Management-producer-1, node-id=node--1}]
2026-05-21T20:32:38.676+05:30 DEBUG 1778 --- [Fraud-Management] [kafka-producer-network-thread | Fraud-Management-producer-1] o.a.k.c.t.i.KafkaMetricsCollector        : removing kafka metric : MetricName [name=response-rate, group=producer-node-metrics, description=The number of responses received per second, tags={client-id=Fraud-Management-producer-1, node-id=node--1}]
2026-05-21T20:32:38.676+05:30 DEBUG 1778 --- [Fraud-Management] [kafka-producer-network-thread | Fraud-Management-producer-1] o.a.k.c.t.i.KafkaMetricsCollector        : removing kafka metric : MetricName [name=incoming-byte-total, group=producer-node-metrics, description=The total number of incoming bytes, tags={client-id=Fraud-Management-producer-1, node-id=node--1}]
2026-05-21T20:32:38.676+05:30 DEBUG 1778 --- [Fraud-Management] [kafka-producer-network-thread | Fraud-Management-producer-1] o.a.k.c.t.i.KafkaMetricsCollector        : removing kafka metric : MetricName [name=incoming-byte-rate, group=producer-node-metrics, description=The number of incoming bytes per second, tags={client-id=Fraud-Management-producer-1, node-id=node--1}]
2026-05-21T20:32:38.677+05:30 DEBUG 1778 --- [Fraud-Management] [kafka-producer-network-thread | Fraud-Management-producer-1] o.a.k.c.t.i.KafkaMetricsCollector        : removing kafka metric : MetricName [name=request-latency-avg, group=producer-node-metrics, description=, tags={client-id=Fraud-Management-producer-1, node-id=node--1}]
2026-05-21T20:32:38.677+05:30 DEBUG 1778 --- [Fraud-Management] [kafka-producer-network-thread | Fraud-Management-producer-1] o.a.k.c.t.i.KafkaMetricsCollector        : removing kafka metric : MetricName [name=request-latency-max, group=producer-node-metrics, description=, tags={client-id=Fraud-Management-producer-1, node-id=node--1}]
2026-05-21T20:32:38.678+05:30 DEBUG 1778 --- [Fraud-Management] [kafka-producer-network-thread | Fraud-Management-producer-1] o.a.k.c.t.i.KafkaMetricsCollector        : removing kafka metric : MetricName [name=request-total, group=producer-node-metrics, description=The total number of requests sent, tags={client-id=Fraud-Management-producer-1, node-id=node-0}]
2026-05-21T20:32:38.678+05:30 DEBUG 1778 --- [Fraud-Management] [kafka-producer-network-thread | Fraud-Management-producer-1] o.a.k.c.t.i.KafkaMetricsCollector        : removing kafka metric : MetricName [name=request-rate, group=producer-node-metrics, description=The number of requests sent per second, tags={client-id=Fraud-Management-producer-1, node-id=node-0}]
2026-05-21T20:32:38.678+05:30 DEBUG 1778 --- [Fraud-Management] [kafka-producer-network-thread | Fraud-Management-producer-1] o.a.k.c.t.i.KafkaMetricsCollector        : removing kafka metric : MetricName [name=request-size-avg, group=producer-node-metrics, description=The average size of requests sent., tags={client-id=Fraud-Management-producer-1, node-id=node-0}]
2026-05-21T20:32:38.679+05:30 DEBUG 1778 --- [Fraud-Management] [kafka-producer-network-thread | Fraud-Management-producer-1] o.a.k.c.t.i.KafkaMetricsCollector        : removing kafka metric : MetricName [name=request-size-max, group=producer-node-metrics, description=The maximum size of any request sent., tags={client-id=Fraud-Management-producer-1, node-id=node-0}]
2026-05-21T20:32:38.679+05:30 DEBUG 1778 --- [Fraud-Management] [kafka-producer-network-thread | Fraud-Management-producer-1] o.a.k.c.t.i.KafkaMetricsCollector        : removing kafka metric : MetricName [name=outgoing-byte-total, group=producer-node-metrics, description=The total number of outgoing bytes, tags={client-id=Fraud-Management-producer-1, node-id=node-0}]
2026-05-21T20:32:38.680+05:30 DEBUG 1778 --- [Fraud-Management] [kafka-producer-network-thread | Fraud-Management-producer-1] o.a.k.c.t.i.KafkaMetricsCollector        : removing kafka metric : MetricName [name=outgoing-byte-rate, group=producer-node-metrics, description=The number of outgoing bytes per second, tags={client-id=Fraud-Management-producer-1, node-id=node-0}]
2026-05-21T20:32:38.680+05:30 DEBUG 1778 --- [Fraud-Management] [kafka-producer-network-thread | Fraud-Management-producer-1] o.a.k.c.t.i.KafkaMetricsCollector        : removing kafka metric : MetricName [name=response-total, group=producer-node-metrics, description=The total number of responses received, tags={client-id=Fraud-Management-producer-1, node-id=node-0}]
2026-05-21T20:32:38.681+05:30 DEBUG 1778 --- [Fraud-Management] [kafka-producer-network-thread | Fraud-Management-producer-1] o.a.k.c.t.i.KafkaMetricsCollector        : removing kafka metric : MetricName [name=response-rate, group=producer-node-metrics, description=The number of responses received per second, tags={client-id=Fraud-Management-producer-1, node-id=node-0}]
2026-05-21T20:32:38.682+05:30 DEBUG 1778 --- [Fraud-Management] [kafka-producer-network-thread | Fraud-Management-producer-1] o.a.k.c.t.i.KafkaMetricsCollector        : removing kafka metric : MetricName [name=incoming-byte-total, group=producer-node-metrics, description=The total number of incoming bytes, tags={client-id=Fraud-Management-producer-1, node-id=node-0}]
2026-05-21T20:32:38.682+05:30 DEBUG 1778 --- [Fraud-Management] [kafka-producer-network-thread | Fraud-Management-producer-1] o.a.k.c.t.i.KafkaMetricsCollector        : removing kafka metric : MetricName [name=incoming-byte-rate, group=producer-node-metrics, description=The number of incoming bytes per second, tags={client-id=Fraud-Management-producer-1, node-id=node-0}]
2026-05-21T20:32:38.682+05:30 DEBUG 1778 --- [Fraud-Management] [kafka-producer-network-thread | Fraud-Management-producer-1] o.a.k.c.t.i.KafkaMetricsCollector        : removing kafka metric : MetricName [name=request-latency-avg, group=producer-node-metrics, description=, tags={client-id=Fraud-Management-producer-1, node-id=node-0}]
2026-05-21T20:32:38.683+05:30 DEBUG 1778 --- [Fraud-Management] [kafka-producer-network-thread | Fraud-Management-producer-1] o.a.k.c.t.i.KafkaMetricsCollector        : removing kafka metric : MetricName [name=request-latency-max, group=producer-node-metrics, description=, tags={client-id=Fraud-Management-producer-1, node-id=node-0}]
2026-05-21T20:32:38.684+05:30 DEBUG 1778 --- [Fraud-Management] [kafka-producer-network-thread | Fraud-Management-producer-1] o.a.k.c.t.i.ClientTelemetryReporter      : close telemetry sender for client telemetry reporter instance
2026-05-21T20:32:38.684+05:30 DEBUG 1778 --- [Fraud-Management] [kafka-producer-network-thread | Fraud-Management-producer-1] o.a.k.c.t.i.ClientTelemetryReporter      : Setting telemetry state from SUBSCRIPTION_NEEDED to TERMINATED
2026-05-21T20:32:38.684+05:30 DEBUG 1778 --- [Fraud-Management] [kafka-producer-network-thread | Fraud-Management-producer-1] o.a.k.clients.producer.internals.Sender  : [Producer clientId=Fraud-Management-producer-1] Shutdown of Kafka producer I/O thread has completed.
2026-05-21T20:32:38.686+05:30 DEBUG 1778 --- [Fraud-Management] [SpringApplicationShutdownHook] o.a.k.c.t.i.ClientTelemetryReporter      : Initiate close of ClientTelemetryReporter
2026-05-21T20:32:38.686+05:30 DEBUG 1778 --- [Fraud-Management] [SpringApplicationShutdownHook] o.a.k.c.t.i.ClientTelemetryReporter      : initiate close for client telemetry, check if terminal push required. Timeout 29964 ms.
2026-05-21T20:32:38.686+05:30 DEBUG 1778 --- [Fraud-Management] [SpringApplicationShutdownHook] o.a.k.c.t.i.ClientTelemetryReporter      : Ignoring subsequent initiateClose
2026-05-21T20:32:38.686+05:30 DEBUG 1778 --- [Fraud-Management] [SpringApplicationShutdownHook] o.a.k.c.t.i.KafkaMetricsCollector        : removing kafka metric : MetricName [name=flush-time-ns-total, group=producer-metrics, description=Total time producer has spent in flush in nanoseconds., tags={client-id=Fraud-Management-producer-1}]
2026-05-21T20:32:38.687+05:30 DEBUG 1778 --- [Fraud-Management] [SpringApplicationShutdownHook] o.a.k.c.t.i.KafkaMetricsCollector        : removing kafka metric : MetricName [name=txn-init-time-ns-total, group=producer-metrics, description=Total time producer has spent in initTransactions in nanoseconds., tags={client-id=Fraud-Management-producer-1}]
2026-05-21T20:32:38.688+05:30 DEBUG 1778 --- [Fraud-Management] [SpringApplicationShutdownHook] o.a.k.c.t.i.KafkaMetricsCollector        : removing kafka metric : MetricName [name=txn-begin-time-ns-total, group=producer-metrics, description=Total time producer has spent in beginTransaction in nanoseconds., tags={client-id=Fraud-Management-producer-1}]
2026-05-21T20:32:38.688+05:30 DEBUG 1778 --- [Fraud-Management] [SpringApplicationShutdownHook] o.a.k.c.t.i.KafkaMetricsCollector        : removing kafka metric : MetricName [name=txn-send-offsets-time-ns-total, group=producer-metrics, description=Total time producer has spent in sendOffsetsToTransaction in nanoseconds., tags={client-id=Fraud-Management-producer-1}]
2026-05-21T20:32:38.688+05:30 DEBUG 1778 --- [Fraud-Management] [SpringApplicationShutdownHook] o.a.k.c.t.i.KafkaMetricsCollector        : removing kafka metric : MetricName [name=txn-commit-time-ns-total, group=producer-metrics, description=Total time producer has spent in commitTransaction in nanoseconds., tags={client-id=Fraud-Management-producer-1}]
2026-05-21T20:32:38.689+05:30 DEBUG 1778 --- [Fraud-Management] [SpringApplicationShutdownHook] o.a.k.c.t.i.KafkaMetricsCollector        : removing kafka metric : MetricName [name=txn-abort-time-ns-total, group=producer-metrics, description=Total time producer has spent in abortTransaction in nanoseconds., tags={client-id=Fraud-Management-producer-1}]
2026-05-21T20:32:38.689+05:30 DEBUG 1778 --- [Fraud-Management] [SpringApplicationShutdownHook] o.a.k.c.t.i.KafkaMetricsCollector        : removing kafka metric : MetricName [name=metadata-wait-time-ns-total, group=producer-metrics, description=Total time producer has spent waiting on topic metadata in nanoseconds., tags={client-id=Fraud-Management-producer-1}]
2026-05-21T20:32:38.689+05:30  INFO 1778 --- [Fraud-Management] [SpringApplicationShutdownHook] o.apache.kafka.common.metrics.Metrics    : Metrics scheduler closed
2026-05-21T20:32:38.689+05:30  INFO 1778 --- [Fraud-Management] [SpringApplicationShutdownHook] o.apache.kafka.common.metrics.Metrics    : Closing reporter org.apache.kafka.common.metrics.JmxReporter
2026-05-21T20:32:38.689+05:30  INFO 1778 --- [Fraud-Management] [SpringApplicationShutdownHook] o.apache.kafka.common.metrics.Metrics    : Closing reporter org.apache.kafka.common.telemetry.internals.ClientTelemetryReporter
2026-05-21T20:32:38.689+05:30 DEBUG 1778 --- [Fraud-Management] [SpringApplicationShutdownHook] o.a.k.c.t.i.ClientTelemetryReporter      : Stopping ClientTelemetryReporter
2026-05-21T20:32:38.689+05:30 DEBUG 1778 --- [Fraud-Management] [SpringApplicationShutdownHook] o.a.k.c.t.i.ClientTelemetryReporter      : close telemetry sender for client telemetry reporter instance
2026-05-21T20:32:38.690+05:30 DEBUG 1778 --- [Fraud-Management] [SpringApplicationShutdownHook] o.a.k.c.t.i.ClientTelemetryReporter      : Ignoring subsequent close
2026-05-21T20:32:38.690+05:30  INFO 1778 --- [Fraud-Management] [SpringApplicationShutdownHook] o.apache.kafka.common.metrics.Metrics    : Metrics reporters closed
2026-05-21T20:32:38.690+05:30 DEBUG 1778 --- [Fraud-Management] [SpringApplicationShutdownHook] o.a.k.c.t.i.ClientTelemetryReporter      : Stopping ClientTelemetryReporter
2026-05-21T20:32:38.691+05:30 DEBUG 1778 --- [Fraud-Management] [SpringApplicationShutdownHook] o.a.k.c.t.i.ClientTelemetryReporter      : close telemetry sender for client telemetry reporter instance
2026-05-21T20:32:38.691+05:30 DEBUG 1778 --- [Fraud-Management] [SpringApplicationShutdownHook] o.a.k.c.t.i.ClientTelemetryReporter      : Ignoring subsequent close
2026-05-21T20:32:38.691+05:30  INFO 1778 --- [Fraud-Management] [SpringApplicationShutdownHook] o.a.kafka.common.utils.AppInfoParser     : App info kafka.producer for Fraud-Management-producer-1 unregistered
2026-05-21T20:32:38.691+05:30 DEBUG 1778 --- [Fraud-Management] [SpringApplicationShutdownHook] o.a.k.clients.producer.KafkaProducer     : [Producer clientId=Fraud-Management-producer-1] Kafka producer has been closed
2026-05-21T20:32:38.695+05:30  INFO 1778 --- [Fraud-Management] [SpringApplicationShutdownHook] o.a.k.clients.producer.KafkaProducer     : [Producer clientId=Fraud-Management-producer-1] Closing the Kafka producer with timeoutMillis = 30000 ms.
2026-05-21T20:32:38.696+05:30 DEBUG 1778 --- [Fraud-Management] [kafka-producer-network-thread | Fraud-Management-producer-1] o.a.k.clients.producer.internals.Sender  : [Producer clientId=Fraud-Management-producer-1] Beginning shutdown of Kafka producer I/O thread, sending remaining records.
2026-05-21T20:32:38.696+05:30 DEBUG 1778 --- [Fraud-Management] [kafka-producer-network-thread | Fraud-Management-producer-1] o.a.k.c.t.i.KafkaMetricsCollector        : removing kafka metric : MetricName [name=connection-count, group=producer-metrics, description=The current number of active connections., tags={client-id=Fraud-Management-producer-1}]
2026-05-21T20:32:38.696+05:30 DEBUG 1778 --- [Fraud-Management] [kafka-producer-network-thread | Fraud-Management-producer-1] o.a.k.c.t.i.KafkaMetricsCollector        : removing kafka metric : MetricName [name=connection-close-total, group=producer-metrics, description=The total number of connections closed, tags={client-id=Fraud-Management-producer-1}]
2026-05-21T20:32:38.697+05:30 DEBUG 1778 --- [Fraud-Management] [kafka-producer-network-thread | Fraud-Management-producer-1] o.a.k.c.t.i.KafkaMetricsCollector        : removing kafka metric : MetricName [name=connection-close-rate, group=producer-metrics, description=The number of connections closed per second, tags={client-id=Fraud-Management-producer-1}]
2026-05-21T20:32:38.697+05:30 DEBUG 1778 --- [Fraud-Management] [kafka-producer-network-thread | Fraud-Management-producer-1] o.a.k.c.t.i.KafkaMetricsCollector        : removing kafka metric : MetricName [name=connection-creation-total, group=producer-metrics, description=The total number of new connections established, tags={client-id=Fraud-Management-producer-1}]
2026-05-21T20:32:38.697+05:30 DEBUG 1778 --- [Fraud-Management] [kafka-producer-network-thread | Fraud-Management-producer-1] o.a.k.c.t.i.KafkaMetricsCollector        : removing kafka metric : MetricName [name=connection-creation-rate, group=producer-metrics, description=The number of new connections established per second, tags={client-id=Fraud-Management-producer-1}]
2026-05-21T20:32:38.697+05:30 DEBUG 1778 --- [Fraud-Management] [kafka-producer-network-thread | Fraud-Management-producer-1] o.a.k.c.t.i.KafkaMetricsCollector        : removing kafka metric : MetricName [name=successful-authentication-total, group=producer-metrics, description=The total number of connections with successful authentication, tags={client-id=Fraud-Management-producer-1}]
2026-05-21T20:32:38.698+05:30 DEBUG 1778 --- [Fraud-Management] [kafka-producer-network-thread | Fraud-Management-producer-1] o.a.k.c.t.i.KafkaMetricsCollector        : removing kafka metric : MetricName [name=successful-authentication-rate, group=producer-metrics, description=The number of connections with successful authentication per second, tags={client-id=Fraud-Management-producer-1}]
2026-05-21T20:32:38.698+05:30 DEBUG 1778 --- [Fraud-Management] [kafka-producer-network-thread | Fraud-Management-producer-1] o.a.k.c.t.i.KafkaMetricsCollector        : removing kafka metric : MetricName [name=successful-reauthentication-total, group=producer-metrics, description=The total number of successful re-authentication of connections, tags={client-id=Fraud-Management-producer-1}]
2026-05-21T20:32:38.698+05:30 DEBUG 1778 --- [Fraud-Management] [kafka-producer-network-thread | Fraud-Management-producer-1] o.a.k.c.t.i.KafkaMetricsCollector        : removing kafka metric : MetricName [name=successful-reauthentication-rate, group=producer-metrics, description=The number of successful re-authentication of connections per second, tags={client-id=Fraud-Management-producer-1}]
2026-05-21T20:32:38.698+05:30 DEBUG 1778 --- [Fraud-Management] [kafka-producer-network-thread | Fraud-Management-producer-1] o.a.k.c.t.i.KafkaMetricsCollector        : removing kafka metric : MetricName [name=successful-authentication-no-reauth-total, group=producer-metrics, description=The total number of connections with successful authentication where the client does not support re-authentication, tags={client-id=Fraud-Management-producer-1}]
2026-05-21T20:32:38.699+05:30 DEBUG 1778 --- [Fraud-Management] [kafka-producer-network-thread | Fraud-Management-producer-1] o.a.k.c.t.i.KafkaMetricsCollector        : removing kafka metric : MetricName [name=failed-authentication-total, group=producer-metrics, description=The total number of connections with failed authentication, tags={client-id=Fraud-Management-producer-1}]
2026-05-21T20:32:38.699+05:30 DEBUG 1778 --- [Fraud-Management] [kafka-producer-network-thread | Fraud-Management-producer-1] o.a.k.c.t.i.KafkaMetricsCollector        : removing kafka metric : MetricName [name=failed-authentication-rate, group=producer-metrics, description=The number of connections with failed authentication per second, tags={client-id=Fraud-Management-producer-1}]
2026-05-21T20:32:38.699+05:30 DEBUG 1778 --- [Fraud-Management] [kafka-producer-network-thread | Fraud-Management-producer-1] o.a.k.c.t.i.KafkaMetricsCollector        : removing kafka metric : MetricName [name=failed-reauthentication-total, group=producer-metrics, description=The total number of failed re-authentication of connections, tags={client-id=Fraud-Management-producer-1}]
2026-05-21T20:32:38.699+05:30 DEBUG 1778 --- [Fraud-Management] [kafka-producer-network-thread | Fraud-Management-producer-1] o.a.k.c.t.i.KafkaMetricsCollector        : removing kafka metric : MetricName [name=failed-reauthentication-rate, group=producer-metrics, description=The number of failed re-authentication of connections per second, tags={client-id=Fraud-Management-producer-1}]
2026-05-21T20:32:38.700+05:30 DEBUG 1778 --- [Fraud-Management] [kafka-producer-network-thread | Fraud-Management-producer-1] o.a.k.c.t.i.KafkaMetricsCollector        : removing kafka metric : MetricName [name=reauthentication-latency-max, group=producer-metrics, description=The max latency observed due to re-authentication, tags={client-id=Fraud-Management-producer-1}]
2026-05-21T20:32:38.700+05:30 DEBUG 1778 --- [Fraud-Management] [kafka-producer-network-thread | Fraud-Management-producer-1] o.a.k.c.t.i.KafkaMetricsCollector        : removing kafka metric : MetricName [name=reauthentication-latency-avg, group=producer-metrics, description=The average latency observed due to re-authentication, tags={client-id=Fraud-Management-producer-1}]
2026-05-21T20:32:38.700+05:30 DEBUG 1778 --- [Fraud-Management] [kafka-producer-network-thread | Fraud-Management-producer-1] o.a.k.c.t.i.KafkaMetricsCollector        : removing kafka metric : MetricName [name=network-io-total, group=producer-metrics, description=The total number of network operations (reads or writes) on all connections, tags={client-id=Fraud-Management-producer-1}]
2026-05-21T20:32:38.701+05:30 DEBUG 1778 --- [Fraud-Management] [kafka-producer-network-thread | Fraud-Management-producer-1] o.a.k.c.t.i.KafkaMetricsCollector        : removing kafka metric : MetricName [name=network-io-rate, group=producer-metrics, description=The number of network operations (reads or writes) on all connections per second, tags={client-id=Fraud-Management-producer-1}]
2026-05-21T20:32:38.701+05:30 DEBUG 1778 --- [Fraud-Management] [kafka-producer-network-thread | Fraud-Management-producer-1] o.a.k.c.t.i.KafkaMetricsCollector        : removing kafka metric : MetricName [name=outgoing-byte-total, group=producer-metrics, description=The total number of outgoing bytes sent to all servers, tags={client-id=Fraud-Management-producer-1}]
2026-05-21T20:32:38.702+05:30 DEBUG 1778 --- [Fraud-Management] [kafka-producer-network-thread | Fraud-Management-producer-1] o.a.k.c.t.i.KafkaMetricsCollector        : removing kafka metric : MetricName [name=outgoing-byte-rate, group=producer-metrics, description=The number of outgoing bytes sent to all servers per second, tags={client-id=Fraud-Management-producer-1}]
2026-05-21T20:32:38.702+05:30 DEBUG 1778 --- [Fraud-Management] [kafka-producer-network-thread | Fraud-Management-producer-1] o.a.k.c.t.i.KafkaMetricsCollector        : removing kafka metric : MetricName [name=incoming-byte-total, group=producer-metrics, description=The total number of bytes read off all sockets, tags={client-id=Fraud-Management-producer-1}]
2026-05-21T20:32:38.702+05:30 DEBUG 1778 --- [Fraud-Management] [kafka-producer-network-thread | Fraud-Management-producer-1] o.a.k.c.t.i.KafkaMetricsCollector        : removing kafka metric : MetricName [name=incoming-byte-rate, group=producer-metrics, description=The number of bytes read off all sockets per second, tags={client-id=Fraud-Management-producer-1}]
2026-05-21T20:32:38.703+05:30 DEBUG 1778 --- [Fraud-Management] [kafka-producer-network-thread | Fraud-Management-producer-1] o.a.k.c.t.i.KafkaMetricsCollector        : removing kafka metric : MetricName [name=request-total, group=producer-metrics, description=The total number of requests sent, tags={client-id=Fraud-Management-producer-1}]
2026-05-21T20:32:38.703+05:30 DEBUG 1778 --- [Fraud-Management] [kafka-producer-network-thread | Fraud-Management-producer-1] o.a.k.c.t.i.KafkaMetricsCollector        : removing kafka metric : MetricName [name=request-rate, group=producer-metrics, description=The number of requests sent per second, tags={client-id=Fraud-Management-producer-1}]
2026-05-21T20:32:38.703+05:30 DEBUG 1778 --- [Fraud-Management] [kafka-producer-network-thread | Fraud-Management-producer-1] o.a.k.c.t.i.KafkaMetricsCollector        : removing kafka metric : MetricName [name=request-size-avg, group=producer-metrics, description=The average size of requests sent., tags={client-id=Fraud-Management-producer-1}]
2026-05-21T20:32:38.703+05:30 DEBUG 1778 --- [Fraud-Management] [kafka-producer-network-thread | Fraud-Management-producer-1] o.a.k.c.t.i.KafkaMetricsCollector        : removing kafka metric : MetricName [name=request-size-max, group=producer-metrics, description=The maximum size of any request sent., tags={client-id=Fraud-Management-producer-1}]
2026-05-21T20:32:38.703+05:30 DEBUG 1778 --- [Fraud-Management] [kafka-producer-network-thread | Fraud-Management-producer-1] o.a.k.c.t.i.KafkaMetricsCollector        : removing kafka metric : MetricName [name=response-total, group=producer-metrics, description=The total number of responses received, tags={client-id=Fraud-Management-producer-1}]
2026-05-21T20:32:38.703+05:30 DEBUG 1778 --- [Fraud-Management] [kafka-producer-network-thread | Fraud-Management-producer-1] o.a.k.c.t.i.KafkaMetricsCollector        : removing kafka metric : MetricName [name=response-rate, group=producer-metrics, description=The number of responses received per second, tags={client-id=Fraud-Management-producer-1}]
2026-05-21T20:32:38.704+05:30 DEBUG 1778 --- [Fraud-Management] [kafka-producer-network-thread | Fraud-Management-producer-1] o.a.k.c.t.i.KafkaMetricsCollector        : removing kafka metric : MetricName [name=select-total, group=producer-metrics, description=The total number of times the I/O layer checked for new I/O to perform, tags={client-id=Fraud-Management-producer-1}]
2026-05-21T20:32:38.704+05:30 DEBUG 1778 --- [Fraud-Management] [kafka-producer-network-thread | Fraud-Management-producer-1] o.a.k.c.t.i.KafkaMetricsCollector        : removing kafka metric : MetricName [name=select-rate, group=producer-metrics, description=The number of times the I/O layer checked for new I/O to perform per second, tags={client-id=Fraud-Management-producer-1}]
2026-05-21T20:32:38.704+05:30 DEBUG 1778 --- [Fraud-Management] [kafka-producer-network-thread | Fraud-Management-producer-1] o.a.k.c.t.i.KafkaMetricsCollector        : removing kafka metric : MetricName [name=io-wait-time-ns-avg, group=producer-metrics, description=The average length of time the I/O thread spent waiting for a socket ready for reads or writes in nanoseconds., tags={client-id=Fraud-Management-producer-1}]
2026-05-21T20:32:38.705+05:30 DEBUG 1778 --- [Fraud-Management] [kafka-producer-network-thread | Fraud-Management-producer-1] o.a.k.c.t.i.KafkaMetricsCollector        : removing kafka metric : MetricName [name=io-waittime-total, group=producer-metrics, description=*Deprecated* The total time the I/O thread spent waiting, tags={client-id=Fraud-Management-producer-1}]
2026-05-21T20:32:38.705+05:30 DEBUG 1778 --- [Fraud-Management] [kafka-producer-network-thread | Fraud-Management-producer-1] o.a.k.c.t.i.KafkaMetricsCollector        : removing kafka metric : MetricName [name=io-wait-ratio, group=producer-metrics, description=*Deprecated* The fraction of time the I/O thread spent waiting, tags={client-id=Fraud-Management-producer-1}]
2026-05-21T20:32:38.705+05:30 DEBUG 1778 --- [Fraud-Management] [kafka-producer-network-thread | Fraud-Management-producer-1] o.a.k.c.t.i.KafkaMetricsCollector        : removing kafka metric : MetricName [name=io-wait-time-ns-total, group=producer-metrics, description=The total time the I/O thread spent waiting, tags={client-id=Fraud-Management-producer-1}]
2026-05-21T20:32:38.706+05:30 DEBUG 1778 --- [Fraud-Management] [kafka-producer-network-thread | Fraud-Management-producer-1] o.a.k.c.t.i.KafkaMetricsCollector        : removing kafka metric : MetricName [name=io-time-ns-avg, group=producer-metrics, description=The average length of time for I/O per select call in nanoseconds., tags={client-id=Fraud-Management-producer-1}]
2026-05-21T20:32:38.706+05:30 DEBUG 1778 --- [Fraud-Management] [kafka-producer-network-thread | Fraud-Management-producer-1] o.a.k.c.t.i.KafkaMetricsCollector        : removing kafka metric : MetricName [name=iotime-total, group=producer-metrics, description=*Deprecated* The total time the I/O thread spent doing I/O, tags={client-id=Fraud-Management-producer-1}]
2026-05-21T20:32:38.706+05:30 DEBUG 1778 --- [Fraud-Management] [kafka-producer-network-thread | Fraud-Management-producer-1] o.a.k.c.t.i.KafkaMetricsCollector        : removing kafka metric : MetricName [name=io-ratio, group=producer-metrics, description=*Deprecated* The fraction of time the I/O thread spent doing I/O, tags={client-id=Fraud-Management-producer-1}]
2026-05-21T20:32:38.706+05:30 DEBUG 1778 --- [Fraud-Management] [kafka-producer-network-thread | Fraud-Management-producer-1] o.a.k.c.t.i.KafkaMetricsCollector        : removing kafka metric : MetricName [name=io-time-ns-total, group=producer-metrics, description=The total time the I/O thread spent doing I/O, tags={client-id=Fraud-Management-producer-1}]
2026-05-21T20:32:38.707+05:30 DEBUG 1778 --- [Fraud-Management] [kafka-producer-network-thread | Fraud-Management-producer-1] o.a.k.c.t.i.KafkaMetricsCollector        : removing kafka metric : MetricName [name=request-total, group=producer-node-metrics, description=The total number of requests sent, tags={client-id=Fraud-Management-producer-1, node-id=node--1}]
2026-05-21T20:32:38.707+05:30 DEBUG 1778 --- [Fraud-Management] [kafka-producer-network-thread | Fraud-Management-producer-1] o.a.k.c.t.i.KafkaMetricsCollector        : removing kafka metric : MetricName [name=request-rate, group=producer-node-metrics, description=The number of requests sent per second, tags={client-id=Fraud-Management-producer-1, node-id=node--1}]
2026-05-21T20:32:38.707+05:30 DEBUG 1778 --- [Fraud-Management] [kafka-producer-network-thread | Fraud-Management-producer-1] o.a.k.c.t.i.KafkaMetricsCollector        : removing kafka metric : MetricName [name=request-size-avg, group=producer-node-metrics, description=The average size of requests sent., tags={client-id=Fraud-Management-producer-1, node-id=node--1}]
2026-05-21T20:32:38.707+05:30 DEBUG 1778 --- [Fraud-Management] [kafka-producer-network-thread | Fraud-Management-producer-1] o.a.k.c.t.i.KafkaMetricsCollector        : removing kafka metric : MetricName [name=request-size-max, group=producer-node-metrics, description=The maximum size of any request sent., tags={client-id=Fraud-Management-producer-1, node-id=node--1}]
2026-05-21T20:32:38.707+05:30 DEBUG 1778 --- [Fraud-Management] [kafka-producer-network-thread | Fraud-Management-producer-1] o.a.k.c.t.i.KafkaMetricsCollector        : removing kafka metric : MetricName [name=outgoing-byte-total, group=producer-node-metrics, description=The total number of outgoing bytes, tags={client-id=Fraud-Management-producer-1, node-id=node--1}]
2026-05-21T20:32:38.707+05:30 DEBUG 1778 --- [Fraud-Management] [kafka-producer-network-thread | Fraud-Management-producer-1] o.a.k.c.t.i.KafkaMetricsCollector        : removing kafka metric : MetricName [name=outgoing-byte-rate, group=producer-node-metrics, description=The number of outgoing bytes per second, tags={client-id=Fraud-Management-producer-1, node-id=node--1}]
2026-05-21T20:32:38.708+05:30 DEBUG 1778 --- [Fraud-Management] [kafka-producer-network-thread | Fraud-Management-producer-1] o.a.k.c.t.i.KafkaMetricsCollector        : removing kafka metric : MetricName [name=response-total, group=producer-node-metrics, description=The total number of responses received, tags={client-id=Fraud-Management-producer-1, node-id=node--1}]
2026-05-21T20:32:38.708+05:30 DEBUG 1778 --- [Fraud-Management] [kafka-producer-network-thread | Fraud-Management-producer-1] o.a.k.c.t.i.KafkaMetricsCollector        : removing kafka metric : MetricName [name=response-rate, group=producer-node-metrics, description=The number of responses received per second, tags={client-id=Fraud-Management-producer-1, node-id=node--1}]
2026-05-21T20:32:38.708+05:30 DEBUG 1778 --- [Fraud-Management] [kafka-producer-network-thread | Fraud-Management-producer-1] o.a.k.c.t.i.KafkaMetricsCollector        : removing kafka metric : MetricName [name=incoming-byte-total, group=producer-node-metrics, description=The total number of incoming bytes, tags={client-id=Fraud-Management-producer-1, node-id=node--1}]
2026-05-21T20:32:38.708+05:30 DEBUG 1778 --- [Fraud-Management] [kafka-producer-network-thread | Fraud-Management-producer-1] o.a.k.c.t.i.KafkaMetricsCollector        : removing kafka metric : MetricName [name=incoming-byte-rate, group=producer-node-metrics, description=The number of incoming bytes per second, tags={client-id=Fraud-Management-producer-1, node-id=node--1}]
2026-05-21T20:32:38.709+05:30 DEBUG 1778 --- [Fraud-Management] [kafka-producer-network-thread | Fraud-Management-producer-1] o.a.k.c.t.i.KafkaMetricsCollector        : removing kafka metric : MetricName [name=request-latency-avg, group=producer-node-metrics, description=, tags={client-id=Fraud-Management-producer-1, node-id=node--1}]
2026-05-21T20:32:38.709+05:30 DEBUG 1778 --- [Fraud-Management] [kafka-producer-network-thread | Fraud-Management-producer-1] o.a.k.c.t.i.KafkaMetricsCollector        : removing kafka metric : MetricName [name=request-latency-max, group=producer-node-metrics, description=, tags={client-id=Fraud-Management-producer-1, node-id=node--1}]
2026-05-21T20:32:38.709+05:30 DEBUG 1778 --- [Fraud-Management] [kafka-producer-network-thread | Fraud-Management-producer-1] o.a.k.c.t.i.KafkaMetricsCollector        : removing kafka metric : MetricName [name=request-total, group=producer-node-metrics, description=The total number of requests sent, tags={client-id=Fraud-Management-producer-1, node-id=node-0}]
2026-05-21T20:32:38.709+05:30 DEBUG 1778 --- [Fraud-Management] [kafka-producer-network-thread | Fraud-Management-producer-1] o.a.k.c.t.i.KafkaMetricsCollector        : removing kafka metric : MetricName [name=request-rate, group=producer-node-metrics, description=The number of requests sent per second, tags={client-id=Fraud-Management-producer-1, node-id=node-0}]
2026-05-21T20:32:38.709+05:30 DEBUG 1778 --- [Fraud-Management] [kafka-producer-network-thread | Fraud-Management-producer-1] o.a.k.c.t.i.KafkaMetricsCollector        : removing kafka metric : MetricName [name=request-size-avg, group=producer-node-metrics, description=The average size of requests sent., tags={client-id=Fraud-Management-producer-1, node-id=node-0}]
2026-05-21T20:32:38.710+05:30 DEBUG 1778 --- [Fraud-Management] [kafka-producer-network-thread | Fraud-Management-producer-1] o.a.k.c.t.i.KafkaMetricsCollector        : removing kafka metric : MetricName [name=request-size-max, group=producer-node-metrics, description=The maximum size of any request sent., tags={client-id=Fraud-Management-producer-1, node-id=node-0}]
2026-05-21T20:32:38.710+05:30 DEBUG 1778 --- [Fraud-Management] [kafka-producer-network-thread | Fraud-Management-producer-1] o.a.k.c.t.i.KafkaMetricsCollector        : removing kafka metric : MetricName [name=outgoing-byte-total, group=producer-node-metrics, description=The total number of outgoing bytes, tags={client-id=Fraud-Management-producer-1, node-id=node-0}]
2026-05-21T20:32:38.710+05:30 DEBUG 1778 --- [Fraud-Management] [kafka-producer-network-thread | Fraud-Management-producer-1] o.a.k.c.t.i.KafkaMetricsCollector        : removing kafka metric : MetricName [name=outgoing-byte-rate, group=producer-node-metrics, description=The number of outgoing bytes per second, tags={client-id=Fraud-Management-producer-1, node-id=node-0}]
2026-05-21T20:32:38.710+05:30 DEBUG 1778 --- [Fraud-Management] [kafka-producer-network-thread | Fraud-Management-producer-1] o.a.k.c.t.i.KafkaMetricsCollector        : removing kafka metric : MetricName [name=response-total, group=producer-node-metrics, description=The total number of responses received, tags={client-id=Fraud-Management-producer-1, node-id=node-0}]
2026-05-21T20:32:38.711+05:30 DEBUG 1778 --- [Fraud-Management] [kafka-producer-network-thread | Fraud-Management-producer-1] o.a.k.c.t.i.KafkaMetricsCollector        : removing kafka metric : MetricName [name=response-rate, group=producer-node-metrics, description=The number of responses received per second, tags={client-id=Fraud-Management-producer-1, node-id=node-0}]
2026-05-21T20:32:38.711+05:30 DEBUG 1778 --- [Fraud-Management] [kafka-producer-network-thread | Fraud-Management-producer-1] o.a.k.c.t.i.KafkaMetricsCollector        : removing kafka metric : MetricName [name=incoming-byte-total, group=producer-node-metrics, description=The total number of incoming bytes, tags={client-id=Fraud-Management-producer-1, node-id=node-0}]
2026-05-21T20:32:38.711+05:30 DEBUG 1778 --- [Fraud-Management] [kafka-producer-network-thread | Fraud-Management-producer-1] o.a.k.c.t.i.KafkaMetricsCollector        : removing kafka metric : MetricName [name=incoming-byte-rate, group=producer-node-metrics, description=The number of incoming bytes per second, tags={client-id=Fraud-Management-producer-1, node-id=node-0}]
2026-05-21T20:32:38.711+05:30 DEBUG 1778 --- [Fraud-Management] [kafka-producer-network-thread | Fraud-Management-producer-1] o.a.k.c.t.i.KafkaMetricsCollector        : removing kafka metric : MetricName [name=request-latency-avg, group=producer-node-metrics, description=, tags={client-id=Fraud-Management-producer-1, node-id=node-0}]
2026-05-21T20:32:38.712+05:30 DEBUG 1778 --- [Fraud-Management] [kafka-producer-network-thread | Fraud-Management-producer-1] o.a.k.c.t.i.KafkaMetricsCollector        : removing kafka metric : MetricName [name=request-latency-max, group=producer-node-metrics, description=, tags={client-id=Fraud-Management-producer-1, node-id=node-0}]
2026-05-21T20:32:38.712+05:30 DEBUG 1778 --- [Fraud-Management] [kafka-producer-network-thread | Fraud-Management-producer-1] o.a.k.c.t.i.ClientTelemetryReporter      : close telemetry sender for client telemetry reporter instance
2026-05-21T20:32:38.712+05:30 DEBUG 1778 --- [Fraud-Management] [kafka-producer-network-thread | Fraud-Management-producer-1] o.a.k.c.t.i.ClientTelemetryReporter      : Setting telemetry state from SUBSCRIPTION_NEEDED to TERMINATED
2026-05-21T20:32:38.712+05:30 DEBUG 1778 --- [Fraud-Management] [kafka-producer-network-thread | Fraud-Management-producer-1] o.a.k.clients.producer.internals.Sender  : [Producer clientId=Fraud-Management-producer-1] Shutdown of Kafka producer I/O thread has completed.
2026-05-21T20:32:38.712+05:30 DEBUG 1778 --- [Fraud-Management] [SpringApplicationShutdownHook] o.a.k.c.t.i.ClientTelemetryReporter      : Initiate close of ClientTelemetryReporter
2026-05-21T20:32:38.712+05:30 DEBUG 1778 --- [Fraud-Management] [SpringApplicationShutdownHook] o.a.k.c.t.i.ClientTelemetryReporter      : initiate close for client telemetry, check if terminal push required. Timeout 29983 ms.
2026-05-21T20:32:38.712+05:30 DEBUG 1778 --- [Fraud-Management] [SpringApplicationShutdownHook] o.a.k.c.t.i.ClientTelemetryReporter      : Ignoring subsequent initiateClose
2026-05-21T20:32:38.712+05:30 DEBUG 1778 --- [Fraud-Management] [SpringApplicationShutdownHook] o.a.k.c.t.i.KafkaMetricsCollector        : removing kafka metric : MetricName [name=flush-time-ns-total, group=producer-metrics, description=Total time producer has spent in flush in nanoseconds., tags={client-id=Fraud-Management-producer-1}]
2026-05-21T20:32:38.713+05:30 DEBUG 1778 --- [Fraud-Management] [SpringApplicationShutdownHook] o.a.k.c.t.i.KafkaMetricsCollector        : removing kafka metric : MetricName [name=txn-init-time-ns-total, group=producer-metrics, description=Total time producer has spent in initTransactions in nanoseconds., tags={client-id=Fraud-Management-producer-1}]
2026-05-21T20:32:38.713+05:30 DEBUG 1778 --- [Fraud-Management] [SpringApplicationShutdownHook] o.a.k.c.t.i.KafkaMetricsCollector        : removing kafka metric : MetricName [name=txn-begin-time-ns-total, group=producer-metrics, description=Total time producer has spent in beginTransaction in nanoseconds., tags={client-id=Fraud-Management-producer-1}]
2026-05-21T20:32:38.713+05:30 DEBUG 1778 --- [Fraud-Management] [SpringApplicationShutdownHook] o.a.k.c.t.i.KafkaMetricsCollector        : removing kafka metric : MetricName [name=txn-send-offsets-time-ns-total, group=producer-metrics, description=Total time producer has spent in sendOffsetsToTransaction in nanoseconds., tags={client-id=Fraud-Management-producer-1}]
2026-05-21T20:32:38.713+05:30 DEBUG 1778 --- [Fraud-Management] [SpringApplicationShutdownHook] o.a.k.c.t.i.KafkaMetricsCollector        : removing kafka metric : MetricName [name=txn-commit-time-ns-total, group=producer-metrics, description=Total time producer has spent in commitTransaction in nanoseconds., tags={client-id=Fraud-Management-producer-1}]
2026-05-21T20:32:38.714+05:30 DEBUG 1778 --- [Fraud-Management] [SpringApplicationShutdownHook] o.a.k.c.t.i.KafkaMetricsCollector        : removing kafka metric : MetricName [name=txn-abort-time-ns-total, group=producer-metrics, description=Total time producer has spent in abortTransaction in nanoseconds., tags={client-id=Fraud-Management-producer-1}]
2026-05-21T20:32:38.714+05:30 DEBUG 1778 --- [Fraud-Management] [SpringApplicationShutdownHook] o.a.k.c.t.i.KafkaMetricsCollector        : removing kafka metric : MetricName [name=metadata-wait-time-ns-total, group=producer-metrics, description=Total time producer has spent waiting on topic metadata in nanoseconds., tags={client-id=Fraud-Management-producer-1}]
2026-05-21T20:32:38.714+05:30  INFO 1778 --- [Fraud-Management] [SpringApplicationShutdownHook] o.apache.kafka.common.metrics.Metrics    : Metrics scheduler closed
2026-05-21T20:32:38.714+05:30  INFO 1778 --- [Fraud-Management] [SpringApplicationShutdownHook] o.apache.kafka.common.metrics.Metrics    : Closing reporter org.apache.kafka.common.metrics.JmxReporter
2026-05-21T20:32:38.714+05:30  INFO 1778 --- [Fraud-Management] [SpringApplicationShutdownHook] o.apache.kafka.common.metrics.Metrics    : Closing reporter org.apache.kafka.common.telemetry.internals.ClientTelemetryReporter
2026-05-21T20:32:38.714+05:30 DEBUG 1778 --- [Fraud-Management] [SpringApplicationShutdownHook] o.a.k.c.t.i.ClientTelemetryReporter      : Stopping ClientTelemetryReporter
2026-05-21T20:32:38.714+05:30 DEBUG 1778 --- [Fraud-Management] [SpringApplicationShutdownHook] o.a.k.c.t.i.ClientTelemetryReporter      : close telemetry sender for client telemetry reporter instance
2026-05-21T20:32:38.714+05:30 DEBUG 1778 --- [Fraud-Management] [SpringApplicationShutdownHook] o.a.k.c.t.i.ClientTelemetryReporter      : Ignoring subsequent close
2026-05-21T20:32:38.714+05:30  INFO 1778 --- [Fraud-Management] [SpringApplicationShutdownHook] o.apache.kafka.common.metrics.Metrics    : Metrics reporters closed
2026-05-21T20:32:38.714+05:30 DEBUG 1778 --- [Fraud-Management] [SpringApplicationShutdownHook] o.a.k.c.t.i.ClientTelemetryReporter      : Stopping ClientTelemetryReporter
2026-05-21T20:32:38.714+05:30 DEBUG 1778 --- [Fraud-Management] [SpringApplicationShutdownHook] o.a.k.c.t.i.ClientTelemetryReporter      : close telemetry sender for client telemetry reporter instance
2026-05-21T20:32:38.715+05:30 DEBUG 1778 --- [Fraud-Management] [SpringApplicationShutdownHook] o.a.k.c.t.i.ClientTelemetryReporter      : Ignoring subsequent close
2026-05-21T20:32:38.715+05:30  INFO 1778 --- [Fraud-Management] [SpringApplicationShutdownHook] o.a.kafka.common.utils.AppInfoParser     : App info kafka.producer for Fraud-Management-producer-1 unregistered
2026-05-21T20:32:38.715+05:30 DEBUG 1778 --- [Fraud-Management] [SpringApplicationShutdownHook] o.a.k.clients.producer.KafkaProducer     : [Producer clientId=Fraud-Management-producer-1] Kafka producer has been closed
2026-05-21T20:32:38.715+05:30  INFO 1778 --- [Fraud-Management] [SpringApplicationShutdownHook] o.a.k.clients.producer.KafkaProducer     : [Producer clientId=Fraud-Management-producer-1] Closing the Kafka producer with timeoutMillis = 30000 ms.
2026-05-21T20:32:38.715+05:30 DEBUG 1778 --- [Fraud-Management] [kafka-producer-network-thread | Fraud-Management-producer-1] o.a.k.clients.producer.internals.Sender  : [Producer clientId=Fraud-Management-producer-1] Beginning shutdown of Kafka producer I/O thread, sending remaining records.
2026-05-21T20:32:38.716+05:30 DEBUG 1778 --- [Fraud-Management] [kafka-producer-network-thread | Fraud-Management-producer-1] o.a.k.c.t.i.KafkaMetricsCollector        : removing kafka metric : MetricName [name=connection-count, group=producer-metrics, description=The current number of active connections., tags={client-id=Fraud-Management-producer-1}]
2026-05-21T20:32:38.717+05:30 DEBUG 1778 --- [Fraud-Management] [kafka-producer-network-thread | Fraud-Management-producer-1] o.a.k.c.t.i.KafkaMetricsCollector        : removing kafka metric : MetricName [name=connection-close-total, group=producer-metrics, description=The total number of connections closed, tags={client-id=Fraud-Management-producer-1}]
2026-05-21T20:32:38.717+05:30 DEBUG 1778 --- [Fraud-Management] [kafka-producer-network-thread | Fraud-Management-producer-1] o.a.k.c.t.i.KafkaMetricsCollector        : removing kafka metric : MetricName [name=connection-close-rate, group=producer-metrics, description=The number of connections closed per second, tags={client-id=Fraud-Management-producer-1}]
2026-05-21T20:32:38.717+05:30 DEBUG 1778 --- [Fraud-Management] [kafka-producer-network-thread | Fraud-Management-producer-1] o.a.k.c.t.i.KafkaMetricsCollector        : removing kafka metric : MetricName [name=connection-creation-total, group=producer-metrics, description=The total number of new connections established, tags={client-id=Fraud-Management-producer-1}]
2026-05-21T20:32:38.718+05:30 DEBUG 1778 --- [Fraud-Management] [kafka-producer-network-thread | Fraud-Management-producer-1] o.a.k.c.t.i.KafkaMetricsCollector        : removing kafka metric : MetricName [name=connection-creation-rate, group=producer-metrics, description=The number of new connections established per second, tags={client-id=Fraud-Management-producer-1}]
2026-05-21T20:32:38.718+05:30 DEBUG 1778 --- [Fraud-Management] [kafka-producer-network-thread | Fraud-Management-producer-1] o.a.k.c.t.i.KafkaMetricsCollector        : removing kafka metric : MetricName [name=successful-authentication-total, group=producer-metrics, description=The total number of connections with successful authentication, tags={client-id=Fraud-Management-producer-1}]
2026-05-21T20:32:38.718+05:30 DEBUG 1778 --- [Fraud-Management] [kafka-producer-network-thread | Fraud-Management-producer-1] o.a.k.c.t.i.KafkaMetricsCollector        : removing kafka metric : MetricName [name=successful-authentication-rate, group=producer-metrics, description=The number of connections with successful authentication per second, tags={client-id=Fraud-Management-producer-1}]
2026-05-21T20:32:38.718+05:30 DEBUG 1778 --- [Fraud-Management] [kafka-producer-network-thread | Fraud-Management-producer-1] o.a.k.c.t.i.KafkaMetricsCollector        : removing kafka metric : MetricName [name=successful-reauthentication-total, group=producer-metrics, description=The total number of successful re-authentication of connections, tags={client-id=Fraud-Management-producer-1}]
2026-05-21T20:32:38.719+05:30 DEBUG 1778 --- [Fraud-Management] [kafka-producer-network-thread | Fraud-Management-producer-1] o.a.k.c.t.i.KafkaMetricsCollector        : removing kafka metric : MetricName [name=successful-reauthentication-rate, group=producer-metrics, description=The number of successful re-authentication of connections per second, tags={client-id=Fraud-Management-producer-1}]
2026-05-21T20:32:38.719+05:30 DEBUG 1778 --- [Fraud-Management] [kafka-producer-network-thread | Fraud-Management-producer-1] o.a.k.c.t.i.KafkaMetricsCollector        : removing kafka metric : MetricName [name=successful-authentication-no-reauth-total, group=producer-metrics, description=The total number of connections with successful authentication where the client does not support re-authentication, tags={client-id=Fraud-Management-producer-1}]
2026-05-21T20:32:38.719+05:30 DEBUG 1778 --- [Fraud-Management] [kafka-producer-network-thread | Fraud-Management-producer-1] o.a.k.c.t.i.KafkaMetricsCollector        : removing kafka metric : MetricName [name=failed-authentication-total, group=producer-metrics, description=The total number of connections with failed authentication, tags={client-id=Fraud-Management-producer-1}]
2026-05-21T20:32:38.719+05:30 DEBUG 1778 --- [Fraud-Management] [kafka-producer-network-thread | Fraud-Management-producer-1] o.a.k.c.t.i.KafkaMetricsCollector        : removing kafka metric : MetricName [name=failed-authentication-rate, group=producer-metrics, description=The number of connections with failed authentication per second, tags={client-id=Fraud-Management-producer-1}]
2026-05-21T20:32:38.720+05:30 DEBUG 1778 --- [Fraud-Management] [kafka-producer-network-thread | Fraud-Management-producer-1] o.a.k.c.t.i.KafkaMetricsCollector        : removing kafka metric : MetricName [name=failed-reauthentication-total, group=producer-metrics, description=The total number of failed re-authentication of connections, tags={client-id=Fraud-Management-producer-1}]
2026-05-21T20:32:38.720+05:30 DEBUG 1778 --- [Fraud-Management] [kafka-producer-network-thread | Fraud-Management-producer-1] o.a.k.c.t.i.KafkaMetricsCollector        : removing kafka metric : MetricName [name=failed-reauthentication-rate, group=producer-metrics, description=The number of failed re-authentication of connections per second, tags={client-id=Fraud-Management-producer-1}]
2026-05-21T20:32:38.720+05:30 DEBUG 1778 --- [Fraud-Management] [kafka-producer-network-thread | Fraud-Management-producer-1] o.a.k.c.t.i.KafkaMetricsCollector        : removing kafka metric : MetricName [name=reauthentication-latency-max, group=producer-metrics, description=The max latency observed due to re-authentication, tags={client-id=Fraud-Management-producer-1}]
2026-05-21T20:32:38.721+05:30 DEBUG 1778 --- [Fraud-Management] [kafka-producer-network-thread | Fraud-Management-producer-1] o.a.k.c.t.i.KafkaMetricsCollector        : removing kafka metric : MetricName [name=reauthentication-latency-avg, group=producer-metrics, description=The average latency observed due to re-authentication, tags={client-id=Fraud-Management-producer-1}]
2026-05-21T20:32:38.721+05:30 DEBUG 1778 --- [Fraud-Management] [kafka-producer-network-thread | Fraud-Management-producer-1] o.a.k.c.t.i.KafkaMetricsCollector        : removing kafka metric : MetricName [name=network-io-total, group=producer-metrics, description=The total number of network operations (reads or writes) on all connections, tags={client-id=Fraud-Management-producer-1}]
2026-05-21T20:32:38.721+05:30 DEBUG 1778 --- [Fraud-Management] [kafka-producer-network-thread | Fraud-Management-producer-1] o.a.k.c.t.i.KafkaMetricsCollector        : removing kafka metric : MetricName [name=network-io-rate, group=producer-metrics, description=The number of network operations (reads or writes) on all connections per second, tags={client-id=Fraud-Management-producer-1}]
2026-05-21T20:32:38.722+05:30 DEBUG 1778 --- [Fraud-Management] [kafka-producer-network-thread | Fraud-Management-producer-1] o.a.k.c.t.i.KafkaMetricsCollector        : removing kafka metric : MetricName [name=outgoing-byte-total, group=producer-metrics, description=The total number of outgoing bytes sent to all servers, tags={client-id=Fraud-Management-producer-1}]
2026-05-21T20:32:38.722+05:30 DEBUG 1778 --- [Fraud-Management] [kafka-producer-network-thread | Fraud-Management-producer-1] o.a.k.c.t.i.KafkaMetricsCollector        : removing kafka metric : MetricName [name=outgoing-byte-rate, group=producer-metrics, description=The number of outgoing bytes sent to all servers per second, tags={client-id=Fraud-Management-producer-1}]
2026-05-21T20:32:38.723+05:30 DEBUG 1778 --- [Fraud-Management] [kafka-producer-network-thread | Fraud-Management-producer-1] o.a.k.c.t.i.KafkaMetricsCollector        : removing kafka metric : MetricName [name=incoming-byte-total, group=producer-metrics, description=The total number of bytes read off all sockets, tags={client-id=Fraud-Management-producer-1}]
2026-05-21T20:32:38.724+05:30 DEBUG 1778 --- [Fraud-Management] [kafka-producer-network-thread | Fraud-Management-producer-1] o.a.k.c.t.i.KafkaMetricsCollector        : removing kafka metric : MetricName [name=incoming-byte-rate, group=producer-metrics, description=The number of bytes read off all sockets per second, tags={client-id=Fraud-Management-producer-1}]
2026-05-21T20:32:38.724+05:30 DEBUG 1778 --- [Fraud-Management] [kafka-producer-network-thread | Fraud-Management-producer-1] o.a.k.c.t.i.KafkaMetricsCollector        : removing kafka metric : MetricName [name=request-total, group=producer-metrics, description=The total number of requests sent, tags={client-id=Fraud-Management-producer-1}]
2026-05-21T20:32:38.725+05:30 DEBUG 1778 --- [Fraud-Management] [kafka-producer-network-thread | Fraud-Management-producer-1] o.a.k.c.t.i.KafkaMetricsCollector        : removing kafka metric : MetricName [name=request-rate, group=producer-metrics, description=The number of requests sent per second, tags={client-id=Fraud-Management-producer-1}]
2026-05-21T20:32:38.726+05:30 DEBUG 1778 --- [Fraud-Management] [kafka-producer-network-thread | Fraud-Management-producer-1] o.a.k.c.t.i.KafkaMetricsCollector        : removing kafka metric : MetricName [name=request-size-avg, group=producer-metrics, description=The average size of requests sent., tags={client-id=Fraud-Management-producer-1}]
2026-05-21T20:32:38.726+05:30 DEBUG 1778 --- [Fraud-Management] [kafka-producer-network-thread | Fraud-Management-producer-1] o.a.k.c.t.i.KafkaMetricsCollector        : removing kafka metric : MetricName [name=request-size-max, group=producer-metrics, description=The maximum size of any request sent., tags={client-id=Fraud-Management-producer-1}]
2026-05-21T20:32:38.727+05:30 DEBUG 1778 --- [Fraud-Management] [kafka-producer-network-thread | Fraud-Management-producer-1] o.a.k.c.t.i.KafkaMetricsCollector        : removing kafka metric : MetricName [name=response-total, group=producer-metrics, description=The total number of responses received, tags={client-id=Fraud-Management-producer-1}]
2026-05-21T20:32:38.728+05:30 DEBUG 1778 --- [Fraud-Management] [kafka-producer-network-thread | Fraud-Management-producer-1] o.a.k.c.t.i.KafkaMetricsCollector        : removing kafka metric : MetricName [name=response-rate, group=producer-metrics, description=The number of responses received per second, tags={client-id=Fraud-Management-producer-1}]
2026-05-21T20:32:38.728+05:30 DEBUG 1778 --- [Fraud-Management] [kafka-producer-network-thread | Fraud-Management-producer-1] o.a.k.c.t.i.KafkaMetricsCollector        : removing kafka metric : MetricName [name=select-total, group=producer-metrics, description=The total number of times the I/O layer checked for new I/O to perform, tags={client-id=Fraud-Management-producer-1}]
2026-05-21T20:32:38.728+05:30 DEBUG 1778 --- [Fraud-Management] [kafka-producer-network-thread | Fraud-Management-producer-1] o.a.k.c.t.i.KafkaMetricsCollector        : removing kafka metric : MetricName [name=select-rate, group=producer-metrics, description=The number of times the I/O layer checked for new I/O to perform per second, tags={client-id=Fraud-Management-producer-1}]
2026-05-21T20:32:38.729+05:30 DEBUG 1778 --- [Fraud-Management] [kafka-producer-network-thread | Fraud-Management-producer-1] o.a.k.c.t.i.KafkaMetricsCollector        : removing kafka metric : MetricName [name=io-wait-time-ns-avg, group=producer-metrics, description=The average length of time the I/O thread spent waiting for a socket ready for reads or writes in nanoseconds., tags={client-id=Fraud-Management-producer-1}]
2026-05-21T20:32:38.729+05:30 DEBUG 1778 --- [Fraud-Management] [kafka-producer-network-thread | Fraud-Management-producer-1] o.a.k.c.t.i.KafkaMetricsCollector        : removing kafka metric : MetricName [name=io-waittime-total, group=producer-metrics, description=*Deprecated* The total time the I/O thread spent waiting, tags={client-id=Fraud-Management-producer-1}]
2026-05-21T20:32:38.729+05:30 DEBUG 1778 --- [Fraud-Management] [kafka-producer-network-thread | Fraud-Management-producer-1] o.a.k.c.t.i.KafkaMetricsCollector        : removing kafka metric : MetricName [name=io-wait-ratio, group=producer-metrics, description=*Deprecated* The fraction of time the I/O thread spent waiting, tags={client-id=Fraud-Management-producer-1}]
2026-05-21T20:32:38.729+05:30 DEBUG 1778 --- [Fraud-Management] [kafka-producer-network-thread | Fraud-Management-producer-1] o.a.k.c.t.i.KafkaMetricsCollector        : removing kafka metric : MetricName [name=io-wait-time-ns-total, group=producer-metrics, description=The total time the I/O thread spent waiting, tags={client-id=Fraud-Management-producer-1}]
2026-05-21T20:32:38.730+05:30 DEBUG 1778 --- [Fraud-Management] [kafka-producer-network-thread | Fraud-Management-producer-1] o.a.k.c.t.i.KafkaMetricsCollector        : removing kafka metric : MetricName [name=io-time-ns-avg, group=producer-metrics, description=The average length of time for I/O per select call in nanoseconds., tags={client-id=Fraud-Management-producer-1}]
2026-05-21T20:32:38.730+05:30 DEBUG 1778 --- [Fraud-Management] [kafka-producer-network-thread | Fraud-Management-producer-1] o.a.k.c.t.i.KafkaMetricsCollector        : removing kafka metric : MetricName [name=iotime-total, group=producer-metrics, description=*Deprecated* The total time the I/O thread spent doing I/O, tags={client-id=Fraud-Management-producer-1}]
2026-05-21T20:32:38.731+05:30 DEBUG 1778 --- [Fraud-Management] [kafka-producer-network-thread | Fraud-Management-producer-1] o.a.k.c.t.i.KafkaMetricsCollector        : removing kafka metric : MetricName [name=io-ratio, group=producer-metrics, description=*Deprecated* The fraction of time the I/O thread spent doing I/O, tags={client-id=Fraud-Management-producer-1}]
2026-05-21T20:32:38.731+05:30 DEBUG 1778 --- [Fraud-Management] [kafka-producer-network-thread | Fraud-Management-producer-1] o.a.k.c.t.i.KafkaMetricsCollector        : removing kafka metric : MetricName [name=io-time-ns-total, group=producer-metrics, description=The total time the I/O thread spent doing I/O, tags={client-id=Fraud-Management-producer-1}]
2026-05-21T20:32:38.731+05:30 DEBUG 1778 --- [Fraud-Management] [kafka-producer-network-thread | Fraud-Management-producer-1] o.a.k.c.t.i.KafkaMetricsCollector        : removing kafka metric : MetricName [name=request-total, group=producer-node-metrics, description=The total number of requests sent, tags={client-id=Fraud-Management-producer-1, node-id=node--1}]
2026-05-21T20:32:38.732+05:30 DEBUG 1778 --- [Fraud-Management] [kafka-producer-network-thread | Fraud-Management-producer-1] o.a.k.c.t.i.KafkaMetricsCollector        : removing kafka metric : MetricName [name=request-rate, group=producer-node-metrics, description=The number of requests sent per second, tags={client-id=Fraud-Management-producer-1, node-id=node--1}]
2026-05-21T20:32:38.733+05:30 DEBUG 1778 --- [Fraud-Management] [kafka-producer-network-thread | Fraud-Management-producer-1] o.a.k.c.t.i.KafkaMetricsCollector        : removing kafka metric : MetricName [name=request-size-avg, group=producer-node-metrics, description=The average size of requests sent., tags={client-id=Fraud-Management-producer-1, node-id=node--1}]
2026-05-21T20:32:38.733+05:30 DEBUG 1778 --- [Fraud-Management] [kafka-producer-network-thread | Fraud-Management-producer-1] o.a.k.c.t.i.KafkaMetricsCollector        : removing kafka metric : MetricName [name=request-size-max, group=producer-node-metrics, description=The maximum size of any request sent., tags={client-id=Fraud-Management-producer-1, node-id=node--1}]
2026-05-21T20:32:38.734+05:30 DEBUG 1778 --- [Fraud-Management] [kafka-producer-network-thread | Fraud-Management-producer-1] o.a.k.c.t.i.KafkaMetricsCollector        : removing kafka metric : MetricName [name=outgoing-byte-total, group=producer-node-metrics, description=The total number of outgoing bytes, tags={client-id=Fraud-Management-producer-1, node-id=node--1}]
2026-05-21T20:32:38.734+05:30 DEBUG 1778 --- [Fraud-Management] [kafka-producer-network-thread | Fraud-Management-producer-1] o.a.k.c.t.i.KafkaMetricsCollector        : removing kafka metric : MetricName [name=outgoing-byte-rate, group=producer-node-metrics, description=The number of outgoing bytes per second, tags={client-id=Fraud-Management-producer-1, node-id=node--1}]
2026-05-21T20:32:38.734+05:30 DEBUG 1778 --- [Fraud-Management] [kafka-producer-network-thread | Fraud-Management-producer-1] o.a.k.c.t.i.KafkaMetricsCollector        : removing kafka metric : MetricName [name=response-total, group=producer-node-metrics, description=The total number of responses received, tags={client-id=Fraud-Management-producer-1, node-id=node--1}]
2026-05-21T20:32:38.735+05:30 DEBUG 1778 --- [Fraud-Management] [kafka-producer-network-thread | Fraud-Management-producer-1] o.a.k.c.t.i.KafkaMetricsCollector        : removing kafka metric : MetricName [name=response-rate, group=producer-node-metrics, description=The number of responses received per second, tags={client-id=Fraud-Management-producer-1, node-id=node--1}]
2026-05-21T20:32:38.735+05:30 DEBUG 1778 --- [Fraud-Management] [kafka-producer-network-thread | Fraud-Management-producer-1] o.a.k.c.t.i.KafkaMetricsCollector        : removing kafka metric : MetricName [name=incoming-byte-total, group=producer-node-metrics, description=The total number of incoming bytes, tags={client-id=Fraud-Management-producer-1, node-id=node--1}]
2026-05-21T20:32:38.735+05:30 DEBUG 1778 --- [Fraud-Management] [kafka-producer-network-thread | Fraud-Management-producer-1] o.a.k.c.t.i.KafkaMetricsCollector        : removing kafka metric : MetricName [name=incoming-byte-rate, group=producer-node-metrics, description=The number of incoming bytes per second, tags={client-id=Fraud-Management-producer-1, node-id=node--1}]
2026-05-21T20:32:38.735+05:30 DEBUG 1778 --- [Fraud-Management] [kafka-producer-network-thread | Fraud-Management-producer-1] o.a.k.c.t.i.KafkaMetricsCollector        : removing kafka metric : MetricName [name=request-latency-avg, group=producer-node-metrics, description=, tags={client-id=Fraud-Management-producer-1, node-id=node--1}]
2026-05-21T20:32:38.736+05:30 DEBUG 1778 --- [Fraud-Management] [kafka-producer-network-thread | Fraud-Management-producer-1] o.a.k.c.t.i.KafkaMetricsCollector        : removing kafka metric : MetricName [name=request-latency-max, group=producer-node-metrics, description=, tags={client-id=Fraud-Management-producer-1, node-id=node--1}]
2026-05-21T20:32:38.737+05:30 DEBUG 1778 --- [Fraud-Management] [kafka-producer-network-thread | Fraud-Management-producer-1] o.a.k.c.t.i.KafkaMetricsCollector        : removing kafka metric : MetricName [name=request-total, group=producer-node-metrics, description=The total number of requests sent, tags={client-id=Fraud-Management-producer-1, node-id=node-0}]
2026-05-21T20:32:38.737+05:30 DEBUG 1778 --- [Fraud-Management] [kafka-producer-network-thread | Fraud-Management-producer-1] o.a.k.c.t.i.KafkaMetricsCollector        : removing kafka metric : MetricName [name=request-rate, group=producer-node-metrics, description=The number of requests sent per second, tags={client-id=Fraud-Management-producer-1, node-id=node-0}]
2026-05-21T20:32:38.737+05:30 DEBUG 1778 --- [Fraud-Management] [kafka-producer-network-thread | Fraud-Management-producer-1] o.a.k.c.t.i.KafkaMetricsCollector        : removing kafka metric : MetricName [name=request-size-avg, group=producer-node-metrics, description=The average size of requests sent., tags={client-id=Fraud-Management-producer-1, node-id=node-0}]
2026-05-21T20:32:38.738+05:30 DEBUG 1778 --- [Fraud-Management] [kafka-producer-network-thread | Fraud-Management-producer-1] o.a.k.c.t.i.KafkaMetricsCollector        : removing kafka metric : MetricName [name=request-size-max, group=producer-node-metrics, description=The maximum size of any request sent., tags={client-id=Fraud-Management-producer-1, node-id=node-0}]
2026-05-21T20:32:38.738+05:30 DEBUG 1778 --- [Fraud-Management] [kafka-producer-network-thread | Fraud-Management-producer-1] o.a.k.c.t.i.KafkaMetricsCollector        : removing kafka metric : MetricName [name=outgoing-byte-total, group=producer-node-metrics, description=The total number of outgoing bytes, tags={client-id=Fraud-Management-producer-1, node-id=node-0}]
2026-05-21T20:32:38.738+05:30 DEBUG 1778 --- [Fraud-Management] [kafka-producer-network-thread | Fraud-Management-producer-1] o.a.k.c.t.i.KafkaMetricsCollector        : removing kafka metric : MetricName [name=outgoing-byte-rate, group=producer-node-metrics, description=The number of outgoing bytes per second, tags={client-id=Fraud-Management-producer-1, node-id=node-0}]
2026-05-21T20:32:38.738+05:30 DEBUG 1778 --- [Fraud-Management] [kafka-producer-network-thread | Fraud-Management-producer-1] o.a.k.c.t.i.KafkaMetricsCollector        : removing kafka metric : MetricName [name=response-total, group=producer-node-metrics, description=The total number of responses received, tags={client-id=Fraud-Management-producer-1, node-id=node-0}]
2026-05-21T20:32:38.739+05:30 DEBUG 1778 --- [Fraud-Management] [kafka-producer-network-thread | Fraud-Management-producer-1] o.a.k.c.t.i.KafkaMetricsCollector        : removing kafka metric : MetricName [name=response-rate, group=producer-node-metrics, description=The number of responses received per second, tags={client-id=Fraud-Management-producer-1, node-id=node-0}]
2026-05-21T20:32:38.739+05:30 DEBUG 1778 --- [Fraud-Management] [kafka-producer-network-thread | Fraud-Management-producer-1] o.a.k.c.t.i.KafkaMetricsCollector        : removing kafka metric : MetricName [name=incoming-byte-total, group=producer-node-metrics, description=The total number of incoming bytes, tags={client-id=Fraud-Management-producer-1, node-id=node-0}]
2026-05-21T20:32:38.740+05:30 DEBUG 1778 --- [Fraud-Management] [kafka-producer-network-thread | Fraud-Management-producer-1] o.a.k.c.t.i.KafkaMetricsCollector        : removing kafka metric : MetricName [name=incoming-byte-rate, group=producer-node-metrics, description=The number of incoming bytes per second, tags={client-id=Fraud-Management-producer-1, node-id=node-0}]
2026-05-21T20:32:38.740+05:30 DEBUG 1778 --- [Fraud-Management] [kafka-producer-network-thread | Fraud-Management-producer-1] o.a.k.c.t.i.KafkaMetricsCollector        : removing kafka metric : MetricName [name=request-latency-avg, group=producer-node-metrics, description=, tags={client-id=Fraud-Management-producer-1, node-id=node-0}]
2026-05-21T20:32:38.740+05:30 DEBUG 1778 --- [Fraud-Management] [kafka-producer-network-thread | Fraud-Management-producer-1] o.a.k.c.t.i.KafkaMetricsCollector        : removing kafka metric : MetricName [name=request-latency-max, group=producer-node-metrics, description=, tags={client-id=Fraud-Management-producer-1, node-id=node-0}]
2026-05-21T20:32:38.740+05:30 DEBUG 1778 --- [Fraud-Management] [kafka-producer-network-thread | Fraud-Management-producer-1] o.a.k.c.t.i.ClientTelemetryReporter      : close telemetry sender for client telemetry reporter instance
2026-05-21T20:32:38.740+05:30 DEBUG 1778 --- [Fraud-Management] [kafka-producer-network-thread | Fraud-Management-producer-1] o.a.k.c.t.i.ClientTelemetryReporter      : Setting telemetry state from SUBSCRIPTION_NEEDED to TERMINATED
2026-05-21T20:32:38.740+05:30 DEBUG 1778 --- [Fraud-Management] [kafka-producer-network-thread | Fraud-Management-producer-1] o.a.k.clients.producer.internals.Sender  : [Producer clientId=Fraud-Management-producer-1] Shutdown of Kafka producer I/O thread has completed.
2026-05-21T20:32:38.741+05:30 DEBUG 1778 --- [Fraud-Management] [SpringApplicationShutdownHook] o.a.k.c.t.i.ClientTelemetryReporter      : Initiate close of ClientTelemetryReporter
2026-05-21T20:32:38.741+05:30 DEBUG 1778 --- [Fraud-Management] [SpringApplicationShutdownHook] o.a.k.c.t.i.ClientTelemetryReporter      : initiate close for client telemetry, check if terminal push required. Timeout 29974 ms.
2026-05-21T20:32:38.741+05:30 DEBUG 1778 --- [Fraud-Management] [SpringApplicationShutdownHook] o.a.k.c.t.i.ClientTelemetryReporter      : Ignoring subsequent initiateClose
2026-05-21T20:32:38.741+05:30 DEBUG 1778 --- [Fraud-Management] [SpringApplicationShutdownHook] o.a.k.c.t.i.KafkaMetricsCollector        : removing kafka metric : MetricName [name=flush-time-ns-total, group=producer-metrics, description=Total time producer has spent in flush in nanoseconds., tags={client-id=Fraud-Management-producer-1}]
2026-05-21T20:32:38.742+05:30 DEBUG 1778 --- [Fraud-Management] [SpringApplicationShutdownHook] o.a.k.c.t.i.KafkaMetricsCollector        : removing kafka metric : MetricName [name=txn-init-time-ns-total, group=producer-metrics, description=Total time producer has spent in initTransactions in nanoseconds., tags={client-id=Fraud-Management-producer-1}]
2026-05-21T20:32:38.742+05:30 DEBUG 1778 --- [Fraud-Management] [SpringApplicationShutdownHook] o.a.k.c.t.i.KafkaMetricsCollector        : removing kafka metric : MetricName [name=txn-begin-time-ns-total, group=producer-metrics, description=Total time producer has spent in beginTransaction in nanoseconds., tags={client-id=Fraud-Management-producer-1}]
2026-05-21T20:32:38.742+05:30 DEBUG 1778 --- [Fraud-Management] [SpringApplicationShutdownHook] o.a.k.c.t.i.KafkaMetricsCollector        : removing kafka metric : MetricName [name=txn-send-offsets-time-ns-total, group=producer-metrics, description=Total time producer has spent in sendOffsetsToTransaction in nanoseconds., tags={client-id=Fraud-Management-producer-1}]
2026-05-21T20:32:38.742+05:30 DEBUG 1778 --- [Fraud-Management] [SpringApplicationShutdownHook] o.a.k.c.t.i.KafkaMetricsCollector        : removing kafka metric : MetricName [name=txn-commit-time-ns-total, group=producer-metrics, description=Total time producer has spent in commitTransaction in nanoseconds., tags={client-id=Fraud-Management-producer-1}]
2026-05-21T20:32:38.743+05:30 DEBUG 1778 --- [Fraud-Management] [SpringApplicationShutdownHook] o.a.k.c.t.i.KafkaMetricsCollector        : removing kafka metric : MetricName [name=txn-abort-time-ns-total, group=producer-metrics, description=Total time producer has spent in abortTransaction in nanoseconds., tags={client-id=Fraud-Management-producer-1}]
2026-05-21T20:32:38.743+05:30 DEBUG 1778 --- [Fraud-Management] [SpringApplicationShutdownHook] o.a.k.c.t.i.KafkaMetricsCollector        : removing kafka metric : MetricName [name=metadata-wait-time-ns-total, group=producer-metrics, description=Total time producer has spent waiting on topic metadata in nanoseconds., tags={client-id=Fraud-Management-producer-1}]
2026-05-21T20:32:38.743+05:30  INFO 1778 --- [Fraud-Management] [SpringApplicationShutdownHook] o.apache.kafka.common.metrics.Metrics    : Metrics scheduler closed
2026-05-21T20:32:38.743+05:30  INFO 1778 --- [Fraud-Management] [SpringApplicationShutdownHook] o.apache.kafka.common.metrics.Metrics    : Closing reporter org.apache.kafka.common.metrics.JmxReporter
2026-05-21T20:32:38.743+05:30  INFO 1778 --- [Fraud-Management] [SpringApplicationShutdownHook] o.apache.kafka.common.metrics.Metrics    : Closing reporter org.apache.kafka.common.telemetry.internals.ClientTelemetryReporter
2026-05-21T20:32:38.743+05:30 DEBUG 1778 --- [Fraud-Management] [SpringApplicationShutdownHook] o.a.k.c.t.i.ClientTelemetryReporter      : Stopping ClientTelemetryReporter
2026-05-21T20:32:38.743+05:30 DEBUG 1778 --- [Fraud-Management] [SpringApplicationShutdownHook] o.a.k.c.t.i.ClientTelemetryReporter      : close telemetry sender for client telemetry reporter instance
2026-05-21T20:32:38.743+05:30 DEBUG 1778 --- [Fraud-Management] [SpringApplicationShutdownHook] o.a.k.c.t.i.ClientTelemetryReporter      : Ignoring subsequent close
2026-05-21T20:32:38.743+05:30  INFO 1778 --- [Fraud-Management] [SpringApplicationShutdownHook] o.apache.kafka.common.metrics.Metrics    : Metrics reporters closed
2026-05-21T20:32:38.744+05:30 DEBUG 1778 --- [Fraud-Management] [SpringApplicationShutdownHook] o.a.k.c.t.i.ClientTelemetryReporter      : Stopping ClientTelemetryReporter
2026-05-21T20:32:38.744+05:30 DEBUG 1778 --- [Fraud-Management] [SpringApplicationShutdownHook] o.a.k.c.t.i.ClientTelemetryReporter      : close telemetry sender for client telemetry reporter instance
2026-05-21T20:32:38.744+05:30 DEBUG 1778 --- [Fraud-Management] [SpringApplicationShutdownHook] o.a.k.c.t.i.ClientTelemetryReporter      : Ignoring subsequent close
2026-05-21T20:32:38.744+05:30 DEBUG 1778 --- [Fraud-Management] [SpringApplicationShutdownHook] o.a.k.c.t.i.KafkaMetricsCollector        : removing kafka metric : MetricName [name=version, group=app-info, description=Metric indicating version, tags={client-id=Fraud-Management-producer-1}]
2026-05-21T20:32:38.744+05:30 DEBUG 1778 --- [Fraud-Management] [SpringApplicationShutdownHook] o.a.k.c.t.i.KafkaMetricsCollector        : removing kafka metric : MetricName [name=commit-id, group=app-info, description=Metric indicating commit-id, tags={client-id=Fraud-Management-producer-1}]
2026-05-21T20:32:38.745+05:30 DEBUG 1778 --- [Fraud-Management] [SpringApplicationShutdownHook] o.a.k.c.t.i.KafkaMetricsCollector        : removing kafka metric : MetricName [name=start-time-ms, group=app-info, description=Metric indicating start-time-ms, tags={client-id=Fraud-Management-producer-1}]
2026-05-21T20:32:38.745+05:30  INFO 1778 --- [Fraud-Management] [SpringApplicationShutdownHook] o.a.kafka.common.utils.AppInfoParser     : App info kafka.producer for Fraud-Management-producer-1 unregistered
2026-05-21T20:32:38.745+05:30 DEBUG 1778 --- [Fraud-Management] [SpringApplicationShutdownHook] o.a.k.clients.producer.KafkaProducer     : [Producer clientId=Fraud-Management-producer-1] Kafka producer has been closed
2026-05-21T20:32:39.030+05:30  INFO 1778 --- [Fraud-Management] [SpringApplicationShutdownHook] j.LocalContainerEntityManagerFactoryBean : Closing JPA EntityManagerFactory for persistence unit 'default'
2026-05-21T20:32:39.059+05:30  INFO 1778 --- [Fraud-Management] [SpringApplicationShutdownHook] com.zaxxer.hikari.HikariDataSource       : HikariPool-1 - Shutdown initiated...
2026-05-21T20:32:39.068+05:30  INFO 1778 --- [Fraud-Management] [SpringApplicationShutdownHook] com.zaxxer.hikari.HikariDataSource       : HikariPool-1 - Shutdown completed.
2026-05-21T20:32:39.076+05:30  INFO 1778 --- [Fraud-Management] [SpringApplicationShutdownHook] com.netflix.discovery.DiscoveryClient    : Shutting down DiscoveryClient ...
2026-05-21T20:32:42.065+05:30  INFO 1778 --- [Fraud-Management] [AsyncResolver-bootstrap-executor-%d] c.n.d.s.r.aws.ConfigClusterResolver      : Resolving eureka endpoints via configuration
2026-05-21T20:32:42.083+05:30  INFO 1778 --- [Fraud-Management] [SpringApplicationShutdownHook] com.netflix.discovery.DiscoveryClient    : Unregistering ...
2026-05-21T20:32:42.182+05:30  INFO 1778 --- [Fraud-Management] [SpringApplicationShutdownHook] com.netflix.discovery.DiscoveryClient    : DiscoveryClient_FRAUD-MANAGEMENT/192.168.1.15:Fraud-Management:8082 - deregister  status: 200
2026-05-21T20:32:42.183+05:30  INFO 1778 --- [Fraud-Management] [SpringApplicationShutdownHook] com.netflix.discovery.DiscoveryClient    : Completed shut down of DiscoveryClient
2026-05-21T20:32:55.511+05:30  INFO 4847 --- [Fraud-Management] [restartedMain] c.f.F.FraudManagementApplication         : Starting FraudManagementApplication using Java 17.0.10 with PID 4847 (/Users/himanshudevi/Desktop/doc/BITS_study_doc/Dissertation/AI_DRIVEN_FRAUD_MONITORING_PRODUCT/Fraud-Management/target/classes started by himanshudevi in /Users/himanshudevi/Desktop/doc/BITS_study_doc/Dissertation/AI_DRIVEN_FRAUD_MONITORING_PRODUCT/Fraud-Management)
2026-05-21T20:32:55.516+05:30 DEBUG 4847 --- [Fraud-Management] [restartedMain] c.f.F.FraudManagementApplication         : Running with Spring Boot v3.4.4, Spring v6.2.5
2026-05-21T20:32:55.518+05:30  INFO 4847 --- [Fraud-Management] [restartedMain] c.f.F.FraudManagementApplication         : The following 1 profile is active: "local"
2026-05-21T20:32:55.619+05:30  INFO 4847 --- [Fraud-Management] [restartedMain] o.s.b.devtools.restart.ChangeableUrls    : The Class-Path manifest attribute in /Users/himanshudevi/.m2/repository/org/apache/kafka/kafka-clients/3.7.0/kafka-clients-3.7.0.jar referenced one or more files that do not exist: file:/Users/himanshudevi/.m2/repository/org/apache/kafka/kafka-clients/3.7.0/zstd-jni-1.5.5-6.jar,file:/Users/himanshudevi/.m2/repository/org/apache/kafka/kafka-clients/3.7.0/lz4-java-1.8.0.jar,file:/Users/himanshudevi/.m2/repository/org/apache/kafka/kafka-clients/3.7.0/snappy-java-1.1.10.5.jar,file:/Users/himanshudevi/.m2/repository/org/apache/kafka/kafka-clients/3.7.0/slf4j-api-1.7.36.jar
2026-05-21T20:32:55.620+05:30  INFO 4847 --- [Fraud-Management] [restartedMain] .e.DevToolsPropertyDefaultsPostProcessor : Devtools property defaults active! Set 'spring.devtools.add-properties' to 'false' to disable
2026-05-21T20:32:55.621+05:30  INFO 4847 --- [Fraud-Management] [restartedMain] .e.DevToolsPropertyDefaultsPostProcessor : For additional web related logging consider setting the 'logging.level.web' property to 'DEBUG'
2026-05-21T20:32:56.667+05:30  INFO 4847 --- [Fraud-Management] [restartedMain] .s.d.r.c.RepositoryConfigurationDelegate : Bootstrapping Spring Data JPA repositories in DEFAULT mode.
2026-05-21T20:32:56.814+05:30  INFO 4847 --- [Fraud-Management] [restartedMain] .s.d.r.c.RepositoryConfigurationDelegate : Finished Spring Data repository scanning in 141 ms. Found 6 JPA repository interfaces.
2026-05-21T20:32:57.048+05:30  INFO 4847 --- [Fraud-Management] [restartedMain] o.s.cloud.context.scope.GenericScope     : BeanFactory id=e20747d0-2e54-3449-808a-dad8cc159ac2
2026-05-21T20:32:57.671+05:30  INFO 4847 --- [Fraud-Management] [restartedMain] o.s.b.w.embedded.tomcat.TomcatWebServer  : Tomcat initialized with port 8082 (http)
2026-05-21T20:32:57.683+05:30  INFO 4847 --- [Fraud-Management] [restartedMain] o.apache.catalina.core.StandardService   : Starting service [Tomcat]
2026-05-21T20:32:57.684+05:30  INFO 4847 --- [Fraud-Management] [restartedMain] o.apache.catalina.core.StandardEngine    : Starting Servlet engine: [Apache Tomcat/10.1.39]
2026-05-21T20:32:57.731+05:30  INFO 4847 --- [Fraud-Management] [restartedMain] o.a.c.c.C.[Tomcat].[localhost].[/]       : Initializing Spring embedded WebApplicationContext
2026-05-21T20:32:57.732+05:30  INFO 4847 --- [Fraud-Management] [restartedMain] w.s.c.ServletWebServerApplicationContext : Root WebApplicationContext: initialization completed in 2110 ms
2026-05-21T20:32:58.029+05:30  INFO 4847 --- [Fraud-Management] [restartedMain] o.hibernate.jpa.internal.util.LogHelper  : HHH000204: Processing PersistenceUnitInfo [name: default]
2026-05-21T20:32:58.072+05:30  INFO 4847 --- [Fraud-Management] [restartedMain] org.hibernate.Version                    : HHH000412: Hibernate ORM core version 6.4.4.Final
2026-05-21T20:32:58.096+05:30  INFO 4847 --- [Fraud-Management] [restartedMain] o.h.c.internal.RegionFactoryInitiator    : HHH000026: Second-level cache disabled
2026-05-21T20:32:58.246+05:30  INFO 4847 --- [Fraud-Management] [restartedMain] o.s.o.j.p.SpringPersistenceUnitInfo      : No LoadTimeWeaver setup: ignoring JPA class transformer
2026-05-21T20:32:58.269+05:30  INFO 4847 --- [Fraud-Management] [restartedMain] com.zaxxer.hikari.HikariDataSource       : HikariPool-1 - Starting...
2026-05-21T20:32:58.350+05:30  INFO 4847 --- [Fraud-Management] [restartedMain] com.zaxxer.hikari.pool.HikariPool        : HikariPool-1 - Added connection org.postgresql.jdbc.PgConnection@4e7af001
2026-05-21T20:32:58.351+05:30  INFO 4847 --- [Fraud-Management] [restartedMain] com.zaxxer.hikari.HikariDataSource       : HikariPool-1 - Start completed.
2026-05-21T20:32:58.381+05:30  WARN 4847 --- [Fraud-Management] [restartedMain] org.hibernate.orm.deprecation            : HHH90000025: PostgreSQLDialect does not need to be specified explicitly using 'hibernate.dialect' (remove the property setting and it will be selected by default)
2026-05-21T20:32:58.858+05:30  INFO 4847 --- [Fraud-Management] [restartedMain] o.h.m.i.EntityInstantiatorPojoStandard   : HHH000182: No default (no-argument) constructor for class: com.fraud_detection.Fraud_Management.entity.Transaction (class must be instantiated by Interceptor)
2026-05-21T20:32:58.988+05:30  INFO 4847 --- [Fraud-Management] [restartedMain] o.h.e.t.j.p.i.JtaPlatformInitiator       : HHH000489: No JTA platform available (set 'hibernate.transaction.jta.platform' to enable JTA platform integration)
2026-05-21T20:32:59.056+05:30  INFO 4847 --- [Fraud-Management] [restartedMain] j.LocalContainerEntityManagerFactoryBean : Initialized JPA EntityManagerFactory for persistence unit 'default'
2026-05-21T20:32:59.775+05:30  WARN 4847 --- [Fraud-Management] [restartedMain] JpaBaseConfiguration$JpaWebConfiguration : spring.jpa.open-in-view is enabled by default. Therefore, database queries may be performed during view rendering. Explicitly configure spring.jpa.open-in-view to disable this warning
2026-05-21T20:33:00.532+05:30  WARN 4847 --- [Fraud-Management] [restartedMain] o.s.b.d.a.OptionalLiveReloadServer       : Unable to start LiveReload server
2026-05-21T20:33:00.561+05:30  INFO 4847 --- [Fraud-Management] [restartedMain] DiscoveryClientOptionalArgsConfiguration : Eureka HTTP Client uses RestTemplate.
2026-05-21T20:33:00.609+05:30  WARN 4847 --- [Fraud-Management] [restartedMain] iguration$LoadBalancerCaffeineWarnLogger : Spring Cloud LoadBalancer is currently working with the default cache. While this cache implementation is useful for development and tests, it's recommended to use Caffeine cache in production.You can switch to using Caffeine cache, by adding it and org.springframework.cache.caffeine.CaffeineCacheManager to the classpath.
2026-05-21T20:33:00.616+05:30  INFO 4847 --- [Fraud-Management] [restartedMain] o.s.b.a.e.web.EndpointLinksResolver      : Exposing 1 endpoint beneath base path '/actuator'
2026-05-21T20:33:00.684+05:30  INFO 4847 --- [Fraud-Management] [restartedMain] o.s.c.n.eureka.InstanceInfoFactory       : Setting initial instance status as: STARTING
2026-05-21T20:33:00.701+05:30  INFO 4847 --- [Fraud-Management] [restartedMain] com.netflix.discovery.DiscoveryClient    : Initializing Eureka in region us-east-1
2026-05-21T20:33:00.704+05:30  INFO 4847 --- [Fraud-Management] [restartedMain] c.n.d.s.r.aws.ConfigClusterResolver      : Resolving eureka endpoints via configuration
2026-05-21T20:33:00.709+05:30  INFO 4847 --- [Fraud-Management] [restartedMain] com.netflix.discovery.DiscoveryClient    : Disable delta property : false
2026-05-21T20:33:00.710+05:30  INFO 4847 --- [Fraud-Management] [restartedMain] com.netflix.discovery.DiscoveryClient    : Single vip registry refresh property : null
2026-05-21T20:33:00.710+05:30  INFO 4847 --- [Fraud-Management] [restartedMain] com.netflix.discovery.DiscoveryClient    : Force full registry fetch : false
2026-05-21T20:33:00.710+05:30  INFO 4847 --- [Fraud-Management] [restartedMain] com.netflix.discovery.DiscoveryClient    : Application is null : false
2026-05-21T20:33:00.710+05:30  INFO 4847 --- [Fraud-Management] [restartedMain] com.netflix.discovery.DiscoveryClient    : Registered Applications size is zero : true
2026-05-21T20:33:00.710+05:30  INFO 4847 --- [Fraud-Management] [restartedMain] com.netflix.discovery.DiscoveryClient    : Application version is -1: true
2026-05-21T20:33:00.710+05:30  INFO 4847 --- [Fraud-Management] [restartedMain] com.netflix.discovery.DiscoveryClient    : Getting all instance registry info from the eureka server
2026-05-21T20:33:01.008+05:30  INFO 4847 --- [Fraud-Management] [restartedMain] com.netflix.discovery.DiscoveryClient    : The response status is 200
2026-05-21T20:33:01.010+05:30  INFO 4847 --- [Fraud-Management] [restartedMain] com.netflix.discovery.DiscoveryClient    : Starting heartbeat executor: renew interval is: 30
2026-05-21T20:33:01.011+05:30  INFO 4847 --- [Fraud-Management] [restartedMain] c.n.discovery.InstanceInfoReplicator     : InstanceInfoReplicator onDemand update allowed rate per min is 4
2026-05-21T20:33:01.012+05:30  INFO 4847 --- [Fraud-Management] [restartedMain] com.netflix.discovery.DiscoveryClient    : Discovery Client initialized at timestamp 1779375781012 with initial instances count: 6
2026-05-21T20:33:01.019+05:30  INFO 4847 --- [Fraud-Management] [restartedMain] o.s.c.n.e.s.EurekaServiceRegistry        : Registering application FRAUD-MANAGEMENT with eureka with status UP
2026-05-21T20:33:01.019+05:30  INFO 4847 --- [Fraud-Management] [restartedMain] com.netflix.discovery.DiscoveryClient    : Saw local status change event StatusChangeEvent [timestamp=1779375781019, current=UP, previous=STARTING]
2026-05-21T20:33:01.020+05:30  INFO 4847 --- [Fraud-Management] [DiscoveryClient-InstanceInfoReplicator-%d] com.netflix.discovery.DiscoveryClient    : DiscoveryClient_FRAUD-MANAGEMENT/192.168.1.15:Fraud-Management:8082: registering service...
2026-05-21T20:33:01.038+05:30  INFO 4847 --- [Fraud-Management] [restartedMain] o.s.b.w.embedded.tomcat.TomcatWebServer  : Tomcat started on port 8082 (http) with context path '/'
2026-05-21T20:33:01.039+05:30  INFO 4847 --- [Fraud-Management] [restartedMain] .s.c.n.e.s.EurekaAutoServiceRegistration : Updating port to 8082
2026-05-21T20:33:01.058+05:30  INFO 4847 --- [Fraud-Management] [DiscoveryClient-InstanceInfoReplicator-%d] com.netflix.discovery.DiscoveryClient    : DiscoveryClient_FRAUD-MANAGEMENT/192.168.1.15:Fraud-Management:8082 - registration status: 204
2026-05-21T20:33:01.066+05:30  INFO 4847 --- [Fraud-Management] [restartedMain] c.f.F.FraudManagementApplication         : Started FraudManagementApplication in 6.461 seconds (process running for 7.153)
2026-05-21T20:35:03.371+05:30  INFO 4847 --- [Fraud-Management] [http-nio-8082-exec-1] o.a.c.c.C.[Tomcat].[localhost].[/]       : Initializing Spring DispatcherServlet 'dispatcherServlet'
2026-05-21T20:35:03.372+05:30  INFO 4847 --- [Fraud-Management] [http-nio-8082-exec-1] o.s.web.servlet.DispatcherServlet        : Initializing Servlet 'dispatcherServlet'
2026-05-21T20:35:03.376+05:30  INFO 4847 --- [Fraud-Management] [http-nio-8082-exec-1] o.s.web.servlet.DispatcherServlet        : Completed initialization in 4 ms
2026-05-21T20:35:03.427+05:30  INFO 4847 --- [Fraud-Management] [http-nio-8082-exec-1] c.f.F.Kafka.TransactionProducer          : Processing transaction: com.fraud_detection.Fraud_Management.DTO.TransactionDTO@3f50fe49
2026-05-21T20:35:03.700+05:30  INFO 4847 --- [Fraud-Management] [http-nio-8082-exec-1] o.a.k.clients.producer.ProducerConfig    : ProducerConfig values: 
	acks = -1
	auto.include.jmx.reporter = true
	batch.size = 16384
	bootstrap.servers = [localhost:9092]
	buffer.memory = 33554432
	client.dns.lookup = use_all_dns_ips
	client.id = Fraud-Management-producer-1
	compression.type = none
	connections.max.idle.ms = 540000
	delivery.timeout.ms = 120000
	enable.idempotence = true
	enable.metrics.push = true
	interceptor.classes = []
	key.serializer = class org.apache.kafka.common.serialization.StringSerializer
	linger.ms = 0
	max.block.ms = 60000
	max.in.flight.requests.per.connection = 5
	max.request.size = 1048576
	metadata.max.age.ms = 300000
	metadata.max.idle.ms = 300000
	metric.reporters = []
	metrics.num.samples = 2
	metrics.recording.level = INFO
	metrics.sample.window.ms = 30000
	partitioner.adaptive.partitioning.enable = true
	partitioner.availability.timeout.ms = 0
	partitioner.class = null
	partitioner.ignore.keys = false
	receive.buffer.bytes = 32768
	reconnect.backoff.max.ms = 1000
	reconnect.backoff.ms = 50
	request.timeout.ms = 30000
	retries = 2147483647
	retry.backoff.max.ms = 1000
	retry.backoff.ms = 100
	sasl.client.callback.handler.class = null
	sasl.jaas.config = null
	sasl.kerberos.kinit.cmd = /usr/bin/kinit
	sasl.kerberos.min.time.before.relogin = 60000
	sasl.kerberos.service.name = null
	sasl.kerberos.ticket.renew.jitter = 0.05
	sasl.kerberos.ticket.renew.window.factor = 0.8
	sasl.login.callback.handler.class = null
	sasl.login.class = null
	sasl.login.connect.timeout.ms = null
	sasl.login.read.timeout.ms = null
	sasl.login.refresh.buffer.seconds = 300
	sasl.login.refresh.min.period.seconds = 60
	sasl.login.refresh.window.factor = 0.8
	sasl.login.refresh.window.jitter = 0.05
	sasl.login.retry.backoff.max.ms = 10000
	sasl.login.retry.backoff.ms = 100
	sasl.mechanism = GSSAPI
	sasl.oauthbearer.clock.skew.seconds = 30
	sasl.oauthbearer.expected.audience = null
	sasl.oauthbearer.expected.issuer = null
	sasl.oauthbearer.jwks.endpoint.refresh.ms = 3600000
	sasl.oauthbearer.jwks.endpoint.retry.backoff.max.ms = 10000
	sasl.oauthbearer.jwks.endpoint.retry.backoff.ms = 100
	sasl.oauthbearer.jwks.endpoint.url = null
	sasl.oauthbearer.scope.claim.name = scope
	sasl.oauthbearer.sub.claim.name = sub
	sasl.oauthbearer.token.endpoint.url = null
	security.protocol = PLAINTEXT
	security.providers = null
	send.buffer.bytes = 131072
	socket.connection.setup.timeout.max.ms = 30000
	socket.connection.setup.timeout.ms = 10000
	ssl.cipher.suites = null
	ssl.enabled.protocols = [TLSv1.2, TLSv1.3]
	ssl.endpoint.identification.algorithm = https
	ssl.engine.factory.class = null
	ssl.key.password = null
	ssl.keymanager.algorithm = SunX509
	ssl.keystore.certificate.chain = null
	ssl.keystore.key = null
	ssl.keystore.location = null
	ssl.keystore.password = null
	ssl.keystore.type = JKS
	ssl.protocol = TLSv1.3
	ssl.provider = null
	ssl.secure.random.implementation = null
	ssl.trustmanager.algorithm = PKIX
	ssl.truststore.certificates = null
	ssl.truststore.location = null
	ssl.truststore.password = null
	ssl.truststore.type = JKS
	transaction.timeout.ms = 60000
	transactional.id = null
	value.serializer = class org.springframework.kafka.support.serializer.JsonSerializer

2026-05-21T20:35:03.741+05:30  INFO 4847 --- [Fraud-Management] [http-nio-8082-exec-1] o.a.k.c.t.i.KafkaMetricsCollector        : initializing Kafka metrics collector
2026-05-21T20:35:03.760+05:30  INFO 4847 --- [Fraud-Management] [http-nio-8082-exec-1] o.a.k.clients.producer.KafkaProducer     : [Producer clientId=Fraud-Management-producer-1] Instantiated an idempotent producer.
2026-05-21T20:35:03.823+05:30 DEBUG 4847 --- [Fraud-Management] [kafka-producer-network-thread | Fraud-Management-producer-1] o.a.k.clients.producer.internals.Sender  : [Producer clientId=Fraud-Management-producer-1] Starting Kafka producer I/O thread.
2026-05-21T20:35:03.825+05:30 DEBUG 4847 --- [Fraud-Management] [kafka-producer-network-thread | Fraud-Management-producer-1] o.a.k.c.p.internals.TransactionManager   : [Producer clientId=Fraud-Management-producer-1] Transition from state UNINITIALIZED to INITIALIZING
2026-05-21T20:35:03.825+05:30  INFO 4847 --- [Fraud-Management] [http-nio-8082-exec-1] o.a.kafka.common.utils.AppInfoParser     : Kafka version: 3.7.0
2026-05-21T20:35:03.825+05:30  INFO 4847 --- [Fraud-Management] [http-nio-8082-exec-1] o.a.kafka.common.utils.AppInfoParser     : Kafka commitId: 2ae524ed625438c5
2026-05-21T20:35:03.825+05:30  INFO 4847 --- [Fraud-Management] [http-nio-8082-exec-1] o.a.kafka.common.utils.AppInfoParser     : Kafka startTimeMs: 1779375903823
2026-05-21T20:35:03.830+05:30 DEBUG 4847 --- [Fraud-Management] [http-nio-8082-exec-1] o.a.k.clients.producer.KafkaProducer     : [Producer clientId=Fraud-Management-producer-1] Kafka producer started
2026-05-21T20:35:03.832+05:30 DEBUG 4847 --- [Fraud-Management] [http-nio-8082-exec-1] o.s.k.core.DefaultKafkaProducerFactory   : Created new Producer: CloseSafeProducer [delegate=org.apache.kafka.clients.producer.KafkaProducer@6f55fc7c]
2026-05-21T20:35:04.031+05:30 DEBUG 4847 --- [Fraud-Management] [kafka-producer-network-thread | Fraud-Management-producer-1] o.a.k.c.p.internals.TransactionManager   : [Producer clientId=Fraud-Management-producer-1] Enqueuing transactional request InitProducerIdRequestData(transactionalId=null, transactionTimeoutMs=2147483647, producerId=-1, producerEpoch=-1)
2026-05-21T20:35:04.031+05:30 DEBUG 4847 --- [Fraud-Management] [kafka-producer-network-thread | Fraud-Management-producer-1] org.apache.kafka.clients.NetworkClient   : [Producer clientId=Fraud-Management-producer-1] Initialize connection to node localhost:9092 (id: -1 rack: null) for sending metadata request
2026-05-21T20:35:04.032+05:30 DEBUG 4847 --- [Fraud-Management] [kafka-producer-network-thread | Fraud-Management-producer-1] org.apache.kafka.clients.ClientUtils     : Resolved host localhost as 127.0.0.1
2026-05-21T20:35:04.032+05:30 DEBUG 4847 --- [Fraud-Management] [kafka-producer-network-thread | Fraud-Management-producer-1] o.a.k.clients.ClusterConnectionStates    : [Producer clientId=Fraud-Management-producer-1] Resolved host localhost to addresses [localhost/127.0.0.1]
2026-05-21T20:35:04.033+05:30 DEBUG 4847 --- [Fraud-Management] [kafka-producer-network-thread | Fraud-Management-producer-1] org.apache.kafka.clients.NetworkClient   : [Producer clientId=Fraud-Management-producer-1] Initiating connection to node localhost:9092 (id: -1 rack: null) using address localhost/127.0.0.1
2026-05-21T20:35:04.039+05:30 DEBUG 4847 --- [Fraud-Management] [kafka-producer-network-thread | Fraud-Management-producer-1] o.apache.kafka.common.network.Selector   : [Producer clientId=Fraud-Management-producer-1] Created socket with SO_RCVBUF = 326640, SO_SNDBUF = 146988, SO_TIMEOUT = 0 to node -1
2026-05-21T20:35:04.040+05:30 DEBUG 4847 --- [Fraud-Management] [kafka-producer-network-thread | Fraud-Management-producer-1] org.apache.kafka.clients.NetworkClient   : [Producer clientId=Fraud-Management-producer-1] Completed connection to node -1. Fetching API versions.
2026-05-21T20:35:04.041+05:30 DEBUG 4847 --- [Fraud-Management] [kafka-producer-network-thread | Fraud-Management-producer-1] org.apache.kafka.clients.NetworkClient   : [Producer clientId=Fraud-Management-producer-1] Initiating API versions fetch from node -1.
2026-05-21T20:35:04.062+05:30 DEBUG 4847 --- [Fraud-Management] [kafka-producer-network-thread | Fraud-Management-producer-1] org.apache.kafka.clients.NetworkClient   : [Producer clientId=Fraud-Management-producer-1] Sending API_VERSIONS request with header RequestHeader(apiKey=API_VERSIONS, apiVersion=3, clientId=Fraud-Management-producer-1, correlationId=0, headerVersion=2) and timeout 30000 to node -1: ApiVersionsRequestData(clientSoftwareName='apache-kafka-java', clientSoftwareVersion='3.7.0')
2026-05-21T20:35:04.089+05:30 DEBUG 4847 --- [Fraud-Management] [kafka-producer-network-thread | Fraud-Management-producer-1] org.apache.kafka.clients.NetworkClient   : [Producer clientId=Fraud-Management-producer-1] Received API_VERSIONS response from node -1 for request with header RequestHeader(apiKey=API_VERSIONS, apiVersion=3, clientId=Fraud-Management-producer-1, correlationId=0, headerVersion=2): ApiVersionsResponseData(errorCode=0, apiKeys=[ApiVersion(apiKey=0, minVersion=0, maxVersion=10), ApiVersion(apiKey=1, minVersion=0, maxVersion=16), ApiVersion(apiKey=2, minVersion=0, maxVersion=8), ApiVersion(apiKey=3, minVersion=0, maxVersion=12), ApiVersion(apiKey=4, minVersion=0, maxVersion=7), ApiVersion(apiKey=5, minVersion=0, maxVersion=4), ApiVersion(apiKey=6, minVersion=0, maxVersion=8), ApiVersion(apiKey=7, minVersion=0, maxVersion=3), ApiVersion(apiKey=8, minVersion=0, maxVersion=9), ApiVersion(apiKey=9, minVersion=0, maxVersion=9), ApiVersion(apiKey=10, minVersion=0, maxVersion=4), ApiVersion(apiKey=11, minVersion=0, maxVersion=9), ApiVersion(apiKey=12, minVersion=0, maxVersion=4), ApiVersion(apiKey=13, minVersion=0, maxVersion=5), ApiVersion(apiKey=14, minVersion=0, maxVersion=5), ApiVersion(apiKey=15, minVersion=0, maxVersion=5), ApiVersion(apiKey=16, minVersion=0, maxVersion=4), ApiVersion(apiKey=17, minVersion=0, maxVersion=1), ApiVersion(apiKey=18, minVersion=0, maxVersion=3), ApiVersion(apiKey=19, minVersion=0, maxVersion=7), ApiVersion(apiKey=20, minVersion=0, maxVersion=6), ApiVersion(apiKey=21, minVersion=0, maxVersion=2), ApiVersion(apiKey=22, minVersion=0, maxVersion=4), ApiVersion(apiKey=23, minVersion=0, maxVersion=4), ApiVersion(apiKey=24, minVersion=0, maxVersion=4), ApiVersion(apiKey=25, minVersion=0, maxVersion=3), ApiVersion(apiKey=26, minVersion=0, maxVersion=3), ApiVersion(apiKey=27, minVersion=0, maxVersion=1), ApiVersion(apiKey=28, minVersion=0, maxVersion=3), ApiVersion(apiKey=29, minVersion=0, maxVersion=3), ApiVersion(apiKey=30, minVersion=0, maxVersion=3), ApiVersion(apiKey=31, minVersion=0, maxVersion=3), ApiVersion(apiKey=32, minVersion=0, maxVersion=4), ApiVersion(apiKey=33, minVersion=0, maxVersion=2), ApiVersion(apiKey=34, minVersion=0, maxVersion=2), ApiVersion(apiKey=35, minVersion=0, maxVersion=4), ApiVersion(apiKey=36, minVersion=0, maxVersion=2), ApiVersion(apiKey=37, minVersion=0, maxVersion=3), ApiVersion(apiKey=38, minVersion=0, maxVersion=3), ApiVersion(apiKey=39, minVersion=0, maxVersion=2), ApiVersion(apiKey=40, minVersion=0, maxVersion=2), ApiVersion(apiKey=41, minVersion=0, maxVersion=3), ApiVersion(apiKey=42, minVersion=0, maxVersion=2), ApiVersion(apiKey=43, minVersion=0, maxVersion=2), ApiVersion(apiKey=44, minVersion=0, maxVersion=1), ApiVersion(apiKey=45, minVersion=0, maxVersion=0), ApiVersion(apiKey=46, minVersion=0, maxVersion=0), ApiVersion(apiKey=47, minVersion=0, maxVersion=0), ApiVersion(apiKey=48, minVersion=0, maxVersion=1), ApiVersion(apiKey=49, minVersion=0, maxVersion=1), ApiVersion(apiKey=50, minVersion=0, maxVersion=0), ApiVersion(apiKey=51, minVersion=0, maxVersion=0), ApiVersion(apiKey=56, minVersion=0, maxVersion=3), ApiVersion(apiKey=57, minVersion=0, maxVersion=1), ApiVersion(apiKey=58, minVersion=0, maxVersion=0), ApiVersion(apiKey=60, minVersion=0, maxVersion=1), ApiVersion(apiKey=61, minVersion=0, maxVersion=0), ApiVersion(apiKey=65, minVersion=0, maxVersion=0), ApiVersion(apiKey=66, minVersion=0, maxVersion=0), ApiVersion(apiKey=67, minVersion=0, maxVersion=0), ApiVersion(apiKey=68, minVersion=0, maxVersion=0)], throttleTimeMs=0, supportedFeatures=[], finalizedFeaturesEpoch=0, finalizedFeatures=[], zkMigrationReady=false)
2026-05-21T20:35:04.115+05:30 DEBUG 4847 --- [Fraud-Management] [kafka-producer-network-thread | Fraud-Management-producer-1] org.apache.kafka.clients.NetworkClient   : [Producer clientId=Fraud-Management-producer-1] Node -1 has finalized features epoch: 0, finalized features: [], supported features: [], ZK migration ready: false, API versions: (Produce(0): 0 to 10 [usable: 10], Fetch(1): 0 to 16 [usable: 16], ListOffsets(2): 0 to 8 [usable: 8], Metadata(3): 0 to 12 [usable: 12], LeaderAndIsr(4): 0 to 7 [usable: 7], StopReplica(5): 0 to 4 [usable: 4], UpdateMetadata(6): 0 to 8 [usable: 8], ControlledShutdown(7): 0 to 3 [usable: 3], OffsetCommit(8): 0 to 9 [usable: 9], OffsetFetch(9): 0 to 9 [usable: 9], FindCoordinator(10): 0 to 4 [usable: 4], JoinGroup(11): 0 to 9 [usable: 9], Heartbeat(12): 0 to 4 [usable: 4], LeaveGroup(13): 0 to 5 [usable: 5], SyncGroup(14): 0 to 5 [usable: 5], DescribeGroups(15): 0 to 5 [usable: 5], ListGroups(16): 0 to 4 [usable: 4], SaslHandshake(17): 0 to 1 [usable: 1], ApiVersions(18): 0 to 3 [usable: 3], CreateTopics(19): 0 to 7 [usable: 7], DeleteTopics(20): 0 to 6 [usable: 6], DeleteRecords(21): 0 to 2 [usable: 2], InitProducerId(22): 0 to 4 [usable: 4], OffsetForLeaderEpoch(23): 0 to 4 [usable: 4], AddPartitionsToTxn(24): 0 to 4 [usable: 4], AddOffsetsToTxn(25): 0 to 3 [usable: 3], EndTxn(26): 0 to 3 [usable: 3], WriteTxnMarkers(27): 0 to 1 [usable: 1], TxnOffsetCommit(28): 0 to 3 [usable: 3], DescribeAcls(29): 0 to 3 [usable: 3], CreateAcls(30): 0 to 3 [usable: 3], DeleteAcls(31): 0 to 3 [usable: 3], DescribeConfigs(32): 0 to 4 [usable: 4], AlterConfigs(33): 0 to 2 [usable: 2], AlterReplicaLogDirs(34): 0 to 2 [usable: 2], DescribeLogDirs(35): 0 to 4 [usable: 4], SaslAuthenticate(36): 0 to 2 [usable: 2], CreatePartitions(37): 0 to 3 [usable: 3], CreateDelegationToken(38): 0 to 3 [usable: 3], RenewDelegationToken(39): 0 to 2 [usable: 2], ExpireDelegationToken(40): 0 to 2 [usable: 2], DescribeDelegationToken(41): 0 to 3 [usable: 3], DeleteGroups(42): 0 to 2 [usable: 2], ElectLeaders(43): 0 to 2 [usable: 2], IncrementalAlterConfigs(44): 0 to 1 [usable: 1], AlterPartitionReassignments(45): 0 [usable: 0], ListPartitionReassignments(46): 0 [usable: 0], OffsetDelete(47): 0 [usable: 0], DescribeClientQuotas(48): 0 to 1 [usable: 1], AlterClientQuotas(49): 0 to 1 [usable: 1], DescribeUserScramCredentials(50): 0 [usable: 0], AlterUserScramCredentials(51): 0 [usable: 0], DescribeQuorum(55): UNSUPPORTED, AlterPartition(56): 0 to 3 [usable: 3], UpdateFeatures(57): 0 to 1 [usable: 1], Envelope(58): 0 [usable: 0], DescribeCluster(60): 0 to 1 [usable: 1], DescribeProducers(61): 0 [usable: 0], UnregisterBroker(64): UNSUPPORTED, DescribeTransactions(65): 0 [usable: 0], ListTransactions(66): 0 [usable: 0], AllocateProducerIds(67): 0 [usable: 0], ConsumerGroupHeartbeat(68): 0 [usable: 0], ConsumerGroupDescribe(69): UNSUPPORTED, GetTelemetrySubscriptions(71): UNSUPPORTED, PushTelemetry(72): UNSUPPORTED, ListClientMetricsResources(74): UNSUPPORTED).
2026-05-21T20:35:04.116+05:30 DEBUG 4847 --- [Fraud-Management] [kafka-producer-network-thread | Fraud-Management-producer-1] org.apache.kafka.clients.NetworkClient   : [Producer clientId=Fraud-Management-producer-1] Sending metadata request MetadataRequestData(topics=[MetadataRequestTopic(topicId=AAAAAAAAAAAAAAAAAAAAAA, name='notification')], allowAutoTopicCreation=true, includeClusterAuthorizedOperations=false, includeTopicAuthorizedOperations=false) to node localhost:9092 (id: -1 rack: null)
2026-05-21T20:35:04.117+05:30 DEBUG 4847 --- [Fraud-Management] [kafka-producer-network-thread | Fraud-Management-producer-1] org.apache.kafka.clients.NetworkClient   : [Producer clientId=Fraud-Management-producer-1] Sending METADATA request with header RequestHeader(apiKey=METADATA, apiVersion=12, clientId=Fraud-Management-producer-1, correlationId=1, headerVersion=2) and timeout 30000 to node -1: MetadataRequestData(topics=[MetadataRequestTopic(topicId=AAAAAAAAAAAAAAAAAAAAAA, name='notification')], allowAutoTopicCreation=true, includeClusterAuthorizedOperations=false, includeTopicAuthorizedOperations=false)
2026-05-21T20:35:04.117+05:30 DEBUG 4847 --- [Fraud-Management] [kafka-producer-network-thread | Fraud-Management-producer-1] org.apache.kafka.clients.NetworkClient   : [Producer clientId=Fraud-Management-producer-1] Give up sending telemetry request since no node is available
2026-05-21T20:35:04.117+05:30 DEBUG 4847 --- [Fraud-Management] [kafka-producer-network-thread | Fraud-Management-producer-1] o.a.k.clients.producer.internals.Sender  : [Producer clientId=Fraud-Management-producer-1] Sending transactional request InitProducerIdRequestData(transactionalId=null, transactionTimeoutMs=2147483647, producerId=-1, producerEpoch=-1) to node localhost:9092 (id: -1 rack: null) with correlation ID 2
2026-05-21T20:35:04.118+05:30 DEBUG 4847 --- [Fraud-Management] [kafka-producer-network-thread | Fraud-Management-producer-1] org.apache.kafka.clients.NetworkClient   : [Producer clientId=Fraud-Management-producer-1] Sending INIT_PRODUCER_ID request with header RequestHeader(apiKey=INIT_PRODUCER_ID, apiVersion=4, clientId=Fraud-Management-producer-1, correlationId=2, headerVersion=2) and timeout 30000 to node -1: InitProducerIdRequestData(transactionalId=null, transactionTimeoutMs=2147483647, producerId=-1, producerEpoch=-1)
2026-05-21T20:35:04.118+05:30 DEBUG 4847 --- [Fraud-Management] [kafka-producer-network-thread | Fraud-Management-producer-1] org.apache.kafka.clients.NetworkClient   : [Producer clientId=Fraud-Management-producer-1] Give up sending telemetry request since no node is available
2026-05-21T20:35:04.118+05:30 DEBUG 4847 --- [Fraud-Management] [kafka-producer-network-thread | Fraud-Management-producer-1] o.a.k.c.t.i.ClientTelemetryReporter      : Creating telemetry subscription request with client instance id AAAAAAAAAAAAAAAAAAAAAA
2026-05-21T20:35:04.118+05:30 DEBUG 4847 --- [Fraud-Management] [kafka-producer-network-thread | Fraud-Management-producer-1] o.a.k.c.t.i.ClientTelemetryReporter      : Setting telemetry state from SUBSCRIPTION_NEEDED to SUBSCRIPTION_IN_PROGRESS
2026-05-21T20:35:04.118+05:30 DEBUG 4847 --- [Fraud-Management] [kafka-producer-network-thread | Fraud-Management-producer-1] org.apache.kafka.clients.NetworkClient   : [Producer clientId=Fraud-Management-producer-1] Version mismatch when attempting to send GetTelemetrySubscriptionsRequestData(clientInstanceId=AAAAAAAAAAAAAAAAAAAAAA) with correlation id 3 to -1

org.apache.kafka.common.errors.UnsupportedVersionException: The node does not support GET_TELEMETRY_SUBSCRIPTIONS

2026-05-21T20:35:04.121+05:30 DEBUG 4847 --- [Fraud-Management] [kafka-producer-network-thread | Fraud-Management-producer-1] o.a.k.c.t.i.ClientTelemetryReporter      : The broker generated an error for the get telemetry network API request

org.apache.kafka.common.errors.UnsupportedVersionException: The node does not support GET_TELEMETRY_SUBSCRIPTIONS

2026-05-21T20:35:04.122+05:30 DEBUG 4847 --- [Fraud-Management] [kafka-producer-network-thread | Fraud-Management-producer-1] o.a.k.c.t.i.ClientTelemetryReporter      : Updating intervalMs: 300000, lastRequestMs: 1779375904122
2026-05-21T20:35:04.122+05:30 DEBUG 4847 --- [Fraud-Management] [kafka-producer-network-thread | Fraud-Management-producer-1] o.a.k.c.t.i.ClientTelemetryReporter      : Setting telemetry state from SUBSCRIPTION_IN_PROGRESS to SUBSCRIPTION_NEEDED
2026-05-21T20:35:04.123+05:30 DEBUG 4847 --- [Fraud-Management] [kafka-producer-network-thread | Fraud-Management-producer-1] org.apache.kafka.clients.NetworkClient   : [Producer clientId=Fraud-Management-producer-1] Received METADATA response from node -1 for request with header RequestHeader(apiKey=METADATA, apiVersion=12, clientId=Fraud-Management-producer-1, correlationId=1, headerVersion=2): MetadataResponseData(throttleTimeMs=0, brokers=[MetadataResponseBroker(nodeId=0, host='192.168.1.15', port=9092, rack=null)], clusterId='9YJeH9LiQPabFK2-ohTFOA', controllerId=0, topics=[MetadataResponseTopic(errorCode=0, name='notification', topicId=DyxN5cIIS-KuhaJQv1O9gw, isInternal=false, partitions=[MetadataResponsePartition(errorCode=0, partitionIndex=0, leaderId=0, leaderEpoch=0, replicaNodes=[0], isrNodes=[0], offlineReplicas=[])], topicAuthorizedOperations=-2147483648)], clusterAuthorizedOperations=-2147483648)
2026-05-21T20:35:04.126+05:30 DEBUG 4847 --- [Fraud-Management] [kafka-producer-network-thread | Fraud-Management-producer-1] org.apache.kafka.clients.Metadata        : [Producer clientId=Fraud-Management-producer-1] Setting the last seen epoch of partition notification-0 to 0 since the last known epoch was undefined.
2026-05-21T20:35:04.127+05:30  INFO 4847 --- [Fraud-Management] [kafka-producer-network-thread | Fraud-Management-producer-1] org.apache.kafka.clients.Metadata        : [Producer clientId=Fraud-Management-producer-1] Cluster ID: 9YJeH9LiQPabFK2-ohTFOA
2026-05-21T20:35:04.127+05:30 DEBUG 4847 --- [Fraud-Management] [kafka-producer-network-thread | Fraud-Management-producer-1] org.apache.kafka.clients.Metadata        : [Producer clientId=Fraud-Management-producer-1] Updated cluster metadata updateVersion 2 to MetadataCache{clusterId='9YJeH9LiQPabFK2-ohTFOA', nodes={0=192.168.1.15:9092 (id: 0 rack: null)}, partitions=[PartitionMetadata(error=NONE, partition=notification-0, leader=Optional[0], leaderEpoch=Optional[0], replicas=0, isr=0, offlineReplicas=)], controller=192.168.1.15:9092 (id: 0 rack: null)}
2026-05-21T20:35:04.128+05:30 DEBUG 4847 --- [Fraud-Management] [kafka-producer-network-thread | Fraud-Management-producer-1] org.apache.kafka.clients.NetworkClient   : [Producer clientId=Fraud-Management-producer-1] Received INIT_PRODUCER_ID response from node -1 for request with header RequestHeader(apiKey=INIT_PRODUCER_ID, apiVersion=4, clientId=Fraud-Management-producer-1, correlationId=2, headerVersion=2): InitProducerIdResponseData(throttleTimeMs=0, errorCode=0, producerId=3, producerEpoch=0)
2026-05-21T20:35:04.128+05:30  INFO 4847 --- [Fraud-Management] [kafka-producer-network-thread | Fraud-Management-producer-1] o.a.k.c.p.internals.TransactionManager   : [Producer clientId=Fraud-Management-producer-1] ProducerId set to 3 with epoch 0
2026-05-21T20:35:04.128+05:30 DEBUG 4847 --- [Fraud-Management] [kafka-producer-network-thread | Fraud-Management-producer-1] o.a.k.c.p.internals.TransactionManager   : [Producer clientId=Fraud-Management-producer-1] Transition from state INITIALIZING to READY
2026-05-21T20:35:04.139+05:30  INFO 4847 --- [Fraud-Management] [http-nio-8082-exec-1] c.f.F.Kafka.TransactionProducer          : Notification sent for transaction ID: 809301b6-21e5-4c47-b726-3ecfa9cd578f
2026-05-21T20:35:04.140+05:30  INFO 4847 --- [Fraud-Management] [http-nio-8082-exec-1] c.f.F.Kafka.TransactionProducer          : Transaction evaluation result: VALID
2026-05-21T20:35:04.140+05:30 DEBUG 4847 --- [Fraud-Management] [kafka-producer-network-thread | Fraud-Management-producer-1] org.apache.kafka.clients.ClientUtils     : Resolved host 192.168.1.15 as 192.168.1.15
2026-05-21T20:35:04.141+05:30 DEBUG 4847 --- [Fraud-Management] [kafka-producer-network-thread | Fraud-Management-producer-1] o.a.k.clients.ClusterConnectionStates    : [Producer clientId=Fraud-Management-producer-1] Resolved host 192.168.1.15 to addresses [/192.168.1.15]
2026-05-21T20:35:04.141+05:30 DEBUG 4847 --- [Fraud-Management] [kafka-producer-network-thread | Fraud-Management-producer-1] org.apache.kafka.clients.NetworkClient   : [Producer clientId=Fraud-Management-producer-1] Initiating connection to node 192.168.1.15:9092 (id: 0 rack: null) using address /192.168.1.15
2026-05-21T20:35:04.141+05:30  INFO 4847 --- [Fraud-Management] [http-nio-8082-exec-1] o.a.k.clients.producer.ProducerConfig    : ProducerConfig values: 
	acks = -1
	auto.include.jmx.reporter = true
	batch.size = 16384
	bootstrap.servers = [localhost:9092]
	buffer.memory = 33554432
	client.dns.lookup = use_all_dns_ips
	client.id = Fraud-Management-producer-1
	compression.type = none
	connections.max.idle.ms = 540000
	delivery.timeout.ms = 120000
	enable.idempotence = true
	enable.metrics.push = true
	interceptor.classes = []
	key.serializer = class org.apache.kafka.common.serialization.StringSerializer
	linger.ms = 0
	max.block.ms = 60000
	max.in.flight.requests.per.connection = 5
	max.request.size = 1048576
	metadata.max.age.ms = 300000
	metadata.max.idle.ms = 300000
	metric.reporters = []
	metrics.num.samples = 2
	metrics.recording.level = INFO
	metrics.sample.window.ms = 30000
	partitioner.adaptive.partitioning.enable = true
	partitioner.availability.timeout.ms = 0
	partitioner.class = null
	partitioner.ignore.keys = false
	receive.buffer.bytes = 32768
	reconnect.backoff.max.ms = 1000
	reconnect.backoff.ms = 50
	request.timeout.ms = 30000
	retries = 2147483647
	retry.backoff.max.ms = 1000
	retry.backoff.ms = 100
	sasl.client.callback.handler.class = null
	sasl.jaas.config = null
	sasl.kerberos.kinit.cmd = /usr/bin/kinit
	sasl.kerberos.min.time.before.relogin = 60000
	sasl.kerberos.service.name = null
	sasl.kerberos.ticket.renew.jitter = 0.05
	sasl.kerberos.ticket.renew.window.factor = 0.8
	sasl.login.callback.handler.class = null
	sasl.login.class = null
	sasl.login.connect.timeout.ms = null
	sasl.login.read.timeout.ms = null
	sasl.login.refresh.buffer.seconds = 300
	sasl.login.refresh.min.period.seconds = 60
	sasl.login.refresh.window.factor = 0.8
	sasl.login.refresh.window.jitter = 0.05
	sasl.login.retry.backoff.max.ms = 10000
	sasl.login.retry.backoff.ms = 100
	sasl.mechanism = GSSAPI
	sasl.oauthbearer.clock.skew.seconds = 30
	sasl.oauthbearer.expected.audience = null
	sasl.oauthbearer.expected.issuer = null
	sasl.oauthbearer.jwks.endpoint.refresh.ms = 3600000
	sasl.oauthbearer.jwks.endpoint.retry.backoff.max.ms = 10000
	sasl.oauthbearer.jwks.endpoint.retry.backoff.ms = 100
	sasl.oauthbearer.jwks.endpoint.url = null
	sasl.oauthbearer.scope.claim.name = scope
	sasl.oauthbearer.sub.claim.name = sub
	sasl.oauthbearer.token.endpoint.url = null
	security.protocol = PLAINTEXT
	security.providers = null
	send.buffer.bytes = 131072
	socket.connection.setup.timeout.max.ms = 30000
	socket.connection.setup.timeout.ms = 10000
	ssl.cipher.suites = null
	ssl.enabled.protocols = [TLSv1.2, TLSv1.3]
	ssl.endpoint.identification.algorithm = https
	ssl.engine.factory.class = null
	ssl.key.password = null
	ssl.keymanager.algorithm = SunX509
	ssl.keystore.certificate.chain = null
	ssl.keystore.key = null
	ssl.keystore.location = null
	ssl.keystore.password = null
	ssl.keystore.type = JKS
	ssl.protocol = TLSv1.3
	ssl.provider = null
	ssl.secure.random.implementation = null
	ssl.trustmanager.algorithm = PKIX
	ssl.truststore.certificates = null
	ssl.truststore.location = null
	ssl.truststore.password = null
	ssl.truststore.type = JKS
	transaction.timeout.ms = 60000
	transactional.id = null
	value.serializer = class org.springframework.kafka.support.serializer.JsonSerializer

2026-05-21T20:35:04.142+05:30  INFO 4847 --- [Fraud-Management] [http-nio-8082-exec-1] o.a.k.c.t.i.KafkaMetricsCollector        : initializing Kafka metrics collector
2026-05-21T20:35:04.143+05:30  INFO 4847 --- [Fraud-Management] [http-nio-8082-exec-1] o.a.k.clients.producer.KafkaProducer     : [Producer clientId=Fraud-Management-producer-1] Instantiated an idempotent producer.
2026-05-21T20:35:04.143+05:30 DEBUG 4847 --- [Fraud-Management] [kafka-producer-network-thread | Fraud-Management-producer-1] o.apache.kafka.common.network.Selector   : [Producer clientId=Fraud-Management-producer-1] Created socket with SO_RCVBUF = 310308, SO_SNDBUF = 146988, SO_TIMEOUT = 0 to node 0
2026-05-21T20:35:04.143+05:30 DEBUG 4847 --- [Fraud-Management] [kafka-producer-network-thread | Fraud-Management-producer-1] org.apache.kafka.clients.NetworkClient   : [Producer clientId=Fraud-Management-producer-1] Completed connection to node 0. Fetching API versions.
2026-05-21T20:35:04.143+05:30 DEBUG 4847 --- [Fraud-Management] [kafka-producer-network-thread | Fraud-Management-producer-1] org.apache.kafka.clients.NetworkClient   : [Producer clientId=Fraud-Management-producer-1] Initiating API versions fetch from node 0.
2026-05-21T20:35:04.143+05:30 DEBUG 4847 --- [Fraud-Management] [kafka-producer-network-thread | Fraud-Management-producer-1] org.apache.kafka.clients.NetworkClient   : [Producer clientId=Fraud-Management-producer-1] Sending API_VERSIONS request with header RequestHeader(apiKey=API_VERSIONS, apiVersion=3, clientId=Fraud-Management-producer-1, correlationId=4, headerVersion=2) and timeout 30000 to node 0: ApiVersionsRequestData(clientSoftwareName='apache-kafka-java', clientSoftwareVersion='3.7.0')
2026-05-21T20:35:04.146+05:30 DEBUG 4847 --- [Fraud-Management] [kafka-producer-network-thread | Fraud-Management-producer-1] org.apache.kafka.clients.NetworkClient   : [Producer clientId=Fraud-Management-producer-1] Received API_VERSIONS response from node 0 for request with header RequestHeader(apiKey=API_VERSIONS, apiVersion=3, clientId=Fraud-Management-producer-1, correlationId=4, headerVersion=2): ApiVersionsResponseData(errorCode=0, apiKeys=[ApiVersion(apiKey=0, minVersion=0, maxVersion=10), ApiVersion(apiKey=1, minVersion=0, maxVersion=16), ApiVersion(apiKey=2, minVersion=0, maxVersion=8), ApiVersion(apiKey=3, minVersion=0, maxVersion=12), ApiVersion(apiKey=4, minVersion=0, maxVersion=7), ApiVersion(apiKey=5, minVersion=0, maxVersion=4), ApiVersion(apiKey=6, minVersion=0, maxVersion=8), ApiVersion(apiKey=7, minVersion=0, maxVersion=3), ApiVersion(apiKey=8, minVersion=0, maxVersion=9), ApiVersion(apiKey=9, minVersion=0, maxVersion=9), ApiVersion(apiKey=10, minVersion=0, maxVersion=4), ApiVersion(apiKey=11, minVersion=0, maxVersion=9), ApiVersion(apiKey=12, minVersion=0, maxVersion=4), ApiVersion(apiKey=13, minVersion=0, maxVersion=5), ApiVersion(apiKey=14, minVersion=0, maxVersion=5), ApiVersion(apiKey=15, minVersion=0, maxVersion=5), ApiVersion(apiKey=16, minVersion=0, maxVersion=4), ApiVersion(apiKey=17, minVersion=0, maxVersion=1), ApiVersion(apiKey=18, minVersion=0, maxVersion=3), ApiVersion(apiKey=19, minVersion=0, maxVersion=7), ApiVersion(apiKey=20, minVersion=0, maxVersion=6), ApiVersion(apiKey=21, minVersion=0, maxVersion=2), ApiVersion(apiKey=22, minVersion=0, maxVersion=4), ApiVersion(apiKey=23, minVersion=0, maxVersion=4), ApiVersion(apiKey=24, minVersion=0, maxVersion=4), ApiVersion(apiKey=25, minVersion=0, maxVersion=3), ApiVersion(apiKey=26, minVersion=0, maxVersion=3), ApiVersion(apiKey=27, minVersion=0, maxVersion=1), ApiVersion(apiKey=28, minVersion=0, maxVersion=3), ApiVersion(apiKey=29, minVersion=0, maxVersion=3), ApiVersion(apiKey=30, minVersion=0, maxVersion=3), ApiVersion(apiKey=31, minVersion=0, maxVersion=3), ApiVersion(apiKey=32, minVersion=0, maxVersion=4), ApiVersion(apiKey=33, minVersion=0, maxVersion=2), ApiVersion(apiKey=34, minVersion=0, maxVersion=2), ApiVersion(apiKey=35, minVersion=0, maxVersion=4), ApiVersion(apiKey=36, minVersion=0, maxVersion=2), ApiVersion(apiKey=37, minVersion=0, maxVersion=3), ApiVersion(apiKey=38, minVersion=0, maxVersion=3), ApiVersion(apiKey=39, minVersion=0, maxVersion=2), ApiVersion(apiKey=40, minVersion=0, maxVersion=2), ApiVersion(apiKey=41, minVersion=0, maxVersion=3), ApiVersion(apiKey=42, minVersion=0, maxVersion=2), ApiVersion(apiKey=43, minVersion=0, maxVersion=2), ApiVersion(apiKey=44, minVersion=0, maxVersion=1), ApiVersion(apiKey=45, minVersion=0, maxVersion=0), ApiVersion(apiKey=46, minVersion=0, maxVersion=0), ApiVersion(apiKey=47, minVersion=0, maxVersion=0), ApiVersion(apiKey=48, minVersion=0, maxVersion=1), ApiVersion(apiKey=49, minVersion=0, maxVersion=1), ApiVersion(apiKey=50, minVersion=0, maxVersion=0), ApiVersion(apiKey=51, minVersion=0, maxVersion=0), ApiVersion(apiKey=56, minVersion=0, maxVersion=3), ApiVersion(apiKey=57, minVersion=0, maxVersion=1), ApiVersion(apiKey=58, minVersion=0, maxVersion=0), ApiVersion(apiKey=60, minVersion=0, maxVersion=1), ApiVersion(apiKey=61, minVersion=0, maxVersion=0), ApiVersion(apiKey=65, minVersion=0, maxVersion=0), ApiVersion(apiKey=66, minVersion=0, maxVersion=0), ApiVersion(apiKey=67, minVersion=0, maxVersion=0), ApiVersion(apiKey=68, minVersion=0, maxVersion=0)], throttleTimeMs=0, supportedFeatures=[], finalizedFeaturesEpoch=0, finalizedFeatures=[], zkMigrationReady=false)
2026-05-21T20:35:04.147+05:30 DEBUG 4847 --- [Fraud-Management] [kafka-producer-network-thread | Fraud-Management-producer-1] org.apache.kafka.clients.NetworkClient   : [Producer clientId=Fraud-Management-producer-1] Node 0 has finalized features epoch: 0, finalized features: [], supported features: [], ZK migration ready: false, API versions: (Produce(0): 0 to 10 [usable: 10], Fetch(1): 0 to 16 [usable: 16], ListOffsets(2): 0 to 8 [usable: 8], Metadata(3): 0 to 12 [usable: 12], LeaderAndIsr(4): 0 to 7 [usable: 7], StopReplica(5): 0 to 4 [usable: 4], UpdateMetadata(6): 0 to 8 [usable: 8], ControlledShutdown(7): 0 to 3 [usable: 3], OffsetCommit(8): 0 to 9 [usable: 9], OffsetFetch(9): 0 to 9 [usable: 9], FindCoordinator(10): 0 to 4 [usable: 4], JoinGroup(11): 0 to 9 [usable: 9], Heartbeat(12): 0 to 4 [usable: 4], LeaveGroup(13): 0 to 5 [usable: 5], SyncGroup(14): 0 to 5 [usable: 5], DescribeGroups(15): 0 to 5 [usable: 5], ListGroups(16): 0 to 4 [usable: 4], SaslHandshake(17): 0 to 1 [usable: 1], ApiVersions(18): 0 to 3 [usable: 3], CreateTopics(19): 0 to 7 [usable: 7], DeleteTopics(20): 0 to 6 [usable: 6], DeleteRecords(21): 0 to 2 [usable: 2], InitProducerId(22): 0 to 4 [usable: 4], OffsetForLeaderEpoch(23): 0 to 4 [usable: 4], AddPartitionsToTxn(24): 0 to 4 [usable: 4], AddOffsetsToTxn(25): 0 to 3 [usable: 3], EndTxn(26): 0 to 3 [usable: 3], WriteTxnMarkers(27): 0 to 1 [usable: 1], TxnOffsetCommit(28): 0 to 3 [usable: 3], DescribeAcls(29): 0 to 3 [usable: 3], CreateAcls(30): 0 to 3 [usable: 3], DeleteAcls(31): 0 to 3 [usable: 3], DescribeConfigs(32): 0 to 4 [usable: 4], AlterConfigs(33): 0 to 2 [usable: 2], AlterReplicaLogDirs(34): 0 to 2 [usable: 2], DescribeLogDirs(35): 0 to 4 [usable: 4], SaslAuthenticate(36): 0 to 2 [usable: 2], CreatePartitions(37): 0 to 3 [usable: 3], CreateDelegationToken(38): 0 to 3 [usable: 3], RenewDelegationToken(39): 0 to 2 [usable: 2], ExpireDelegationToken(40): 0 to 2 [usable: 2], DescribeDelegationToken(41): 0 to 3 [usable: 3], DeleteGroups(42): 0 to 2 [usable: 2], ElectLeaders(43): 0 to 2 [usable: 2], IncrementalAlterConfigs(44): 0 to 1 [usable: 1], AlterPartitionReassignments(45): 0 [usable: 0], ListPartitionReassignments(46): 0 [usable: 0], OffsetDelete(47): 0 [usable: 0], DescribeClientQuotas(48): 0 to 1 [usable: 1], AlterClientQuotas(49): 0 to 1 [usable: 1], DescribeUserScramCredentials(50): 0 [usable: 0], AlterUserScramCredentials(51): 0 [usable: 0], DescribeQuorum(55): UNSUPPORTED, AlterPartition(56): 0 to 3 [usable: 3], UpdateFeatures(57): 0 to 1 [usable: 1], Envelope(58): 0 [usable: 0], DescribeCluster(60): 0 to 1 [usable: 1], DescribeProducers(61): 0 [usable: 0], UnregisterBroker(64): UNSUPPORTED, DescribeTransactions(65): 0 [usable: 0], ListTransactions(66): 0 [usable: 0], AllocateProducerIds(67): 0 [usable: 0], ConsumerGroupHeartbeat(68): 0 [usable: 0], ConsumerGroupDescribe(69): UNSUPPORTED, GetTelemetrySubscriptions(71): UNSUPPORTED, PushTelemetry(72): UNSUPPORTED, ListClientMetricsResources(74): UNSUPPORTED).
2026-05-21T20:35:04.149+05:30  INFO 4847 --- [Fraud-Management] [http-nio-8082-exec-1] o.a.kafka.common.utils.AppInfoParser     : The mbean of App info: [kafka.producer], id: [Fraud-Management-producer-1] already exists, so skipping a new mbean creation.
2026-05-21T20:35:04.149+05:30 DEBUG 4847 --- [Fraud-Management] [kafka-producer-network-thread | Fraud-Management-producer-1] o.a.k.clients.producer.internals.Sender  : [Producer clientId=Fraud-Management-producer-1] Starting Kafka producer I/O thread.
2026-05-21T20:35:04.149+05:30 DEBUG 4847 --- [Fraud-Management] [http-nio-8082-exec-1] o.a.k.clients.producer.KafkaProducer     : [Producer clientId=Fraud-Management-producer-1] Kafka producer started
2026-05-21T20:35:04.149+05:30 DEBUG 4847 --- [Fraud-Management] [kafka-producer-network-thread | Fraud-Management-producer-1] o.a.k.c.p.internals.TransactionManager   : [Producer clientId=Fraud-Management-producer-1] Transition from state UNINITIALIZED to INITIALIZING
2026-05-21T20:35:04.149+05:30 DEBUG 4847 --- [Fraud-Management] [http-nio-8082-exec-1] o.s.k.core.DefaultKafkaProducerFactory   : Created new Producer: CloseSafeProducer [delegate=org.apache.kafka.clients.producer.KafkaProducer@71aae4b9]
2026-05-21T20:35:04.149+05:30 DEBUG 4847 --- [Fraud-Management] [kafka-producer-network-thread | Fraud-Management-producer-1] o.a.k.c.p.internals.TransactionManager   : [Producer clientId=Fraud-Management-producer-1] ProducerId of partition notification-0 set to 3 with epoch 0. Reinitialize sequence at beginning.
2026-05-21T20:35:04.149+05:30 DEBUG 4847 --- [Fraud-Management] [kafka-producer-network-thread | Fraud-Management-producer-1] o.a.k.c.p.internals.TransactionManager   : [Producer clientId=Fraud-Management-producer-1] Enqueuing transactional request InitProducerIdRequestData(transactionalId=null, transactionTimeoutMs=2147483647, producerId=-1, producerEpoch=-1)
2026-05-21T20:35:04.149+05:30 DEBUG 4847 --- [Fraud-Management] [kafka-producer-network-thread | Fraud-Management-producer-1] o.a.k.c.p.internals.RecordAccumulator    : [Producer clientId=Fraud-Management-producer-1] Assigned producerId 3 and producerEpoch 0 to batch with base sequence 0 being sent to partition notification-0
2026-05-21T20:35:04.149+05:30 DEBUG 4847 --- [Fraud-Management] [kafka-producer-network-thread | Fraud-Management-producer-1] org.apache.kafka.clients.NetworkClient   : [Producer clientId=Fraud-Management-producer-1] Initialize connection to node localhost:9092 (id: -1 rack: null) for sending metadata request
2026-05-21T20:35:04.149+05:30 DEBUG 4847 --- [Fraud-Management] [kafka-producer-network-thread | Fraud-Management-producer-1] org.apache.kafka.clients.ClientUtils     : Resolved host localhost as 127.0.0.1
2026-05-21T20:35:04.149+05:30 DEBUG 4847 --- [Fraud-Management] [kafka-producer-network-thread | Fraud-Management-producer-1] o.a.k.clients.ClusterConnectionStates    : [Producer clientId=Fraud-Management-producer-1] Resolved host localhost to addresses [localhost/127.0.0.1]
2026-05-21T20:35:04.149+05:30 DEBUG 4847 --- [Fraud-Management] [kafka-producer-network-thread | Fraud-Management-producer-1] org.apache.kafka.clients.NetworkClient   : [Producer clientId=Fraud-Management-producer-1] Initiating connection to node localhost:9092 (id: -1 rack: null) using address localhost/127.0.0.1
2026-05-21T20:35:04.151+05:30 DEBUG 4847 --- [Fraud-Management] [kafka-producer-network-thread | Fraud-Management-producer-1] o.apache.kafka.common.network.Selector   : [Producer clientId=Fraud-Management-producer-1] Created socket with SO_RCVBUF = 326640, SO_SNDBUF = 146988, SO_TIMEOUT = 0 to node -1
2026-05-21T20:35:04.151+05:30 DEBUG 4847 --- [Fraud-Management] [kafka-producer-network-thread | Fraud-Management-producer-1] org.apache.kafka.clients.NetworkClient   : [Producer clientId=Fraud-Management-producer-1] Completed connection to node -1. Fetching API versions.
2026-05-21T20:35:04.151+05:30 DEBUG 4847 --- [Fraud-Management] [kafka-producer-network-thread | Fraud-Management-producer-1] org.apache.kafka.clients.NetworkClient   : [Producer clientId=Fraud-Management-producer-1] Initiating API versions fetch from node -1.
2026-05-21T20:35:04.151+05:30 DEBUG 4847 --- [Fraud-Management] [kafka-producer-network-thread | Fraud-Management-producer-1] org.apache.kafka.clients.NetworkClient   : [Producer clientId=Fraud-Management-producer-1] Sending API_VERSIONS request with header RequestHeader(apiKey=API_VERSIONS, apiVersion=3, clientId=Fraud-Management-producer-1, correlationId=0, headerVersion=2) and timeout 30000 to node -1: ApiVersionsRequestData(clientSoftwareName='apache-kafka-java', clientSoftwareVersion='3.7.0')
2026-05-21T20:35:04.153+05:30 DEBUG 4847 --- [Fraud-Management] [kafka-producer-network-thread | Fraud-Management-producer-1] org.apache.kafka.clients.NetworkClient   : [Producer clientId=Fraud-Management-producer-1] Received API_VERSIONS response from node -1 for request with header RequestHeader(apiKey=API_VERSIONS, apiVersion=3, clientId=Fraud-Management-producer-1, correlationId=0, headerVersion=2): ApiVersionsResponseData(errorCode=0, apiKeys=[ApiVersion(apiKey=0, minVersion=0, maxVersion=10), ApiVersion(apiKey=1, minVersion=0, maxVersion=16), ApiVersion(apiKey=2, minVersion=0, maxVersion=8), ApiVersion(apiKey=3, minVersion=0, maxVersion=12), ApiVersion(apiKey=4, minVersion=0, maxVersion=7), ApiVersion(apiKey=5, minVersion=0, maxVersion=4), ApiVersion(apiKey=6, minVersion=0, maxVersion=8), ApiVersion(apiKey=7, minVersion=0, maxVersion=3), ApiVersion(apiKey=8, minVersion=0, maxVersion=9), ApiVersion(apiKey=9, minVersion=0, maxVersion=9), ApiVersion(apiKey=10, minVersion=0, maxVersion=4), ApiVersion(apiKey=11, minVersion=0, maxVersion=9), ApiVersion(apiKey=12, minVersion=0, maxVersion=4), ApiVersion(apiKey=13, minVersion=0, maxVersion=5), ApiVersion(apiKey=14, minVersion=0, maxVersion=5), ApiVersion(apiKey=15, minVersion=0, maxVersion=5), ApiVersion(apiKey=16, minVersion=0, maxVersion=4), ApiVersion(apiKey=17, minVersion=0, maxVersion=1), ApiVersion(apiKey=18, minVersion=0, maxVersion=3), ApiVersion(apiKey=19, minVersion=0, maxVersion=7), ApiVersion(apiKey=20, minVersion=0, maxVersion=6), ApiVersion(apiKey=21, minVersion=0, maxVersion=2), ApiVersion(apiKey=22, minVersion=0, maxVersion=4), ApiVersion(apiKey=23, minVersion=0, maxVersion=4), ApiVersion(apiKey=24, minVersion=0, maxVersion=4), ApiVersion(apiKey=25, minVersion=0, maxVersion=3), ApiVersion(apiKey=26, minVersion=0, maxVersion=3), ApiVersion(apiKey=27, minVersion=0, maxVersion=1), ApiVersion(apiKey=28, minVersion=0, maxVersion=3), ApiVersion(apiKey=29, minVersion=0, maxVersion=3), ApiVersion(apiKey=30, minVersion=0, maxVersion=3), ApiVersion(apiKey=31, minVersion=0, maxVersion=3), ApiVersion(apiKey=32, minVersion=0, maxVersion=4), ApiVersion(apiKey=33, minVersion=0, maxVersion=2), ApiVersion(apiKey=34, minVersion=0, maxVersion=2), ApiVersion(apiKey=35, minVersion=0, maxVersion=4), ApiVersion(apiKey=36, minVersion=0, maxVersion=2), ApiVersion(apiKey=37, minVersion=0, maxVersion=3), ApiVersion(apiKey=38, minVersion=0, maxVersion=3), ApiVersion(apiKey=39, minVersion=0, maxVersion=2), ApiVersion(apiKey=40, minVersion=0, maxVersion=2), ApiVersion(apiKey=41, minVersion=0, maxVersion=3), ApiVersion(apiKey=42, minVersion=0, maxVersion=2), ApiVersion(apiKey=43, minVersion=0, maxVersion=2), ApiVersion(apiKey=44, minVersion=0, maxVersion=1), ApiVersion(apiKey=45, minVersion=0, maxVersion=0), ApiVersion(apiKey=46, minVersion=0, maxVersion=0), ApiVersion(apiKey=47, minVersion=0, maxVersion=0), ApiVersion(apiKey=48, minVersion=0, maxVersion=1), ApiVersion(apiKey=49, minVersion=0, maxVersion=1), ApiVersion(apiKey=50, minVersion=0, maxVersion=0), ApiVersion(apiKey=51, minVersion=0, maxVersion=0), ApiVersion(apiKey=56, minVersion=0, maxVersion=3), ApiVersion(apiKey=57, minVersion=0, maxVersion=1), ApiVersion(apiKey=58, minVersion=0, maxVersion=0), ApiVersion(apiKey=60, minVersion=0, maxVersion=1), ApiVersion(apiKey=61, minVersion=0, maxVersion=0), ApiVersion(apiKey=65, minVersion=0, maxVersion=0), ApiVersion(apiKey=66, minVersion=0, maxVersion=0), ApiVersion(apiKey=67, minVersion=0, maxVersion=0), ApiVersion(apiKey=68, minVersion=0, maxVersion=0)], throttleTimeMs=0, supportedFeatures=[], finalizedFeaturesEpoch=0, finalizedFeatures=[], zkMigrationReady=false)
2026-05-21T20:35:04.154+05:30 DEBUG 4847 --- [Fraud-Management] [kafka-producer-network-thread | Fraud-Management-producer-1] org.apache.kafka.clients.NetworkClient   : [Producer clientId=Fraud-Management-producer-1] Node -1 has finalized features epoch: 0, finalized features: [], supported features: [], ZK migration ready: false, API versions: (Produce(0): 0 to 10 [usable: 10], Fetch(1): 0 to 16 [usable: 16], ListOffsets(2): 0 to 8 [usable: 8], Metadata(3): 0 to 12 [usable: 12], LeaderAndIsr(4): 0 to 7 [usable: 7], StopReplica(5): 0 to 4 [usable: 4], UpdateMetadata(6): 0 to 8 [usable: 8], ControlledShutdown(7): 0 to 3 [usable: 3], OffsetCommit(8): 0 to 9 [usable: 9], OffsetFetch(9): 0 to 9 [usable: 9], FindCoordinator(10): 0 to 4 [usable: 4], JoinGroup(11): 0 to 9 [usable: 9], Heartbeat(12): 0 to 4 [usable: 4], LeaveGroup(13): 0 to 5 [usable: 5], SyncGroup(14): 0 to 5 [usable: 5], DescribeGroups(15): 0 to 5 [usable: 5], ListGroups(16): 0 to 4 [usable: 4], SaslHandshake(17): 0 to 1 [usable: 1], ApiVersions(18): 0 to 3 [usable: 3], CreateTopics(19): 0 to 7 [usable: 7], DeleteTopics(20): 0 to 6 [usable: 6], DeleteRecords(21): 0 to 2 [usable: 2], InitProducerId(22): 0 to 4 [usable: 4], OffsetForLeaderEpoch(23): 0 to 4 [usable: 4], AddPartitionsToTxn(24): 0 to 4 [usable: 4], AddOffsetsToTxn(25): 0 to 3 [usable: 3], EndTxn(26): 0 to 3 [usable: 3], WriteTxnMarkers(27): 0 to 1 [usable: 1], TxnOffsetCommit(28): 0 to 3 [usable: 3], DescribeAcls(29): 0 to 3 [usable: 3], CreateAcls(30): 0 to 3 [usable: 3], DeleteAcls(31): 0 to 3 [usable: 3], DescribeConfigs(32): 0 to 4 [usable: 4], AlterConfigs(33): 0 to 2 [usable: 2], AlterReplicaLogDirs(34): 0 to 2 [usable: 2], DescribeLogDirs(35): 0 to 4 [usable: 4], SaslAuthenticate(36): 0 to 2 [usable: 2], CreatePartitions(37): 0 to 3 [usable: 3], CreateDelegationToken(38): 0 to 3 [usable: 3], RenewDelegationToken(39): 0 to 2 [usable: 2], ExpireDelegationToken(40): 0 to 2 [usable: 2], DescribeDelegationToken(41): 0 to 3 [usable: 3], DeleteGroups(42): 0 to 2 [usable: 2], ElectLeaders(43): 0 to 2 [usable: 2], IncrementalAlterConfigs(44): 0 to 1 [usable: 1], AlterPartitionReassignments(45): 0 [usable: 0], ListPartitionReassignments(46): 0 [usable: 0], OffsetDelete(47): 0 [usable: 0], DescribeClientQuotas(48): 0 to 1 [usable: 1], AlterClientQuotas(49): 0 to 1 [usable: 1], DescribeUserScramCredentials(50): 0 [usable: 0], AlterUserScramCredentials(51): 0 [usable: 0], DescribeQuorum(55): UNSUPPORTED, AlterPartition(56): 0 to 3 [usable: 3], UpdateFeatures(57): 0 to 1 [usable: 1], Envelope(58): 0 [usable: 0], DescribeCluster(60): 0 to 1 [usable: 1], DescribeProducers(61): 0 [usable: 0], UnregisterBroker(64): UNSUPPORTED, DescribeTransactions(65): 0 [usable: 0], ListTransactions(66): 0 [usable: 0], AllocateProducerIds(67): 0 [usable: 0], ConsumerGroupHeartbeat(68): 0 [usable: 0], ConsumerGroupDescribe(69): UNSUPPORTED, GetTelemetrySubscriptions(71): UNSUPPORTED, PushTelemetry(72): UNSUPPORTED, ListClientMetricsResources(74): UNSUPPORTED).
2026-05-21T20:35:04.154+05:30 DEBUG 4847 --- [Fraud-Management] [kafka-producer-network-thread | Fraud-Management-producer-1] org.apache.kafka.clients.NetworkClient   : [Producer clientId=Fraud-Management-producer-1] Sending metadata request MetadataRequestData(topics=[MetadataRequestTopic(topicId=AAAAAAAAAAAAAAAAAAAAAA, name='valid-transactions')], allowAutoTopicCreation=true, includeClusterAuthorizedOperations=false, includeTopicAuthorizedOperations=false) to node localhost:9092 (id: -1 rack: null)
2026-05-21T20:35:04.154+05:30 DEBUG 4847 --- [Fraud-Management] [kafka-producer-network-thread | Fraud-Management-producer-1] org.apache.kafka.clients.NetworkClient   : [Producer clientId=Fraud-Management-producer-1] Sending METADATA request with header RequestHeader(apiKey=METADATA, apiVersion=12, clientId=Fraud-Management-producer-1, correlationId=1, headerVersion=2) and timeout 30000 to node -1: MetadataRequestData(topics=[MetadataRequestTopic(topicId=AAAAAAAAAAAAAAAAAAAAAA, name='valid-transactions')], allowAutoTopicCreation=true, includeClusterAuthorizedOperations=false, includeTopicAuthorizedOperations=false)
2026-05-21T20:35:04.154+05:30 DEBUG 4847 --- [Fraud-Management] [kafka-producer-network-thread | Fraud-Management-producer-1] org.apache.kafka.clients.NetworkClient   : [Producer clientId=Fraud-Management-producer-1] Give up sending telemetry request since no node is available
2026-05-21T20:35:04.155+05:30 DEBUG 4847 --- [Fraud-Management] [kafka-producer-network-thread | Fraud-Management-producer-1] o.a.k.clients.producer.internals.Sender  : [Producer clientId=Fraud-Management-producer-1] Sending transactional request InitProducerIdRequestData(transactionalId=null, transactionTimeoutMs=2147483647, producerId=-1, producerEpoch=-1) to node localhost:9092 (id: -1 rack: null) with correlation ID 2
2026-05-21T20:35:04.155+05:30 DEBUG 4847 --- [Fraud-Management] [kafka-producer-network-thread | Fraud-Management-producer-1] org.apache.kafka.clients.NetworkClient   : [Producer clientId=Fraud-Management-producer-1] Sending INIT_PRODUCER_ID request with header RequestHeader(apiKey=INIT_PRODUCER_ID, apiVersion=4, clientId=Fraud-Management-producer-1, correlationId=2, headerVersion=2) and timeout 30000 to node -1: InitProducerIdRequestData(transactionalId=null, transactionTimeoutMs=2147483647, producerId=-1, producerEpoch=-1)
2026-05-21T20:35:04.155+05:30 DEBUG 4847 --- [Fraud-Management] [kafka-producer-network-thread | Fraud-Management-producer-1] org.apache.kafka.clients.NetworkClient   : [Producer clientId=Fraud-Management-producer-1] Give up sending telemetry request since no node is available
2026-05-21T20:35:04.155+05:30 DEBUG 4847 --- [Fraud-Management] [kafka-producer-network-thread | Fraud-Management-producer-1] o.a.k.c.t.i.ClientTelemetryReporter      : Creating telemetry subscription request with client instance id AAAAAAAAAAAAAAAAAAAAAA
2026-05-21T20:35:04.155+05:30 DEBUG 4847 --- [Fraud-Management] [kafka-producer-network-thread | Fraud-Management-producer-1] o.a.k.c.t.i.ClientTelemetryReporter      : Setting telemetry state from SUBSCRIPTION_NEEDED to SUBSCRIPTION_IN_PROGRESS
2026-05-21T20:35:04.155+05:30 DEBUG 4847 --- [Fraud-Management] [kafka-producer-network-thread | Fraud-Management-producer-1] org.apache.kafka.clients.NetworkClient   : [Producer clientId=Fraud-Management-producer-1] Version mismatch when attempting to send GetTelemetrySubscriptionsRequestData(clientInstanceId=AAAAAAAAAAAAAAAAAAAAAA) with correlation id 3 to -1

org.apache.kafka.common.errors.UnsupportedVersionException: The node does not support GET_TELEMETRY_SUBSCRIPTIONS

2026-05-21T20:35:04.156+05:30 DEBUG 4847 --- [Fraud-Management] [kafka-producer-network-thread | Fraud-Management-producer-1] o.a.k.c.t.i.ClientTelemetryReporter      : The broker generated an error for the get telemetry network API request

org.apache.kafka.common.errors.UnsupportedVersionException: The node does not support GET_TELEMETRY_SUBSCRIPTIONS

2026-05-21T20:35:04.156+05:30 DEBUG 4847 --- [Fraud-Management] [kafka-producer-network-thread | Fraud-Management-producer-1] o.a.k.c.t.i.ClientTelemetryReporter      : Updating intervalMs: 300000, lastRequestMs: 1779375904156
2026-05-21T20:35:04.156+05:30 DEBUG 4847 --- [Fraud-Management] [kafka-producer-network-thread | Fraud-Management-producer-1] o.a.k.c.t.i.ClientTelemetryReporter      : Setting telemetry state from SUBSCRIPTION_IN_PROGRESS to SUBSCRIPTION_NEEDED
2026-05-21T20:35:04.156+05:30 DEBUG 4847 --- [Fraud-Management] [kafka-producer-network-thread | Fraud-Management-producer-1] org.apache.kafka.clients.NetworkClient   : [Producer clientId=Fraud-Management-producer-1] Received METADATA response from node -1 for request with header RequestHeader(apiKey=METADATA, apiVersion=12, clientId=Fraud-Management-producer-1, correlationId=1, headerVersion=2): MetadataResponseData(throttleTimeMs=0, brokers=[MetadataResponseBroker(nodeId=0, host='192.168.1.15', port=9092, rack=null)], clusterId='9YJeH9LiQPabFK2-ohTFOA', controllerId=0, topics=[MetadataResponseTopic(errorCode=0, name='valid-transactions', topicId=v31IJ8L6TVuEw05Yu2NFTg, isInternal=false, partitions=[MetadataResponsePartition(errorCode=0, partitionIndex=0, leaderId=0, leaderEpoch=0, replicaNodes=[0], isrNodes=[0], offlineReplicas=[])], topicAuthorizedOperations=-2147483648)], clusterAuthorizedOperations=-2147483648)
2026-05-21T20:35:04.157+05:30 DEBUG 4847 --- [Fraud-Management] [kafka-producer-network-thread | Fraud-Management-producer-1] org.apache.kafka.clients.Metadata        : [Producer clientId=Fraud-Management-producer-1] Setting the last seen epoch of partition valid-transactions-0 to 0 since the last known epoch was undefined.
2026-05-21T20:35:04.157+05:30  INFO 4847 --- [Fraud-Management] [kafka-producer-network-thread | Fraud-Management-producer-1] org.apache.kafka.clients.Metadata        : [Producer clientId=Fraud-Management-producer-1] Cluster ID: 9YJeH9LiQPabFK2-ohTFOA
2026-05-21T20:35:04.157+05:30 DEBUG 4847 --- [Fraud-Management] [kafka-producer-network-thread | Fraud-Management-producer-1] org.apache.kafka.clients.Metadata        : [Producer clientId=Fraud-Management-producer-1] Updated cluster metadata updateVersion 2 to MetadataCache{clusterId='9YJeH9LiQPabFK2-ohTFOA', nodes={0=192.168.1.15:9092 (id: 0 rack: null)}, partitions=[PartitionMetadata(error=NONE, partition=valid-transactions-0, leader=Optional[0], leaderEpoch=Optional[0], replicas=0, isr=0, offlineReplicas=)], controller=192.168.1.15:9092 (id: 0 rack: null)}
2026-05-21T20:35:04.157+05:30 DEBUG 4847 --- [Fraud-Management] [kafka-producer-network-thread | Fraud-Management-producer-1] org.apache.kafka.clients.NetworkClient   : [Producer clientId=Fraud-Management-producer-1] Received INIT_PRODUCER_ID response from node -1 for request with header RequestHeader(apiKey=INIT_PRODUCER_ID, apiVersion=4, clientId=Fraud-Management-producer-1, correlationId=2, headerVersion=2): InitProducerIdResponseData(throttleTimeMs=0, errorCode=0, producerId=4, producerEpoch=0)
2026-05-21T20:35:04.157+05:30  INFO 4847 --- [Fraud-Management] [kafka-producer-network-thread | Fraud-Management-producer-1] o.a.k.c.p.internals.TransactionManager   : [Producer clientId=Fraud-Management-producer-1] ProducerId set to 4 with epoch 0
2026-05-21T20:35:04.157+05:30 DEBUG 4847 --- [Fraud-Management] [kafka-producer-network-thread | Fraud-Management-producer-1] o.a.k.c.p.internals.TransactionManager   : [Producer clientId=Fraud-Management-producer-1] Transition from state INITIALIZING to READY
2026-05-21T20:35:04.158+05:30 DEBUG 4847 --- [Fraud-Management] [kafka-producer-network-thread | Fraud-Management-producer-1] org.apache.kafka.clients.NetworkClient   : [Producer clientId=Fraud-Management-producer-1] Sending PRODUCE request with header RequestHeader(apiKey=PRODUCE, apiVersion=10, clientId=Fraud-Management-producer-1, correlationId=5, headerVersion=2) and timeout 30000 to node 0: {acks=-1,timeout=30000,partitionSizes=[notification-0=140]}
2026-05-21T20:35:04.159+05:30  INFO 4847 --- [Fraud-Management] [http-nio-8082-exec-1] c.f.F.Kafka.TransactionProducer          : Transaction is VALID: 809301b6-21e5-4c47-b726-3ecfa9cd578f
2026-05-21T20:35:04.161+05:30 DEBUG 4847 --- [Fraud-Management] [kafka-producer-network-thread | Fraud-Management-producer-1] org.apache.kafka.clients.ClientUtils     : Resolved host 192.168.1.15 as 192.168.1.15
2026-05-21T20:35:04.161+05:30 DEBUG 4847 --- [Fraud-Management] [kafka-producer-network-thread | Fraud-Management-producer-1] o.a.k.clients.ClusterConnectionStates    : [Producer clientId=Fraud-Management-producer-1] Resolved host 192.168.1.15 to addresses [/192.168.1.15]
2026-05-21T20:35:04.162+05:30 DEBUG 4847 --- [Fraud-Management] [kafka-producer-network-thread | Fraud-Management-producer-1] org.apache.kafka.clients.NetworkClient   : [Producer clientId=Fraud-Management-producer-1] Initiating connection to node 192.168.1.15:9092 (id: 0 rack: null) using address /192.168.1.15
2026-05-21T20:35:04.164+05:30 DEBUG 4847 --- [Fraud-Management] [kafka-producer-network-thread | Fraud-Management-producer-1] o.apache.kafka.common.network.Selector   : [Producer clientId=Fraud-Management-producer-1] Created socket with SO_RCVBUF = 310308, SO_SNDBUF = 146988, SO_TIMEOUT = 0 to node 0
2026-05-21T20:35:04.165+05:30 DEBUG 4847 --- [Fraud-Management] [kafka-producer-network-thread | Fraud-Management-producer-1] org.apache.kafka.clients.NetworkClient   : [Producer clientId=Fraud-Management-producer-1] Completed connection to node 0. Fetching API versions.
2026-05-21T20:35:04.165+05:30 DEBUG 4847 --- [Fraud-Management] [kafka-producer-network-thread | Fraud-Management-producer-1] org.apache.kafka.clients.NetworkClient   : [Producer clientId=Fraud-Management-producer-1] Initiating API versions fetch from node 0.
2026-05-21T20:35:04.165+05:30 DEBUG 4847 --- [Fraud-Management] [kafka-producer-network-thread | Fraud-Management-producer-1] org.apache.kafka.clients.NetworkClient   : [Producer clientId=Fraud-Management-producer-1] Sending API_VERSIONS request with header RequestHeader(apiKey=API_VERSIONS, apiVersion=3, clientId=Fraud-Management-producer-1, correlationId=4, headerVersion=2) and timeout 30000 to node 0: ApiVersionsRequestData(clientSoftwareName='apache-kafka-java', clientSoftwareVersion='3.7.0')
2026-05-21T20:35:04.167+05:30 DEBUG 4847 --- [Fraud-Management] [kafka-producer-network-thread | Fraud-Management-producer-1] org.apache.kafka.clients.NetworkClient   : [Producer clientId=Fraud-Management-producer-1] Received API_VERSIONS response from node 0 for request with header RequestHeader(apiKey=API_VERSIONS, apiVersion=3, clientId=Fraud-Management-producer-1, correlationId=4, headerVersion=2): ApiVersionsResponseData(errorCode=0, apiKeys=[ApiVersion(apiKey=0, minVersion=0, maxVersion=10), ApiVersion(apiKey=1, minVersion=0, maxVersion=16), ApiVersion(apiKey=2, minVersion=0, maxVersion=8), ApiVersion(apiKey=3, minVersion=0, maxVersion=12), ApiVersion(apiKey=4, minVersion=0, maxVersion=7), ApiVersion(apiKey=5, minVersion=0, maxVersion=4), ApiVersion(apiKey=6, minVersion=0, maxVersion=8), ApiVersion(apiKey=7, minVersion=0, maxVersion=3), ApiVersion(apiKey=8, minVersion=0, maxVersion=9), ApiVersion(apiKey=9, minVersion=0, maxVersion=9), ApiVersion(apiKey=10, minVersion=0, maxVersion=4), ApiVersion(apiKey=11, minVersion=0, maxVersion=9), ApiVersion(apiKey=12, minVersion=0, maxVersion=4), ApiVersion(apiKey=13, minVersion=0, maxVersion=5), ApiVersion(apiKey=14, minVersion=0, maxVersion=5), ApiVersion(apiKey=15, minVersion=0, maxVersion=5), ApiVersion(apiKey=16, minVersion=0, maxVersion=4), ApiVersion(apiKey=17, minVersion=0, maxVersion=1), ApiVersion(apiKey=18, minVersion=0, maxVersion=3), ApiVersion(apiKey=19, minVersion=0, maxVersion=7), ApiVersion(apiKey=20, minVersion=0, maxVersion=6), ApiVersion(apiKey=21, minVersion=0, maxVersion=2), ApiVersion(apiKey=22, minVersion=0, maxVersion=4), ApiVersion(apiKey=23, minVersion=0, maxVersion=4), ApiVersion(apiKey=24, minVersion=0, maxVersion=4), ApiVersion(apiKey=25, minVersion=0, maxVersion=3), ApiVersion(apiKey=26, minVersion=0, maxVersion=3), ApiVersion(apiKey=27, minVersion=0, maxVersion=1), ApiVersion(apiKey=28, minVersion=0, maxVersion=3), ApiVersion(apiKey=29, minVersion=0, maxVersion=3), ApiVersion(apiKey=30, minVersion=0, maxVersion=3), ApiVersion(apiKey=31, minVersion=0, maxVersion=3), ApiVersion(apiKey=32, minVersion=0, maxVersion=4), ApiVersion(apiKey=33, minVersion=0, maxVersion=2), ApiVersion(apiKey=34, minVersion=0, maxVersion=2), ApiVersion(apiKey=35, minVersion=0, maxVersion=4), ApiVersion(apiKey=36, minVersion=0, maxVersion=2), ApiVersion(apiKey=37, minVersion=0, maxVersion=3), ApiVersion(apiKey=38, minVersion=0, maxVersion=3), ApiVersion(apiKey=39, minVersion=0, maxVersion=2), ApiVersion(apiKey=40, minVersion=0, maxVersion=2), ApiVersion(apiKey=41, minVersion=0, maxVersion=3), ApiVersion(apiKey=42, minVersion=0, maxVersion=2), ApiVersion(apiKey=43, minVersion=0, maxVersion=2), ApiVersion(apiKey=44, minVersion=0, maxVersion=1), ApiVersion(apiKey=45, minVersion=0, maxVersion=0), ApiVersion(apiKey=46, minVersion=0, maxVersion=0), ApiVersion(apiKey=47, minVersion=0, maxVersion=0), ApiVersion(apiKey=48, minVersion=0, maxVersion=1), ApiVersion(apiKey=49, minVersion=0, maxVersion=1), ApiVersion(apiKey=50, minVersion=0, maxVersion=0), ApiVersion(apiKey=51, minVersion=0, maxVersion=0), ApiVersion(apiKey=56, minVersion=0, maxVersion=3), ApiVersion(apiKey=57, minVersion=0, maxVersion=1), ApiVersion(apiKey=58, minVersion=0, maxVersion=0), ApiVersion(apiKey=60, minVersion=0, maxVersion=1), ApiVersion(apiKey=61, minVersion=0, maxVersion=0), ApiVersion(apiKey=65, minVersion=0, maxVersion=0), ApiVersion(apiKey=66, minVersion=0, maxVersion=0), ApiVersion(apiKey=67, minVersion=0, maxVersion=0), ApiVersion(apiKey=68, minVersion=0, maxVersion=0)], throttleTimeMs=0, supportedFeatures=[], finalizedFeaturesEpoch=0, finalizedFeatures=[], zkMigrationReady=false)
2026-05-21T20:35:04.168+05:30 DEBUG 4847 --- [Fraud-Management] [kafka-producer-network-thread | Fraud-Management-producer-1] org.apache.kafka.clients.NetworkClient   : [Producer clientId=Fraud-Management-producer-1] Node 0 has finalized features epoch: 0, finalized features: [], supported features: [], ZK migration ready: false, API versions: (Produce(0): 0 to 10 [usable: 10], Fetch(1): 0 to 16 [usable: 16], ListOffsets(2): 0 to 8 [usable: 8], Metadata(3): 0 to 12 [usable: 12], LeaderAndIsr(4): 0 to 7 [usable: 7], StopReplica(5): 0 to 4 [usable: 4], UpdateMetadata(6): 0 to 8 [usable: 8], ControlledShutdown(7): 0 to 3 [usable: 3], OffsetCommit(8): 0 to 9 [usable: 9], OffsetFetch(9): 0 to 9 [usable: 9], FindCoordinator(10): 0 to 4 [usable: 4], JoinGroup(11): 0 to 9 [usable: 9], Heartbeat(12): 0 to 4 [usable: 4], LeaveGroup(13): 0 to 5 [usable: 5], SyncGroup(14): 0 to 5 [usable: 5], DescribeGroups(15): 0 to 5 [usable: 5], ListGroups(16): 0 to 4 [usable: 4], SaslHandshake(17): 0 to 1 [usable: 1], ApiVersions(18): 0 to 3 [usable: 3], CreateTopics(19): 0 to 7 [usable: 7], DeleteTopics(20): 0 to 6 [usable: 6], DeleteRecords(21): 0 to 2 [usable: 2], InitProducerId(22): 0 to 4 [usable: 4], OffsetForLeaderEpoch(23): 0 to 4 [usable: 4], AddPartitionsToTxn(24): 0 to 4 [usable: 4], AddOffsetsToTxn(25): 0 to 3 [usable: 3], EndTxn(26): 0 to 3 [usable: 3], WriteTxnMarkers(27): 0 to 1 [usable: 1], TxnOffsetCommit(28): 0 to 3 [usable: 3], DescribeAcls(29): 0 to 3 [usable: 3], CreateAcls(30): 0 to 3 [usable: 3], DeleteAcls(31): 0 to 3 [usable: 3], DescribeConfigs(32): 0 to 4 [usable: 4], AlterConfigs(33): 0 to 2 [usable: 2], AlterReplicaLogDirs(34): 0 to 2 [usable: 2], DescribeLogDirs(35): 0 to 4 [usable: 4], SaslAuthenticate(36): 0 to 2 [usable: 2], CreatePartitions(37): 0 to 3 [usable: 3], CreateDelegationToken(38): 0 to 3 [usable: 3], RenewDelegationToken(39): 0 to 2 [usable: 2], ExpireDelegationToken(40): 0 to 2 [usable: 2], DescribeDelegationToken(41): 0 to 3 [usable: 3], DeleteGroups(42): 0 to 2 [usable: 2], ElectLeaders(43): 0 to 2 [usable: 2], IncrementalAlterConfigs(44): 0 to 1 [usable: 1], AlterPartitionReassignments(45): 0 [usable: 0], ListPartitionReassignments(46): 0 [usable: 0], OffsetDelete(47): 0 [usable: 0], DescribeClientQuotas(48): 0 to 1 [usable: 1], AlterClientQuotas(49): 0 to 1 [usable: 1], DescribeUserScramCredentials(50): 0 [usable: 0], AlterUserScramCredentials(51): 0 [usable: 0], DescribeQuorum(55): UNSUPPORTED, AlterPartition(56): 0 to 3 [usable: 3], UpdateFeatures(57): 0 to 1 [usable: 1], Envelope(58): 0 [usable: 0], DescribeCluster(60): 0 to 1 [usable: 1], DescribeProducers(61): 0 [usable: 0], UnregisterBroker(64): UNSUPPORTED, DescribeTransactions(65): 0 [usable: 0], ListTransactions(66): 0 [usable: 0], AllocateProducerIds(67): 0 [usable: 0], ConsumerGroupHeartbeat(68): 0 [usable: 0], ConsumerGroupDescribe(69): UNSUPPORTED, GetTelemetrySubscriptions(71): UNSUPPORTED, PushTelemetry(72): UNSUPPORTED, ListClientMetricsResources(74): UNSUPPORTED).
2026-05-21T20:35:04.169+05:30 DEBUG 4847 --- [Fraud-Management] [kafka-producer-network-thread | Fraud-Management-producer-1] o.a.k.c.p.internals.TransactionManager   : [Producer clientId=Fraud-Management-producer-1] ProducerId of partition valid-transactions-0 set to 4 with epoch 0. Reinitialize sequence at beginning.
2026-05-21T20:35:04.169+05:30 DEBUG 4847 --- [Fraud-Management] [kafka-producer-network-thread | Fraud-Management-producer-1] o.a.k.c.p.internals.RecordAccumulator    : [Producer clientId=Fraud-Management-producer-1] Assigned producerId 4 and producerEpoch 0 to batch with base sequence 0 being sent to partition valid-transactions-0
2026-05-21T20:35:04.170+05:30 DEBUG 4847 --- [Fraud-Management] [kafka-producer-network-thread | Fraud-Management-producer-1] org.apache.kafka.clients.NetworkClient   : [Producer clientId=Fraud-Management-producer-1] Received PRODUCE response from node 0 for request with header RequestHeader(apiKey=PRODUCE, apiVersion=10, clientId=Fraud-Management-producer-1, correlationId=5, headerVersion=2): ProduceResponseData(responses=[TopicProduceResponse(name='notification', partitionResponses=[PartitionProduceResponse(index=0, errorCode=0, baseOffset=8, logAppendTimeMs=-1, logStartOffset=0, recordErrors=[], errorMessage=null, currentLeader=LeaderIdAndEpoch(leaderId=-1, leaderEpoch=-1))])], throttleTimeMs=0, nodeEndpoints=[])
2026-05-21T20:35:04.171+05:30 DEBUG 4847 --- [Fraud-Management] [kafka-producer-network-thread | Fraud-Management-producer-1] org.apache.kafka.clients.NetworkClient   : [Producer clientId=Fraud-Management-producer-1] Sending PRODUCE request with header RequestHeader(apiKey=PRODUCE, apiVersion=10, clientId=Fraud-Management-producer-1, correlationId=5, headerVersion=2) and timeout 30000 to node 0: {acks=-1,timeout=30000,partitionSizes=[valid-transactions-0=353]}
2026-05-21T20:35:04.174+05:30 DEBUG 4847 --- [Fraud-Management] [kafka-producer-network-thread | Fraud-Management-producer-1] org.apache.kafka.clients.NetworkClient   : [Producer clientId=Fraud-Management-producer-1] Received PRODUCE response from node 0 for request with header RequestHeader(apiKey=PRODUCE, apiVersion=10, clientId=Fraud-Management-producer-1, correlationId=5, headerVersion=2): ProduceResponseData(responses=[TopicProduceResponse(name='valid-transactions', partitionResponses=[PartitionProduceResponse(index=0, errorCode=0, baseOffset=3, logAppendTimeMs=-1, logStartOffset=0, recordErrors=[], errorMessage=null, currentLeader=LeaderIdAndEpoch(leaderId=-1, leaderEpoch=-1))])], throttleTimeMs=0, nodeEndpoints=[])
2026-05-21T20:35:04.175+05:30 DEBUG 4847 --- [Fraud-Management] [kafka-producer-network-thread | Fraud-Management-producer-1] o.a.k.c.p.internals.TransactionManager   : [Producer clientId=Fraud-Management-producer-1] ProducerId: 3; Set last ack'd sequence number for topic-partition notification-0 to 0
2026-05-21T20:35:04.175+05:30 DEBUG 4847 --- [Fraud-Management] [kafka-producer-network-thread | Fraud-Management-producer-1] o.a.k.c.p.internals.TransactionManager   : [Producer clientId=Fraud-Management-producer-1] ProducerId: 4; Set last ack'd sequence number for topic-partition valid-transactions-0 to 0
2026-05-21T20:36:04.559+05:30  INFO 4847 --- [Fraud-Management] [http-nio-8082-exec-3] c.f.F.Kafka.TransactionProducer          : Processing transaction: com.fraud_detection.Fraud_Management.DTO.TransactionDTO@69cfd737
2026-05-21T20:36:04.691+05:30  INFO 4847 --- [Fraud-Management] [http-nio-8082-exec-3] c.f.F.Kafka.TransactionProducer          : Notification sent for transaction ID: fb32c2c8-0ac5-4039-81ba-169f7211bc26
2026-05-21T20:36:04.692+05:30  INFO 4847 --- [Fraud-Management] [http-nio-8082-exec-3] c.f.F.Kafka.TransactionProducer          : Transaction evaluation result: VALID
2026-05-21T20:36:04.692+05:30 DEBUG 4847 --- [Fraud-Management] [kafka-producer-network-thread | Fraud-Management-producer-1] o.a.k.c.p.internals.RecordAccumulator    : [Producer clientId=Fraud-Management-producer-1] Assigned producerId 3 and producerEpoch 0 to batch with base sequence 1 being sent to partition notification-0
2026-05-21T20:36:04.692+05:30  INFO 4847 --- [Fraud-Management] [http-nio-8082-exec-3] c.f.F.Kafka.TransactionProducer          : Transaction is VALID: fb32c2c8-0ac5-4039-81ba-169f7211bc26
2026-05-21T20:36:04.693+05:30 DEBUG 4847 --- [Fraud-Management] [kafka-producer-network-thread | Fraud-Management-producer-1] o.a.k.c.p.internals.RecordAccumulator    : [Producer clientId=Fraud-Management-producer-1] Assigned producerId 4 and producerEpoch 0 to batch with base sequence 1 being sent to partition valid-transactions-0
2026-05-21T20:36:04.695+05:30 DEBUG 4847 --- [Fraud-Management] [kafka-producer-network-thread | Fraud-Management-producer-1] org.apache.kafka.clients.NetworkClient   : [Producer clientId=Fraud-Management-producer-1] Sending PRODUCE request with header RequestHeader(apiKey=PRODUCE, apiVersion=10, clientId=Fraud-Management-producer-1, correlationId=6, headerVersion=2) and timeout 30000 to node 0: {acks=-1,timeout=30000,partitionSizes=[notification-0=140]}
2026-05-21T20:36:04.700+05:30 DEBUG 4847 --- [Fraud-Management] [kafka-producer-network-thread | Fraud-Management-producer-1] org.apache.kafka.clients.NetworkClient   : [Producer clientId=Fraud-Management-producer-1] Sending PRODUCE request with header RequestHeader(apiKey=PRODUCE, apiVersion=10, clientId=Fraud-Management-producer-1, correlationId=6, headerVersion=2) and timeout 30000 to node 0: {acks=-1,timeout=30000,partitionSizes=[valid-transactions-0=353]}
2026-05-21T20:36:04.706+05:30 DEBUG 4847 --- [Fraud-Management] [kafka-producer-network-thread | Fraud-Management-producer-1] org.apache.kafka.clients.NetworkClient   : [Producer clientId=Fraud-Management-producer-1] Received PRODUCE response from node 0 for request with header RequestHeader(apiKey=PRODUCE, apiVersion=10, clientId=Fraud-Management-producer-1, correlationId=6, headerVersion=2): ProduceResponseData(responses=[TopicProduceResponse(name='notification', partitionResponses=[PartitionProduceResponse(index=0, errorCode=0, baseOffset=9, logAppendTimeMs=-1, logStartOffset=0, recordErrors=[], errorMessage=null, currentLeader=LeaderIdAndEpoch(leaderId=-1, leaderEpoch=-1))])], throttleTimeMs=0, nodeEndpoints=[])
2026-05-21T20:36:04.706+05:30 DEBUG 4847 --- [Fraud-Management] [kafka-producer-network-thread | Fraud-Management-producer-1] org.apache.kafka.clients.NetworkClient   : [Producer clientId=Fraud-Management-producer-1] Received PRODUCE response from node 0 for request with header RequestHeader(apiKey=PRODUCE, apiVersion=10, clientId=Fraud-Management-producer-1, correlationId=6, headerVersion=2): ProduceResponseData(responses=[TopicProduceResponse(name='valid-transactions', partitionResponses=[PartitionProduceResponse(index=0, errorCode=0, baseOffset=4, logAppendTimeMs=-1, logStartOffset=0, recordErrors=[], errorMessage=null, currentLeader=LeaderIdAndEpoch(leaderId=-1, leaderEpoch=-1))])], throttleTimeMs=0, nodeEndpoints=[])
2026-05-21T20:36:04.706+05:30 DEBUG 4847 --- [Fraud-Management] [kafka-producer-network-thread | Fraud-Management-producer-1] o.a.k.c.p.internals.TransactionManager   : [Producer clientId=Fraud-Management-producer-1] ProducerId: 3; Set last ack'd sequence number for topic-partition notification-0 to 1
2026-05-21T20:36:04.706+05:30 DEBUG 4847 --- [Fraud-Management] [kafka-producer-network-thread | Fraud-Management-producer-1] o.a.k.c.p.internals.TransactionManager   : [Producer clientId=Fraud-Management-producer-1] ProducerId: 4; Set last ack'd sequence number for topic-partition valid-transactions-0 to 1
2026-05-21T20:36:36.580+05:30  INFO 4847 --- [Fraud-Management] [http-nio-8082-exec-4] c.f.F.Kafka.TransactionProducer          : Processing transaction: com.fraud_detection.Fraud_Management.DTO.TransactionDTO@61b9e666
2026-05-21T20:36:37.505+05:30 DEBUG 4847 --- [Fraud-Management] [kafka-producer-network-thread | Fraud-Management-producer-1] o.a.k.c.p.internals.RecordAccumulator    : [Producer clientId=Fraud-Management-producer-1] Assigned producerId 3 and producerEpoch 0 to batch with base sequence 2 being sent to partition notification-0
2026-05-21T20:36:37.503+05:30  INFO 4847 --- [Fraud-Management] [http-nio-8082-exec-4] c.f.F.Kafka.TransactionProducer          : Notification sent for transaction ID: d1741684-3bf0-417d-9b6d-2df7f86b6e06
2026-05-21T20:36:37.505+05:30  INFO 4847 --- [Fraud-Management] [http-nio-8082-exec-4] c.f.F.Kafka.TransactionProducer          : Transaction evaluation result: FRAUD
2026-05-21T20:36:37.507+05:30 DEBUG 4847 --- [Fraud-Management] [kafka-producer-network-thread | Fraud-Management-producer-1] org.apache.kafka.clients.NetworkClient   : [Producer clientId=Fraud-Management-producer-1] Sending metadata request MetadataRequestData(topics=[MetadataRequestTopic(topicId=AAAAAAAAAAAAAAAAAAAAAA, name='rollback-transactions')], allowAutoTopicCreation=true, includeClusterAuthorizedOperations=false, includeTopicAuthorizedOperations=false) to node 192.168.1.15:9092 (id: 0 rack: null)
2026-05-21T20:36:37.507+05:30 DEBUG 4847 --- [Fraud-Management] [kafka-producer-network-thread | Fraud-Management-producer-1] org.apache.kafka.clients.NetworkClient   : [Producer clientId=Fraud-Management-producer-1] Sending PRODUCE request with header RequestHeader(apiKey=PRODUCE, apiVersion=10, clientId=Fraud-Management-producer-1, correlationId=7, headerVersion=2) and timeout 30000 to node 0: {acks=-1,timeout=30000,partitionSizes=[notification-0=140]}
2026-05-21T20:36:37.507+05:30 DEBUG 4847 --- [Fraud-Management] [kafka-producer-network-thread | Fraud-Management-producer-1] org.apache.kafka.clients.NetworkClient   : [Producer clientId=Fraud-Management-producer-1] Sending METADATA request with header RequestHeader(apiKey=METADATA, apiVersion=12, clientId=Fraud-Management-producer-1, correlationId=7, headerVersion=2) and timeout 30000 to node 0: MetadataRequestData(topics=[MetadataRequestTopic(topicId=AAAAAAAAAAAAAAAAAAAAAA, name='rollback-transactions')], allowAutoTopicCreation=true, includeClusterAuthorizedOperations=false, includeTopicAuthorizedOperations=false)
2026-05-21T20:36:37.514+05:30 DEBUG 4847 --- [Fraud-Management] [kafka-producer-network-thread | Fraud-Management-producer-1] org.apache.kafka.clients.NetworkClient   : [Producer clientId=Fraud-Management-producer-1] Received METADATA response from node 0 for request with header RequestHeader(apiKey=METADATA, apiVersion=12, clientId=Fraud-Management-producer-1, correlationId=7, headerVersion=2): MetadataResponseData(throttleTimeMs=0, brokers=[MetadataResponseBroker(nodeId=0, host='192.168.1.15', port=9092, rack=null)], clusterId='9YJeH9LiQPabFK2-ohTFOA', controllerId=0, topics=[MetadataResponseTopic(errorCode=0, name='rollback-transactions', topicId=l5_XOGu1T0C1Ywef7hcyoA, isInternal=false, partitions=[MetadataResponsePartition(errorCode=0, partitionIndex=0, leaderId=0, leaderEpoch=0, replicaNodes=[0], isrNodes=[0], offlineReplicas=[])], topicAuthorizedOperations=-2147483648)], clusterAuthorizedOperations=-2147483648)
2026-05-21T20:36:37.515+05:30 DEBUG 4847 --- [Fraud-Management] [kafka-producer-network-thread | Fraud-Management-producer-1] org.apache.kafka.clients.Metadata        : [Producer clientId=Fraud-Management-producer-1] Setting the last seen epoch of partition rollback-transactions-0 to 0 since the last known epoch was undefined.
2026-05-21T20:36:37.518+05:30 DEBUG 4847 --- [Fraud-Management] [kafka-producer-network-thread | Fraud-Management-producer-1] org.apache.kafka.clients.NetworkClient   : [Producer clientId=Fraud-Management-producer-1] Received PRODUCE response from node 0 for request with header RequestHeader(apiKey=PRODUCE, apiVersion=10, clientId=Fraud-Management-producer-1, correlationId=7, headerVersion=2): ProduceResponseData(responses=[TopicProduceResponse(name='notification', partitionResponses=[PartitionProduceResponse(index=0, errorCode=0, baseOffset=10, logAppendTimeMs=-1, logStartOffset=0, recordErrors=[], errorMessage=null, currentLeader=LeaderIdAndEpoch(leaderId=-1, leaderEpoch=-1))])], throttleTimeMs=0, nodeEndpoints=[])
2026-05-21T20:36:37.518+05:30 DEBUG 4847 --- [Fraud-Management] [kafka-producer-network-thread | Fraud-Management-producer-1] o.a.k.c.p.internals.TransactionManager   : [Producer clientId=Fraud-Management-producer-1] ProducerId: 3; Set last ack'd sequence number for topic-partition notification-0 to 2
2026-05-21T20:36:37.528+05:30 DEBUG 4847 --- [Fraud-Management] [kafka-producer-network-thread | Fraud-Management-producer-1] org.apache.kafka.clients.Metadata        : [Producer clientId=Fraud-Management-producer-1] Updated cluster metadata updateVersion 3 to MetadataCache{clusterId='9YJeH9LiQPabFK2-ohTFOA', nodes={0=192.168.1.15:9092 (id: 0 rack: null)}, partitions=[PartitionMetadata(error=NONE, partition=valid-transactions-0, leader=Optional[0], leaderEpoch=Optional[0], replicas=0, isr=0, offlineReplicas=), PartitionMetadata(error=NONE, partition=rollback-transactions-0, leader=Optional[0], leaderEpoch=Optional[0], replicas=0, isr=0, offlineReplicas=)], controller=192.168.1.15:9092 (id: 0 rack: null)}
2026-05-21T20:36:37.529+05:30 DEBUG 4847 --- [Fraud-Management] [kafka-producer-network-thread | Fraud-Management-producer-1] o.a.k.c.p.internals.TransactionManager   : [Producer clientId=Fraud-Management-producer-1] ProducerId of partition rollback-transactions-0 set to 4 with epoch 0. Reinitialize sequence at beginning.
2026-05-21T20:36:37.529+05:30 DEBUG 4847 --- [Fraud-Management] [kafka-producer-network-thread | Fraud-Management-producer-1] o.a.k.c.p.internals.RecordAccumulator    : [Producer clientId=Fraud-Management-producer-1] Assigned producerId 4 and producerEpoch 0 to batch with base sequence 0 being sent to partition rollback-transactions-0
2026-05-21T20:36:37.532+05:30  INFO 4847 --- [Fraud-Management] [http-nio-8082-exec-4] o.a.k.clients.producer.ProducerConfig    : ProducerConfig values: 
	acks = -1
	auto.include.jmx.reporter = true
	batch.size = 16384
	bootstrap.servers = [localhost:9092]
	buffer.memory = 33554432
	client.dns.lookup = use_all_dns_ips
	client.id = Fraud-Management-producer-1
	compression.type = none
	connections.max.idle.ms = 540000
	delivery.timeout.ms = 120000
	enable.idempotence = true
	enable.metrics.push = true
	interceptor.classes = []
	key.serializer = class org.apache.kafka.common.serialization.StringSerializer
	linger.ms = 0
	max.block.ms = 60000
	max.in.flight.requests.per.connection = 5
	max.request.size = 1048576
	metadata.max.age.ms = 300000
	metadata.max.idle.ms = 300000
	metric.reporters = []
	metrics.num.samples = 2
	metrics.recording.level = INFO
	metrics.sample.window.ms = 30000
	partitioner.adaptive.partitioning.enable = true
	partitioner.availability.timeout.ms = 0
	partitioner.class = null
	partitioner.ignore.keys = false
	receive.buffer.bytes = 32768
	reconnect.backoff.max.ms = 1000
	reconnect.backoff.ms = 50
	request.timeout.ms = 30000
	retries = 2147483647
	retry.backoff.max.ms = 1000
	retry.backoff.ms = 100
	sasl.client.callback.handler.class = null
	sasl.jaas.config = null
	sasl.kerberos.kinit.cmd = /usr/bin/kinit
	sasl.kerberos.min.time.before.relogin = 60000
	sasl.kerberos.service.name = null
	sasl.kerberos.ticket.renew.jitter = 0.05
	sasl.kerberos.ticket.renew.window.factor = 0.8
	sasl.login.callback.handler.class = null
	sasl.login.class = null
	sasl.login.connect.timeout.ms = null
	sasl.login.read.timeout.ms = null
	sasl.login.refresh.buffer.seconds = 300
	sasl.login.refresh.min.period.seconds = 60
	sasl.login.refresh.window.factor = 0.8
	sasl.login.refresh.window.jitter = 0.05
	sasl.login.retry.backoff.max.ms = 10000
	sasl.login.retry.backoff.ms = 100
	sasl.mechanism = GSSAPI
	sasl.oauthbearer.clock.skew.seconds = 30
	sasl.oauthbearer.expected.audience = null
	sasl.oauthbearer.expected.issuer = null
	sasl.oauthbearer.jwks.endpoint.refresh.ms = 3600000
	sasl.oauthbearer.jwks.endpoint.retry.backoff.max.ms = 10000
	sasl.oauthbearer.jwks.endpoint.retry.backoff.ms = 100
	sasl.oauthbearer.jwks.endpoint.url = null
	sasl.oauthbearer.scope.claim.name = scope
	sasl.oauthbearer.sub.claim.name = sub
	sasl.oauthbearer.token.endpoint.url = null
	security.protocol = PLAINTEXT
	security.providers = null
	send.buffer.bytes = 131072
	socket.connection.setup.timeout.max.ms = 30000
	socket.connection.setup.timeout.ms = 10000
	ssl.cipher.suites = null
	ssl.enabled.protocols = [TLSv1.2, TLSv1.3]
	ssl.endpoint.identification.algorithm = https
	ssl.engine.factory.class = null
	ssl.key.password = null
	ssl.keymanager.algorithm = SunX509
	ssl.keystore.certificate.chain = null
	ssl.keystore.key = null
	ssl.keystore.location = null
	ssl.keystore.password = null
	ssl.keystore.type = JKS
	ssl.protocol = TLSv1.3
	ssl.provider = null
	ssl.secure.random.implementation = null
	ssl.trustmanager.algorithm = PKIX
	ssl.truststore.certificates = null
	ssl.truststore.location = null
	ssl.truststore.password = null
	ssl.truststore.type = JKS
	transaction.timeout.ms = 60000
	transactional.id = null
	value.serializer = class org.springframework.kafka.support.serializer.JsonSerializer

2026-05-21T20:36:37.532+05:30  INFO 4847 --- [Fraud-Management] [http-nio-8082-exec-4] o.a.k.c.t.i.KafkaMetricsCollector        : initializing Kafka metrics collector
2026-05-21T20:36:37.533+05:30 DEBUG 4847 --- [Fraud-Management] [kafka-producer-network-thread | Fraud-Management-producer-1] org.apache.kafka.clients.NetworkClient   : [Producer clientId=Fraud-Management-producer-1] Sending PRODUCE request with header RequestHeader(apiKey=PRODUCE, apiVersion=10, clientId=Fraud-Management-producer-1, correlationId=8, headerVersion=2) and timeout 30000 to node 0: {acks=-1,timeout=30000,partitionSizes=[rollback-transactions-0=356]}
2026-05-21T20:36:37.535+05:30 DEBUG 4847 --- [Fraud-Management] [kafka-producer-network-thread | Fraud-Management-producer-1] org.apache.kafka.clients.NetworkClient   : [Producer clientId=Fraud-Management-producer-1] Received PRODUCE response from node 0 for request with header RequestHeader(apiKey=PRODUCE, apiVersion=10, clientId=Fraud-Management-producer-1, correlationId=8, headerVersion=2): ProduceResponseData(responses=[TopicProduceResponse(name='rollback-transactions', partitionResponses=[PartitionProduceResponse(index=0, errorCode=0, baseOffset=5, logAppendTimeMs=-1, logStartOffset=0, recordErrors=[], errorMessage=null, currentLeader=LeaderIdAndEpoch(leaderId=-1, leaderEpoch=-1))])], throttleTimeMs=0, nodeEndpoints=[])
2026-05-21T20:36:37.535+05:30 DEBUG 4847 --- [Fraud-Management] [kafka-producer-network-thread | Fraud-Management-producer-1] o.a.k.c.p.internals.TransactionManager   : [Producer clientId=Fraud-Management-producer-1] ProducerId: 4; Set last ack'd sequence number for topic-partition rollback-transactions-0 to 0
2026-05-21T20:36:37.537+05:30  INFO 4847 --- [Fraud-Management] [http-nio-8082-exec-4] o.a.k.clients.producer.KafkaProducer     : [Producer clientId=Fraud-Management-producer-1] Instantiated an idempotent producer.
2026-05-21T20:36:37.546+05:30  INFO 4847 --- [Fraud-Management] [http-nio-8082-exec-4] o.a.kafka.common.utils.AppInfoParser     : The mbean of App info: [kafka.producer], id: [Fraud-Management-producer-1] already exists, so skipping a new mbean creation.
2026-05-21T20:36:37.546+05:30 DEBUG 4847 --- [Fraud-Management] [kafka-producer-network-thread | Fraud-Management-producer-1] o.a.k.clients.producer.internals.Sender  : [Producer clientId=Fraud-Management-producer-1] Starting Kafka producer I/O thread.
2026-05-21T20:36:37.546+05:30 DEBUG 4847 --- [Fraud-Management] [http-nio-8082-exec-4] o.a.k.clients.producer.KafkaProducer     : [Producer clientId=Fraud-Management-producer-1] Kafka producer started
2026-05-21T20:36:37.546+05:30 DEBUG 4847 --- [Fraud-Management] [kafka-producer-network-thread | Fraud-Management-producer-1] o.a.k.c.p.internals.TransactionManager   : [Producer clientId=Fraud-Management-producer-1] Transition from state UNINITIALIZED to INITIALIZING
2026-05-21T20:36:37.547+05:30 DEBUG 4847 --- [Fraud-Management] [kafka-producer-network-thread | Fraud-Management-producer-1] o.a.k.c.p.internals.TransactionManager   : [Producer clientId=Fraud-Management-producer-1] Enqueuing transactional request InitProducerIdRequestData(transactionalId=null, transactionTimeoutMs=2147483647, producerId=-1, producerEpoch=-1)
2026-05-21T20:36:37.547+05:30 DEBUG 4847 --- [Fraud-Management] [http-nio-8082-exec-4] o.s.k.core.DefaultKafkaProducerFactory   : Created new Producer: CloseSafeProducer [delegate=org.apache.kafka.clients.producer.KafkaProducer@1ea594d0]
2026-05-21T20:36:37.547+05:30 DEBUG 4847 --- [Fraud-Management] [kafka-producer-network-thread | Fraud-Management-producer-1] org.apache.kafka.clients.NetworkClient   : [Producer clientId=Fraud-Management-producer-1] Initialize connection to node localhost:9092 (id: -1 rack: null) for sending metadata request
2026-05-21T20:36:37.547+05:30 DEBUG 4847 --- [Fraud-Management] [kafka-producer-network-thread | Fraud-Management-producer-1] org.apache.kafka.clients.ClientUtils     : Resolved host localhost as 127.0.0.1
2026-05-21T20:36:37.547+05:30 DEBUG 4847 --- [Fraud-Management] [kafka-producer-network-thread | Fraud-Management-producer-1] o.a.k.clients.ClusterConnectionStates    : [Producer clientId=Fraud-Management-producer-1] Resolved host localhost to addresses [localhost/127.0.0.1]
2026-05-21T20:36:37.547+05:30 DEBUG 4847 --- [Fraud-Management] [kafka-producer-network-thread | Fraud-Management-producer-1] org.apache.kafka.clients.NetworkClient   : [Producer clientId=Fraud-Management-producer-1] Initiating connection to node localhost:9092 (id: -1 rack: null) using address localhost/127.0.0.1
2026-05-21T20:36:37.549+05:30 DEBUG 4847 --- [Fraud-Management] [kafka-producer-network-thread | Fraud-Management-producer-1] o.apache.kafka.common.network.Selector   : [Producer clientId=Fraud-Management-producer-1] Created socket with SO_RCVBUF = 326640, SO_SNDBUF = 146988, SO_TIMEOUT = 0 to node -1
2026-05-21T20:36:37.549+05:30 DEBUG 4847 --- [Fraud-Management] [kafka-producer-network-thread | Fraud-Management-producer-1] org.apache.kafka.clients.NetworkClient   : [Producer clientId=Fraud-Management-producer-1] Completed connection to node -1. Fetching API versions.
2026-05-21T20:36:37.550+05:30 DEBUG 4847 --- [Fraud-Management] [kafka-producer-network-thread | Fraud-Management-producer-1] org.apache.kafka.clients.NetworkClient   : [Producer clientId=Fraud-Management-producer-1] Initiating API versions fetch from node -1.
2026-05-21T20:36:37.550+05:30 DEBUG 4847 --- [Fraud-Management] [kafka-producer-network-thread | Fraud-Management-producer-1] org.apache.kafka.clients.NetworkClient   : [Producer clientId=Fraud-Management-producer-1] Sending API_VERSIONS request with header RequestHeader(apiKey=API_VERSIONS, apiVersion=3, clientId=Fraud-Management-producer-1, correlationId=0, headerVersion=2) and timeout 30000 to node -1: ApiVersionsRequestData(clientSoftwareName='apache-kafka-java', clientSoftwareVersion='3.7.0')
2026-05-21T20:36:37.553+05:30 DEBUG 4847 --- [Fraud-Management] [kafka-producer-network-thread | Fraud-Management-producer-1] org.apache.kafka.clients.NetworkClient   : [Producer clientId=Fraud-Management-producer-1] Received API_VERSIONS response from node -1 for request with header RequestHeader(apiKey=API_VERSIONS, apiVersion=3, clientId=Fraud-Management-producer-1, correlationId=0, headerVersion=2): ApiVersionsResponseData(errorCode=0, apiKeys=[ApiVersion(apiKey=0, minVersion=0, maxVersion=10), ApiVersion(apiKey=1, minVersion=0, maxVersion=16), ApiVersion(apiKey=2, minVersion=0, maxVersion=8), ApiVersion(apiKey=3, minVersion=0, maxVersion=12), ApiVersion(apiKey=4, minVersion=0, maxVersion=7), ApiVersion(apiKey=5, minVersion=0, maxVersion=4), ApiVersion(apiKey=6, minVersion=0, maxVersion=8), ApiVersion(apiKey=7, minVersion=0, maxVersion=3), ApiVersion(apiKey=8, minVersion=0, maxVersion=9), ApiVersion(apiKey=9, minVersion=0, maxVersion=9), ApiVersion(apiKey=10, minVersion=0, maxVersion=4), ApiVersion(apiKey=11, minVersion=0, maxVersion=9), ApiVersion(apiKey=12, minVersion=0, maxVersion=4), ApiVersion(apiKey=13, minVersion=0, maxVersion=5), ApiVersion(apiKey=14, minVersion=0, maxVersion=5), ApiVersion(apiKey=15, minVersion=0, maxVersion=5), ApiVersion(apiKey=16, minVersion=0, maxVersion=4), ApiVersion(apiKey=17, minVersion=0, maxVersion=1), ApiVersion(apiKey=18, minVersion=0, maxVersion=3), ApiVersion(apiKey=19, minVersion=0, maxVersion=7), ApiVersion(apiKey=20, minVersion=0, maxVersion=6), ApiVersion(apiKey=21, minVersion=0, maxVersion=2), ApiVersion(apiKey=22, minVersion=0, maxVersion=4), ApiVersion(apiKey=23, minVersion=0, maxVersion=4), ApiVersion(apiKey=24, minVersion=0, maxVersion=4), ApiVersion(apiKey=25, minVersion=0, maxVersion=3), ApiVersion(apiKey=26, minVersion=0, maxVersion=3), ApiVersion(apiKey=27, minVersion=0, maxVersion=1), ApiVersion(apiKey=28, minVersion=0, maxVersion=3), ApiVersion(apiKey=29, minVersion=0, maxVersion=3), ApiVersion(apiKey=30, minVersion=0, maxVersion=3), ApiVersion(apiKey=31, minVersion=0, maxVersion=3), ApiVersion(apiKey=32, minVersion=0, maxVersion=4), ApiVersion(apiKey=33, minVersion=0, maxVersion=2), ApiVersion(apiKey=34, minVersion=0, maxVersion=2), ApiVersion(apiKey=35, minVersion=0, maxVersion=4), ApiVersion(apiKey=36, minVersion=0, maxVersion=2), ApiVersion(apiKey=37, minVersion=0, maxVersion=3), ApiVersion(apiKey=38, minVersion=0, maxVersion=3), ApiVersion(apiKey=39, minVersion=0, maxVersion=2), ApiVersion(apiKey=40, minVersion=0, maxVersion=2), ApiVersion(apiKey=41, minVersion=0, maxVersion=3), ApiVersion(apiKey=42, minVersion=0, maxVersion=2), ApiVersion(apiKey=43, minVersion=0, maxVersion=2), ApiVersion(apiKey=44, minVersion=0, maxVersion=1), ApiVersion(apiKey=45, minVersion=0, maxVersion=0), ApiVersion(apiKey=46, minVersion=0, maxVersion=0), ApiVersion(apiKey=47, minVersion=0, maxVersion=0), ApiVersion(apiKey=48, minVersion=0, maxVersion=1), ApiVersion(apiKey=49, minVersion=0, maxVersion=1), ApiVersion(apiKey=50, minVersion=0, maxVersion=0), ApiVersion(apiKey=51, minVersion=0, maxVersion=0), ApiVersion(apiKey=56, minVersion=0, maxVersion=3), ApiVersion(apiKey=57, minVersion=0, maxVersion=1), ApiVersion(apiKey=58, minVersion=0, maxVersion=0), ApiVersion(apiKey=60, minVersion=0, maxVersion=1), ApiVersion(apiKey=61, minVersion=0, maxVersion=0), ApiVersion(apiKey=65, minVersion=0, maxVersion=0), ApiVersion(apiKey=66, minVersion=0, maxVersion=0), ApiVersion(apiKey=67, minVersion=0, maxVersion=0), ApiVersion(apiKey=68, minVersion=0, maxVersion=0)], throttleTimeMs=0, supportedFeatures=[], finalizedFeaturesEpoch=0, finalizedFeatures=[], zkMigrationReady=false)
2026-05-21T20:36:37.554+05:30 DEBUG 4847 --- [Fraud-Management] [kafka-producer-network-thread | Fraud-Management-producer-1] org.apache.kafka.clients.NetworkClient   : [Producer clientId=Fraud-Management-producer-1] Node -1 has finalized features epoch: 0, finalized features: [], supported features: [], ZK migration ready: false, API versions: (Produce(0): 0 to 10 [usable: 10], Fetch(1): 0 to 16 [usable: 16], ListOffsets(2): 0 to 8 [usable: 8], Metadata(3): 0 to 12 [usable: 12], LeaderAndIsr(4): 0 to 7 [usable: 7], StopReplica(5): 0 to 4 [usable: 4], UpdateMetadata(6): 0 to 8 [usable: 8], ControlledShutdown(7): 0 to 3 [usable: 3], OffsetCommit(8): 0 to 9 [usable: 9], OffsetFetch(9): 0 to 9 [usable: 9], FindCoordinator(10): 0 to 4 [usable: 4], JoinGroup(11): 0 to 9 [usable: 9], Heartbeat(12): 0 to 4 [usable: 4], LeaveGroup(13): 0 to 5 [usable: 5], SyncGroup(14): 0 to 5 [usable: 5], DescribeGroups(15): 0 to 5 [usable: 5], ListGroups(16): 0 to 4 [usable: 4], SaslHandshake(17): 0 to 1 [usable: 1], ApiVersions(18): 0 to 3 [usable: 3], CreateTopics(19): 0 to 7 [usable: 7], DeleteTopics(20): 0 to 6 [usable: 6], DeleteRecords(21): 0 to 2 [usable: 2], InitProducerId(22): 0 to 4 [usable: 4], OffsetForLeaderEpoch(23): 0 to 4 [usable: 4], AddPartitionsToTxn(24): 0 to 4 [usable: 4], AddOffsetsToTxn(25): 0 to 3 [usable: 3], EndTxn(26): 0 to 3 [usable: 3], WriteTxnMarkers(27): 0 to 1 [usable: 1], TxnOffsetCommit(28): 0 to 3 [usable: 3], DescribeAcls(29): 0 to 3 [usable: 3], CreateAcls(30): 0 to 3 [usable: 3], DeleteAcls(31): 0 to 3 [usable: 3], DescribeConfigs(32): 0 to 4 [usable: 4], AlterConfigs(33): 0 to 2 [usable: 2], AlterReplicaLogDirs(34): 0 to 2 [usable: 2], DescribeLogDirs(35): 0 to 4 [usable: 4], SaslAuthenticate(36): 0 to 2 [usable: 2], CreatePartitions(37): 0 to 3 [usable: 3], CreateDelegationToken(38): 0 to 3 [usable: 3], RenewDelegationToken(39): 0 to 2 [usable: 2], ExpireDelegationToken(40): 0 to 2 [usable: 2], DescribeDelegationToken(41): 0 to 3 [usable: 3], DeleteGroups(42): 0 to 2 [usable: 2], ElectLeaders(43): 0 to 2 [usable: 2], IncrementalAlterConfigs(44): 0 to 1 [usable: 1], AlterPartitionReassignments(45): 0 [usable: 0], ListPartitionReassignments(46): 0 [usable: 0], OffsetDelete(47): 0 [usable: 0], DescribeClientQuotas(48): 0 to 1 [usable: 1], AlterClientQuotas(49): 0 to 1 [usable: 1], DescribeUserScramCredentials(50): 0 [usable: 0], AlterUserScramCredentials(51): 0 [usable: 0], DescribeQuorum(55): UNSUPPORTED, AlterPartition(56): 0 to 3 [usable: 3], UpdateFeatures(57): 0 to 1 [usable: 1], Envelope(58): 0 [usable: 0], DescribeCluster(60): 0 to 1 [usable: 1], DescribeProducers(61): 0 [usable: 0], UnregisterBroker(64): UNSUPPORTED, DescribeTransactions(65): 0 [usable: 0], ListTransactions(66): 0 [usable: 0], AllocateProducerIds(67): 0 [usable: 0], ConsumerGroupHeartbeat(68): 0 [usable: 0], ConsumerGroupDescribe(69): UNSUPPORTED, GetTelemetrySubscriptions(71): UNSUPPORTED, PushTelemetry(72): UNSUPPORTED, ListClientMetricsResources(74): UNSUPPORTED).
2026-05-21T20:36:37.555+05:30 DEBUG 4847 --- [Fraud-Management] [kafka-producer-network-thread | Fraud-Management-producer-1] org.apache.kafka.clients.NetworkClient   : [Producer clientId=Fraud-Management-producer-1] Sending metadata request MetadataRequestData(topics=[MetadataRequestTopic(topicId=AAAAAAAAAAAAAAAAAAAAAA, name='fraud-alerts')], allowAutoTopicCreation=true, includeClusterAuthorizedOperations=false, includeTopicAuthorizedOperations=false) to node localhost:9092 (id: -1 rack: null)
2026-05-21T20:36:37.556+05:30 DEBUG 4847 --- [Fraud-Management] [kafka-producer-network-thread | Fraud-Management-producer-1] org.apache.kafka.clients.NetworkClient   : [Producer clientId=Fraud-Management-producer-1] Sending METADATA request with header RequestHeader(apiKey=METADATA, apiVersion=12, clientId=Fraud-Management-producer-1, correlationId=1, headerVersion=2) and timeout 30000 to node -1: MetadataRequestData(topics=[MetadataRequestTopic(topicId=AAAAAAAAAAAAAAAAAAAAAA, name='fraud-alerts')], allowAutoTopicCreation=true, includeClusterAuthorizedOperations=false, includeTopicAuthorizedOperations=false)
2026-05-21T20:36:37.556+05:30 DEBUG 4847 --- [Fraud-Management] [kafka-producer-network-thread | Fraud-Management-producer-1] org.apache.kafka.clients.NetworkClient   : [Producer clientId=Fraud-Management-producer-1] Give up sending telemetry request since no node is available
2026-05-21T20:36:37.556+05:30 DEBUG 4847 --- [Fraud-Management] [kafka-producer-network-thread | Fraud-Management-producer-1] o.a.k.clients.producer.internals.Sender  : [Producer clientId=Fraud-Management-producer-1] Sending transactional request InitProducerIdRequestData(transactionalId=null, transactionTimeoutMs=2147483647, producerId=-1, producerEpoch=-1) to node localhost:9092 (id: -1 rack: null) with correlation ID 2
2026-05-21T20:36:37.556+05:30 DEBUG 4847 --- [Fraud-Management] [kafka-producer-network-thread | Fraud-Management-producer-1] org.apache.kafka.clients.NetworkClient   : [Producer clientId=Fraud-Management-producer-1] Sending INIT_PRODUCER_ID request with header RequestHeader(apiKey=INIT_PRODUCER_ID, apiVersion=4, clientId=Fraud-Management-producer-1, correlationId=2, headerVersion=2) and timeout 30000 to node -1: InitProducerIdRequestData(transactionalId=null, transactionTimeoutMs=2147483647, producerId=-1, producerEpoch=-1)
2026-05-21T20:36:37.556+05:30 DEBUG 4847 --- [Fraud-Management] [kafka-producer-network-thread | Fraud-Management-producer-1] org.apache.kafka.clients.NetworkClient   : [Producer clientId=Fraud-Management-producer-1] Give up sending telemetry request since no node is available
2026-05-21T20:36:37.557+05:30 DEBUG 4847 --- [Fraud-Management] [kafka-producer-network-thread | Fraud-Management-producer-1] o.a.k.c.t.i.ClientTelemetryReporter      : Creating telemetry subscription request with client instance id AAAAAAAAAAAAAAAAAAAAAA
2026-05-21T20:36:37.557+05:30 DEBUG 4847 --- [Fraud-Management] [kafka-producer-network-thread | Fraud-Management-producer-1] o.a.k.c.t.i.ClientTelemetryReporter      : Setting telemetry state from SUBSCRIPTION_NEEDED to SUBSCRIPTION_IN_PROGRESS
2026-05-21T20:36:37.557+05:30 DEBUG 4847 --- [Fraud-Management] [kafka-producer-network-thread | Fraud-Management-producer-1] org.apache.kafka.clients.NetworkClient   : [Producer clientId=Fraud-Management-producer-1] Version mismatch when attempting to send GetTelemetrySubscriptionsRequestData(clientInstanceId=AAAAAAAAAAAAAAAAAAAAAA) with correlation id 3 to -1

org.apache.kafka.common.errors.UnsupportedVersionException: The node does not support GET_TELEMETRY_SUBSCRIPTIONS

2026-05-21T20:36:37.557+05:30 DEBUG 4847 --- [Fraud-Management] [kafka-producer-network-thread | Fraud-Management-producer-1] o.a.k.c.t.i.ClientTelemetryReporter      : The broker generated an error for the get telemetry network API request

org.apache.kafka.common.errors.UnsupportedVersionException: The node does not support GET_TELEMETRY_SUBSCRIPTIONS

2026-05-21T20:36:37.557+05:30 DEBUG 4847 --- [Fraud-Management] [kafka-producer-network-thread | Fraud-Management-producer-1] o.a.k.c.t.i.ClientTelemetryReporter      : Updating intervalMs: 300000, lastRequestMs: 1779375997557
2026-05-21T20:36:37.557+05:30 DEBUG 4847 --- [Fraud-Management] [kafka-producer-network-thread | Fraud-Management-producer-1] o.a.k.c.t.i.ClientTelemetryReporter      : Setting telemetry state from SUBSCRIPTION_IN_PROGRESS to SUBSCRIPTION_NEEDED
2026-05-21T20:36:37.557+05:30 DEBUG 4847 --- [Fraud-Management] [kafka-producer-network-thread | Fraud-Management-producer-1] org.apache.kafka.clients.NetworkClient   : [Producer clientId=Fraud-Management-producer-1] Received METADATA response from node -1 for request with header RequestHeader(apiKey=METADATA, apiVersion=12, clientId=Fraud-Management-producer-1, correlationId=1, headerVersion=2): MetadataResponseData(throttleTimeMs=0, brokers=[MetadataResponseBroker(nodeId=0, host='192.168.1.15', port=9092, rack=null)], clusterId='9YJeH9LiQPabFK2-ohTFOA', controllerId=0, topics=[MetadataResponseTopic(errorCode=0, name='fraud-alerts', topicId=igZ8IUrNQxqStOjnoWrz9A, isInternal=false, partitions=[MetadataResponsePartition(errorCode=0, partitionIndex=0, leaderId=0, leaderEpoch=0, replicaNodes=[0], isrNodes=[0], offlineReplicas=[])], topicAuthorizedOperations=-2147483648)], clusterAuthorizedOperations=-2147483648)
2026-05-21T20:36:37.558+05:30 DEBUG 4847 --- [Fraud-Management] [kafka-producer-network-thread | Fraud-Management-producer-1] org.apache.kafka.clients.Metadata        : [Producer clientId=Fraud-Management-producer-1] Setting the last seen epoch of partition fraud-alerts-0 to 0 since the last known epoch was undefined.
2026-05-21T20:36:37.558+05:30  INFO 4847 --- [Fraud-Management] [kafka-producer-network-thread | Fraud-Management-producer-1] org.apache.kafka.clients.Metadata        : [Producer clientId=Fraud-Management-producer-1] Cluster ID: 9YJeH9LiQPabFK2-ohTFOA
2026-05-21T20:36:37.558+05:30 DEBUG 4847 --- [Fraud-Management] [kafka-producer-network-thread | Fraud-Management-producer-1] org.apache.kafka.clients.Metadata        : [Producer clientId=Fraud-Management-producer-1] Updated cluster metadata updateVersion 2 to MetadataCache{clusterId='9YJeH9LiQPabFK2-ohTFOA', nodes={0=192.168.1.15:9092 (id: 0 rack: null)}, partitions=[PartitionMetadata(error=NONE, partition=fraud-alerts-0, leader=Optional[0], leaderEpoch=Optional[0], replicas=0, isr=0, offlineReplicas=)], controller=192.168.1.15:9092 (id: 0 rack: null)}
2026-05-21T20:36:37.558+05:30 DEBUG 4847 --- [Fraud-Management] [kafka-producer-network-thread | Fraud-Management-producer-1] org.apache.kafka.clients.NetworkClient   : [Producer clientId=Fraud-Management-producer-1] Received INIT_PRODUCER_ID response from node -1 for request with header RequestHeader(apiKey=INIT_PRODUCER_ID, apiVersion=4, clientId=Fraud-Management-producer-1, correlationId=2, headerVersion=2): InitProducerIdResponseData(throttleTimeMs=0, errorCode=0, producerId=5, producerEpoch=0)
2026-05-21T20:36:37.558+05:30  INFO 4847 --- [Fraud-Management] [kafka-producer-network-thread | Fraud-Management-producer-1] o.a.k.c.p.internals.TransactionManager   : [Producer clientId=Fraud-Management-producer-1] ProducerId set to 5 with epoch 0
2026-05-21T20:36:37.558+05:30 DEBUG 4847 --- [Fraud-Management] [kafka-producer-network-thread | Fraud-Management-producer-1] o.a.k.c.p.internals.TransactionManager   : [Producer clientId=Fraud-Management-producer-1] Transition from state INITIALIZING to READY
2026-05-21T20:36:37.560+05:30  INFO 4847 --- [Fraud-Management] [http-nio-8082-exec-4] c.f.F.Kafka.TransactionProducer          : FRAUD transaction! Rolled back and alert sent.
2026-05-21T20:36:37.561+05:30 DEBUG 4847 --- [Fraud-Management] [kafka-producer-network-thread | Fraud-Management-producer-1] org.apache.kafka.clients.ClientUtils     : Resolved host 192.168.1.15 as 192.168.1.15
2026-05-21T20:36:37.561+05:30 DEBUG 4847 --- [Fraud-Management] [kafka-producer-network-thread | Fraud-Management-producer-1] o.a.k.clients.ClusterConnectionStates    : [Producer clientId=Fraud-Management-producer-1] Resolved host 192.168.1.15 to addresses [/192.168.1.15]
2026-05-21T20:36:37.561+05:30 DEBUG 4847 --- [Fraud-Management] [kafka-producer-network-thread | Fraud-Management-producer-1] org.apache.kafka.clients.NetworkClient   : [Producer clientId=Fraud-Management-producer-1] Initiating connection to node 192.168.1.15:9092 (id: 0 rack: null) using address /192.168.1.15
2026-05-21T20:36:37.562+05:30 DEBUG 4847 --- [Fraud-Management] [kafka-producer-network-thread | Fraud-Management-producer-1] o.apache.kafka.common.network.Selector   : [Producer clientId=Fraud-Management-producer-1] Created socket with SO_RCVBUF = 310308, SO_SNDBUF = 146988, SO_TIMEOUT = 0 to node 0
2026-05-21T20:36:37.563+05:30 DEBUG 4847 --- [Fraud-Management] [kafka-producer-network-thread | Fraud-Management-producer-1] org.apache.kafka.clients.NetworkClient   : [Producer clientId=Fraud-Management-producer-1] Completed connection to node 0. Fetching API versions.
2026-05-21T20:36:37.563+05:30 DEBUG 4847 --- [Fraud-Management] [kafka-producer-network-thread | Fraud-Management-producer-1] org.apache.kafka.clients.NetworkClient   : [Producer clientId=Fraud-Management-producer-1] Initiating API versions fetch from node 0.
2026-05-21T20:36:37.563+05:30 DEBUG 4847 --- [Fraud-Management] [kafka-producer-network-thread | Fraud-Management-producer-1] org.apache.kafka.clients.NetworkClient   : [Producer clientId=Fraud-Management-producer-1] Sending API_VERSIONS request with header RequestHeader(apiKey=API_VERSIONS, apiVersion=3, clientId=Fraud-Management-producer-1, correlationId=4, headerVersion=2) and timeout 30000 to node 0: ApiVersionsRequestData(clientSoftwareName='apache-kafka-java', clientSoftwareVersion='3.7.0')
2026-05-21T20:36:37.779+05:30 DEBUG 4847 --- [Fraud-Management] [kafka-producer-network-thread | Fraud-Management-producer-1] org.apache.kafka.clients.NetworkClient   : [Producer clientId=Fraud-Management-producer-1] Received API_VERSIONS response from node 0 for request with header RequestHeader(apiKey=API_VERSIONS, apiVersion=3, clientId=Fraud-Management-producer-1, correlationId=4, headerVersion=2): ApiVersionsResponseData(errorCode=0, apiKeys=[ApiVersion(apiKey=0, minVersion=0, maxVersion=10), ApiVersion(apiKey=1, minVersion=0, maxVersion=16), ApiVersion(apiKey=2, minVersion=0, maxVersion=8), ApiVersion(apiKey=3, minVersion=0, maxVersion=12), ApiVersion(apiKey=4, minVersion=0, maxVersion=7), ApiVersion(apiKey=5, minVersion=0, maxVersion=4), ApiVersion(apiKey=6, minVersion=0, maxVersion=8), ApiVersion(apiKey=7, minVersion=0, maxVersion=3), ApiVersion(apiKey=8, minVersion=0, maxVersion=9), ApiVersion(apiKey=9, minVersion=0, maxVersion=9), ApiVersion(apiKey=10, minVersion=0, maxVersion=4), ApiVersion(apiKey=11, minVersion=0, maxVersion=9), ApiVersion(apiKey=12, minVersion=0, maxVersion=4), ApiVersion(apiKey=13, minVersion=0, maxVersion=5), ApiVersion(apiKey=14, minVersion=0, maxVersion=5), ApiVersion(apiKey=15, minVersion=0, maxVersion=5), ApiVersion(apiKey=16, minVersion=0, maxVersion=4), ApiVersion(apiKey=17, minVersion=0, maxVersion=1), ApiVersion(apiKey=18, minVersion=0, maxVersion=3), ApiVersion(apiKey=19, minVersion=0, maxVersion=7), ApiVersion(apiKey=20, minVersion=0, maxVersion=6), ApiVersion(apiKey=21, minVersion=0, maxVersion=2), ApiVersion(apiKey=22, minVersion=0, maxVersion=4), ApiVersion(apiKey=23, minVersion=0, maxVersion=4), ApiVersion(apiKey=24, minVersion=0, maxVersion=4), ApiVersion(apiKey=25, minVersion=0, maxVersion=3), ApiVersion(apiKey=26, minVersion=0, maxVersion=3), ApiVersion(apiKey=27, minVersion=0, maxVersion=1), ApiVersion(apiKey=28, minVersion=0, maxVersion=3), ApiVersion(apiKey=29, minVersion=0, maxVersion=3), ApiVersion(apiKey=30, minVersion=0, maxVersion=3), ApiVersion(apiKey=31, minVersion=0, maxVersion=3), ApiVersion(apiKey=32, minVersion=0, maxVersion=4), ApiVersion(apiKey=33, minVersion=0, maxVersion=2), ApiVersion(apiKey=34, minVersion=0, maxVersion=2), ApiVersion(apiKey=35, minVersion=0, maxVersion=4), ApiVersion(apiKey=36, minVersion=0, maxVersion=2), ApiVersion(apiKey=37, minVersion=0, maxVersion=3), ApiVersion(apiKey=38, minVersion=0, maxVersion=3), ApiVersion(apiKey=39, minVersion=0, maxVersion=2), ApiVersion(apiKey=40, minVersion=0, maxVersion=2), ApiVersion(apiKey=41, minVersion=0, maxVersion=3), ApiVersion(apiKey=42, minVersion=0, maxVersion=2), ApiVersion(apiKey=43, minVersion=0, maxVersion=2), ApiVersion(apiKey=44, minVersion=0, maxVersion=1), ApiVersion(apiKey=45, minVersion=0, maxVersion=0), ApiVersion(apiKey=46, minVersion=0, maxVersion=0), ApiVersion(apiKey=47, minVersion=0, maxVersion=0), ApiVersion(apiKey=48, minVersion=0, maxVersion=1), ApiVersion(apiKey=49, minVersion=0, maxVersion=1), ApiVersion(apiKey=50, minVersion=0, maxVersion=0), ApiVersion(apiKey=51, minVersion=0, maxVersion=0), ApiVersion(apiKey=56, minVersion=0, maxVersion=3), ApiVersion(apiKey=57, minVersion=0, maxVersion=1), ApiVersion(apiKey=58, minVersion=0, maxVersion=0), ApiVersion(apiKey=60, minVersion=0, maxVersion=1), ApiVersion(apiKey=61, minVersion=0, maxVersion=0), ApiVersion(apiKey=65, minVersion=0, maxVersion=0), ApiVersion(apiKey=66, minVersion=0, maxVersion=0), ApiVersion(apiKey=67, minVersion=0, maxVersion=0), ApiVersion(apiKey=68, minVersion=0, maxVersion=0)], throttleTimeMs=0, supportedFeatures=[], finalizedFeaturesEpoch=0, finalizedFeatures=[], zkMigrationReady=false)
2026-05-21T20:36:37.780+05:30 DEBUG 4847 --- [Fraud-Management] [kafka-producer-network-thread | Fraud-Management-producer-1] org.apache.kafka.clients.NetworkClient   : [Producer clientId=Fraud-Management-producer-1] Node 0 has finalized features epoch: 0, finalized features: [], supported features: [], ZK migration ready: false, API versions: (Produce(0): 0 to 10 [usable: 10], Fetch(1): 0 to 16 [usable: 16], ListOffsets(2): 0 to 8 [usable: 8], Metadata(3): 0 to 12 [usable: 12], LeaderAndIsr(4): 0 to 7 [usable: 7], StopReplica(5): 0 to 4 [usable: 4], UpdateMetadata(6): 0 to 8 [usable: 8], ControlledShutdown(7): 0 to 3 [usable: 3], OffsetCommit(8): 0 to 9 [usable: 9], OffsetFetch(9): 0 to 9 [usable: 9], FindCoordinator(10): 0 to 4 [usable: 4], JoinGroup(11): 0 to 9 [usable: 9], Heartbeat(12): 0 to 4 [usable: 4], LeaveGroup(13): 0 to 5 [usable: 5], SyncGroup(14): 0 to 5 [usable: 5], DescribeGroups(15): 0 to 5 [usable: 5], ListGroups(16): 0 to 4 [usable: 4], SaslHandshake(17): 0 to 1 [usable: 1], ApiVersions(18): 0 to 3 [usable: 3], CreateTopics(19): 0 to 7 [usable: 7], DeleteTopics(20): 0 to 6 [usable: 6], DeleteRecords(21): 0 to 2 [usable: 2], InitProducerId(22): 0 to 4 [usable: 4], OffsetForLeaderEpoch(23): 0 to 4 [usable: 4], AddPartitionsToTxn(24): 0 to 4 [usable: 4], AddOffsetsToTxn(25): 0 to 3 [usable: 3], EndTxn(26): 0 to 3 [usable: 3], WriteTxnMarkers(27): 0 to 1 [usable: 1], TxnOffsetCommit(28): 0 to 3 [usable: 3], DescribeAcls(29): 0 to 3 [usable: 3], CreateAcls(30): 0 to 3 [usable: 3], DeleteAcls(31): 0 to 3 [usable: 3], DescribeConfigs(32): 0 to 4 [usable: 4], AlterConfigs(33): 0 to 2 [usable: 2], AlterReplicaLogDirs(34): 0 to 2 [usable: 2], DescribeLogDirs(35): 0 to 4 [usable: 4], SaslAuthenticate(36): 0 to 2 [usable: 2], CreatePartitions(37): 0 to 3 [usable: 3], CreateDelegationToken(38): 0 to 3 [usable: 3], RenewDelegationToken(39): 0 to 2 [usable: 2], ExpireDelegationToken(40): 0 to 2 [usable: 2], DescribeDelegationToken(41): 0 to 3 [usable: 3], DeleteGroups(42): 0 to 2 [usable: 2], ElectLeaders(43): 0 to 2 [usable: 2], IncrementalAlterConfigs(44): 0 to 1 [usable: 1], AlterPartitionReassignments(45): 0 [usable: 0], ListPartitionReassignments(46): 0 [usable: 0], OffsetDelete(47): 0 [usable: 0], DescribeClientQuotas(48): 0 to 1 [usable: 1], AlterClientQuotas(49): 0 to 1 [usable: 1], DescribeUserScramCredentials(50): 0 [usable: 0], AlterUserScramCredentials(51): 0 [usable: 0], DescribeQuorum(55): UNSUPPORTED, AlterPartition(56): 0 to 3 [usable: 3], UpdateFeatures(57): 0 to 1 [usable: 1], Envelope(58): 0 [usable: 0], DescribeCluster(60): 0 to 1 [usable: 1], DescribeProducers(61): 0 [usable: 0], UnregisterBroker(64): UNSUPPORTED, DescribeTransactions(65): 0 [usable: 0], ListTransactions(66): 0 [usable: 0], AllocateProducerIds(67): 0 [usable: 0], ConsumerGroupHeartbeat(68): 0 [usable: 0], ConsumerGroupDescribe(69): UNSUPPORTED, GetTelemetrySubscriptions(71): UNSUPPORTED, PushTelemetry(72): UNSUPPORTED, ListClientMetricsResources(74): UNSUPPORTED).
2026-05-21T20:36:37.780+05:30 DEBUG 4847 --- [Fraud-Management] [kafka-producer-network-thread | Fraud-Management-producer-1] o.a.k.c.p.internals.TransactionManager   : [Producer clientId=Fraud-Management-producer-1] ProducerId of partition fraud-alerts-0 set to 5 with epoch 0. Reinitialize sequence at beginning.
2026-05-21T20:36:37.780+05:30 DEBUG 4847 --- [Fraud-Management] [kafka-producer-network-thread | Fraud-Management-producer-1] o.a.k.c.p.internals.RecordAccumulator    : [Producer clientId=Fraud-Management-producer-1] Assigned producerId 5 and producerEpoch 0 to batch with base sequence 0 being sent to partition fraud-alerts-0
2026-05-21T20:36:37.782+05:30 DEBUG 4847 --- [Fraud-Management] [kafka-producer-network-thread | Fraud-Management-producer-1] org.apache.kafka.clients.NetworkClient   : [Producer clientId=Fraud-Management-producer-1] Sending PRODUCE request with header RequestHeader(apiKey=PRODUCE, apiVersion=10, clientId=Fraud-Management-producer-1, correlationId=5, headerVersion=2) and timeout 30000 to node 0: {acks=-1,timeout=30000,partitionSizes=[fraud-alerts-0=287]}
2026-05-21T20:36:37.786+05:30 DEBUG 4847 --- [Fraud-Management] [kafka-producer-network-thread | Fraud-Management-producer-1] org.apache.kafka.clients.NetworkClient   : [Producer clientId=Fraud-Management-producer-1] Received PRODUCE response from node 0 for request with header RequestHeader(apiKey=PRODUCE, apiVersion=10, clientId=Fraud-Management-producer-1, correlationId=5, headerVersion=2): ProduceResponseData(responses=[TopicProduceResponse(name='fraud-alerts', partitionResponses=[PartitionProduceResponse(index=0, errorCode=0, baseOffset=6, logAppendTimeMs=-1, logStartOffset=0, recordErrors=[], errorMessage=null, currentLeader=LeaderIdAndEpoch(leaderId=-1, leaderEpoch=-1))])], throttleTimeMs=0, nodeEndpoints=[])
2026-05-21T20:36:37.787+05:30 DEBUG 4847 --- [Fraud-Management] [kafka-producer-network-thread | Fraud-Management-producer-1] o.a.k.c.p.internals.TransactionManager   : [Producer clientId=Fraud-Management-producer-1] ProducerId: 5; Set last ack'd sequence number for topic-partition fraud-alerts-0 to 0
2026-05-21T20:38:00.741+05:30  INFO 4847 --- [Fraud-Management] [AsyncResolver-bootstrap-executor-%d] c.n.d.s.r.aws.ConfigClusterResolver      : Resolving eureka endpoints via configuration
2026-05-21T20:40:04.131+05:30 DEBUG 4847 --- [Fraud-Management] [kafka-producer-network-thread | Fraud-Management-producer-1] org.apache.kafka.clients.NetworkClient   : [Producer clientId=Fraud-Management-producer-1] Sending metadata request MetadataRequestData(topics=[MetadataRequestTopic(topicId=AAAAAAAAAAAAAAAAAAAAAA, name='notification')], allowAutoTopicCreation=true, includeClusterAuthorizedOperations=false, includeTopicAuthorizedOperations=false) to node 192.168.1.15:9092 (id: 0 rack: null)
2026-05-21T20:40:04.138+05:30 DEBUG 4847 --- [Fraud-Management] [kafka-producer-network-thread | Fraud-Management-producer-1] org.apache.kafka.clients.NetworkClient   : [Producer clientId=Fraud-Management-producer-1] Sending METADATA request with header RequestHeader(apiKey=METADATA, apiVersion=12, clientId=Fraud-Management-producer-1, correlationId=8, headerVersion=2) and timeout 30000 to node 0: MetadataRequestData(topics=[MetadataRequestTopic(topicId=AAAAAAAAAAAAAAAAAAAAAA, name='notification')], allowAutoTopicCreation=true, includeClusterAuthorizedOperations=false, includeTopicAuthorizedOperations=false)
2026-05-21T20:40:04.141+05:30 DEBUG 4847 --- [Fraud-Management] [kafka-producer-network-thread | Fraud-Management-producer-1] o.a.k.c.t.i.ClientTelemetryReporter      : Creating telemetry subscription request with client instance id AAAAAAAAAAAAAAAAAAAAAA
2026-05-21T20:40:04.141+05:30 DEBUG 4847 --- [Fraud-Management] [kafka-producer-network-thread | Fraud-Management-producer-1] o.a.k.c.t.i.ClientTelemetryReporter      : Setting telemetry state from SUBSCRIPTION_NEEDED to SUBSCRIPTION_IN_PROGRESS
2026-05-21T20:40:04.142+05:30 DEBUG 4847 --- [Fraud-Management] [kafka-producer-network-thread | Fraud-Management-producer-1] org.apache.kafka.clients.NetworkClient   : [Producer clientId=Fraud-Management-producer-1] Version mismatch when attempting to send GetTelemetrySubscriptionsRequestData(clientInstanceId=AAAAAAAAAAAAAAAAAAAAAA) with correlation id 9 to -1

org.apache.kafka.common.errors.UnsupportedVersionException: The node does not support GET_TELEMETRY_SUBSCRIPTIONS

2026-05-21T20:40:04.145+05:30 DEBUG 4847 --- [Fraud-Management] [kafka-producer-network-thread | Fraud-Management-producer-1] o.a.k.c.t.i.ClientTelemetryReporter      : The broker generated an error for the get telemetry network API request

org.apache.kafka.common.errors.UnsupportedVersionException: The node does not support GET_TELEMETRY_SUBSCRIPTIONS

2026-05-21T20:40:04.146+05:30 DEBUG 4847 --- [Fraud-Management] [kafka-producer-network-thread | Fraud-Management-producer-1] o.a.k.c.t.i.ClientTelemetryReporter      : Updating intervalMs: 300000, lastRequestMs: 1779376204146
2026-05-21T20:40:04.146+05:30 DEBUG 4847 --- [Fraud-Management] [kafka-producer-network-thread | Fraud-Management-producer-1] o.a.k.c.t.i.ClientTelemetryReporter      : Setting telemetry state from SUBSCRIPTION_IN_PROGRESS to SUBSCRIPTION_NEEDED
2026-05-21T20:40:04.151+05:30 DEBUG 4847 --- [Fraud-Management] [kafka-producer-network-thread | Fraud-Management-producer-1] org.apache.kafka.clients.NetworkClient   : [Producer clientId=Fraud-Management-producer-1] Received METADATA response from node 0 for request with header RequestHeader(apiKey=METADATA, apiVersion=12, clientId=Fraud-Management-producer-1, correlationId=8, headerVersion=2): MetadataResponseData(throttleTimeMs=0, brokers=[MetadataResponseBroker(nodeId=0, host='192.168.1.15', port=9092, rack=null)], clusterId='9YJeH9LiQPabFK2-ohTFOA', controllerId=0, topics=[MetadataResponseTopic(errorCode=0, name='notification', topicId=DyxN5cIIS-KuhaJQv1O9gw, isInternal=false, partitions=[MetadataResponsePartition(errorCode=0, partitionIndex=0, leaderId=0, leaderEpoch=0, replicaNodes=[0], isrNodes=[0], offlineReplicas=[])], topicAuthorizedOperations=-2147483648)], clusterAuthorizedOperations=-2147483648)
2026-05-21T20:40:04.152+05:30 DEBUG 4847 --- [Fraud-Management] [kafka-producer-network-thread | Fraud-Management-producer-1] org.apache.kafka.clients.Metadata        : [Producer clientId=Fraud-Management-producer-1] Updating last seen epoch for partition notification-0 from 0 to epoch 0 from new metadata
2026-05-21T20:40:04.155+05:30 DEBUG 4847 --- [Fraud-Management] [kafka-producer-network-thread | Fraud-Management-producer-1] org.apache.kafka.clients.Metadata        : [Producer clientId=Fraud-Management-producer-1] Updated cluster metadata updateVersion 3 to MetadataCache{clusterId='9YJeH9LiQPabFK2-ohTFOA', nodes={0=192.168.1.15:9092 (id: 0 rack: null)}, partitions=[PartitionMetadata(error=NONE, partition=notification-0, leader=Optional[0], leaderEpoch=Optional[0], replicas=0, isr=0, offlineReplicas=)], controller=192.168.1.15:9092 (id: 0 rack: null)}
2026-05-21T20:40:04.157+05:30 DEBUG 4847 --- [Fraud-Management] [kafka-producer-network-thread | Fraud-Management-producer-1] org.apache.kafka.clients.NetworkClient   : [Producer clientId=Fraud-Management-producer-1] Sending metadata request MetadataRequestData(topics=[MetadataRequestTopic(topicId=AAAAAAAAAAAAAAAAAAAAAA, name='valid-transactions'), MetadataRequestTopic(topicId=AAAAAAAAAAAAAAAAAAAAAA, name='rollback-transactions')], allowAutoTopicCreation=true, includeClusterAuthorizedOperations=false, includeTopicAuthorizedOperations=false) to node 192.168.1.15:9092 (id: 0 rack: null)
2026-05-21T20:40:04.157+05:30 DEBUG 4847 --- [Fraud-Management] [kafka-producer-network-thread | Fraud-Management-producer-1] org.apache.kafka.clients.NetworkClient   : [Producer clientId=Fraud-Management-producer-1] Sending METADATA request with header RequestHeader(apiKey=METADATA, apiVersion=12, clientId=Fraud-Management-producer-1, correlationId=9, headerVersion=2) and timeout 30000 to node 0: MetadataRequestData(topics=[MetadataRequestTopic(topicId=AAAAAAAAAAAAAAAAAAAAAA, name='valid-transactions'), MetadataRequestTopic(topicId=AAAAAAAAAAAAAAAAAAAAAA, name='rollback-transactions')], allowAutoTopicCreation=true, includeClusterAuthorizedOperations=false, includeTopicAuthorizedOperations=false)
2026-05-21T20:40:04.157+05:30 DEBUG 4847 --- [Fraud-Management] [kafka-producer-network-thread | Fraud-Management-producer-1] o.a.k.c.t.i.ClientTelemetryReporter      : Creating telemetry subscription request with client instance id AAAAAAAAAAAAAAAAAAAAAA
2026-05-21T20:40:04.157+05:30 DEBUG 4847 --- [Fraud-Management] [kafka-producer-network-thread | Fraud-Management-producer-1] o.a.k.c.t.i.ClientTelemetryReporter      : Setting telemetry state from SUBSCRIPTION_NEEDED to SUBSCRIPTION_IN_PROGRESS
2026-05-21T20:40:04.158+05:30 DEBUG 4847 --- [Fraud-Management] [kafka-producer-network-thread | Fraud-Management-producer-1] org.apache.kafka.clients.NetworkClient   : [Producer clientId=Fraud-Management-producer-1] Version mismatch when attempting to send GetTelemetrySubscriptionsRequestData(clientInstanceId=AAAAAAAAAAAAAAAAAAAAAA) with correlation id 10 to -1

org.apache.kafka.common.errors.UnsupportedVersionException: The node does not support GET_TELEMETRY_SUBSCRIPTIONS

2026-05-21T20:40:04.158+05:30 DEBUG 4847 --- [Fraud-Management] [kafka-producer-network-thread | Fraud-Management-producer-1] o.a.k.c.t.i.ClientTelemetryReporter      : The broker generated an error for the get telemetry network API request

org.apache.kafka.common.errors.UnsupportedVersionException: The node does not support GET_TELEMETRY_SUBSCRIPTIONS

2026-05-21T20:40:04.159+05:30 DEBUG 4847 --- [Fraud-Management] [kafka-producer-network-thread | Fraud-Management-producer-1] o.a.k.c.t.i.ClientTelemetryReporter      : Updating intervalMs: 300000, lastRequestMs: 1779376204159
2026-05-21T20:40:04.159+05:30 DEBUG 4847 --- [Fraud-Management] [kafka-producer-network-thread | Fraud-Management-producer-1] o.a.k.c.t.i.ClientTelemetryReporter      : Setting telemetry state from SUBSCRIPTION_IN_PROGRESS to SUBSCRIPTION_NEEDED
2026-05-21T20:40:04.161+05:30 DEBUG 4847 --- [Fraud-Management] [kafka-producer-network-thread | Fraud-Management-producer-1] org.apache.kafka.clients.NetworkClient   : [Producer clientId=Fraud-Management-producer-1] Received METADATA response from node 0 for request with header RequestHeader(apiKey=METADATA, apiVersion=12, clientId=Fraud-Management-producer-1, correlationId=9, headerVersion=2): MetadataResponseData(throttleTimeMs=0, brokers=[MetadataResponseBroker(nodeId=0, host='192.168.1.15', port=9092, rack=null)], clusterId='9YJeH9LiQPabFK2-ohTFOA', controllerId=0, topics=[MetadataResponseTopic(errorCode=0, name='valid-transactions', topicId=v31IJ8L6TVuEw05Yu2NFTg, isInternal=false, partitions=[MetadataResponsePartition(errorCode=0, partitionIndex=0, leaderId=0, leaderEpoch=0, replicaNodes=[0], isrNodes=[0], offlineReplicas=[])], topicAuthorizedOperations=-2147483648), MetadataResponseTopic(errorCode=0, name='rollback-transactions', topicId=l5_XOGu1T0C1Ywef7hcyoA, isInternal=false, partitions=[MetadataResponsePartition(errorCode=0, partitionIndex=0, leaderId=0, leaderEpoch=0, replicaNodes=[0], isrNodes=[0], offlineReplicas=[])], topicAuthorizedOperations=-2147483648)], clusterAuthorizedOperations=-2147483648)
2026-05-21T20:40:04.162+05:30 DEBUG 4847 --- [Fraud-Management] [kafka-producer-network-thread | Fraud-Management-producer-1] org.apache.kafka.clients.Metadata        : [Producer clientId=Fraud-Management-producer-1] Updating last seen epoch for partition valid-transactions-0 from 0 to epoch 0 from new metadata
2026-05-21T20:40:04.162+05:30 DEBUG 4847 --- [Fraud-Management] [kafka-producer-network-thread | Fraud-Management-producer-1] org.apache.kafka.clients.Metadata        : [Producer clientId=Fraud-Management-producer-1] Updating last seen epoch for partition rollback-transactions-0 from 0 to epoch 0 from new metadata
2026-05-21T20:40:04.162+05:30 DEBUG 4847 --- [Fraud-Management] [kafka-producer-network-thread | Fraud-Management-producer-1] org.apache.kafka.clients.Metadata        : [Producer clientId=Fraud-Management-producer-1] Updated cluster metadata updateVersion 4 to MetadataCache{clusterId='9YJeH9LiQPabFK2-ohTFOA', nodes={0=192.168.1.15:9092 (id: 0 rack: null)}, partitions=[PartitionMetadata(error=NONE, partition=valid-transactions-0, leader=Optional[0], leaderEpoch=Optional[0], replicas=0, isr=0, offlineReplicas=), PartitionMetadata(error=NONE, partition=rollback-transactions-0, leader=Optional[0], leaderEpoch=Optional[0], replicas=0, isr=0, offlineReplicas=)], controller=192.168.1.15:9092 (id: 0 rack: null)}
2026-05-21T20:41:37.559+05:30 DEBUG 4847 --- [Fraud-Management] [kafka-producer-network-thread | Fraud-Management-producer-1] org.apache.kafka.clients.NetworkClient   : [Producer clientId=Fraud-Management-producer-1] Sending metadata request MetadataRequestData(topics=[MetadataRequestTopic(topicId=AAAAAAAAAAAAAAAAAAAAAA, name='fraud-alerts')], allowAutoTopicCreation=true, includeClusterAuthorizedOperations=false, includeTopicAuthorizedOperations=false) to node 192.168.1.15:9092 (id: 0 rack: null)
2026-05-21T20:41:37.562+05:30 DEBUG 4847 --- [Fraud-Management] [kafka-producer-network-thread | Fraud-Management-producer-1] org.apache.kafka.clients.NetworkClient   : [Producer clientId=Fraud-Management-producer-1] Sending METADATA request with header RequestHeader(apiKey=METADATA, apiVersion=12, clientId=Fraud-Management-producer-1, correlationId=6, headerVersion=2) and timeout 30000 to node 0: MetadataRequestData(topics=[MetadataRequestTopic(topicId=AAAAAAAAAAAAAAAAAAAAAA, name='fraud-alerts')], allowAutoTopicCreation=true, includeClusterAuthorizedOperations=false, includeTopicAuthorizedOperations=false)
2026-05-21T20:41:37.564+05:30 DEBUG 4847 --- [Fraud-Management] [kafka-producer-network-thread | Fraud-Management-producer-1] o.a.k.c.t.i.ClientTelemetryReporter      : Creating telemetry subscription request with client instance id AAAAAAAAAAAAAAAAAAAAAA
2026-05-21T20:41:37.564+05:30 DEBUG 4847 --- [Fraud-Management] [kafka-producer-network-thread | Fraud-Management-producer-1] o.a.k.c.t.i.ClientTelemetryReporter      : Setting telemetry state from SUBSCRIPTION_NEEDED to SUBSCRIPTION_IN_PROGRESS
2026-05-21T20:41:37.565+05:30 DEBUG 4847 --- [Fraud-Management] [kafka-producer-network-thread | Fraud-Management-producer-1] org.apache.kafka.clients.NetworkClient   : [Producer clientId=Fraud-Management-producer-1] Version mismatch when attempting to send GetTelemetrySubscriptionsRequestData(clientInstanceId=AAAAAAAAAAAAAAAAAAAAAA) with correlation id 7 to -1

org.apache.kafka.common.errors.UnsupportedVersionException: The node does not support GET_TELEMETRY_SUBSCRIPTIONS

2026-05-21T20:41:37.566+05:30 DEBUG 4847 --- [Fraud-Management] [kafka-producer-network-thread | Fraud-Management-producer-1] o.a.k.c.t.i.ClientTelemetryReporter      : The broker generated an error for the get telemetry network API request

org.apache.kafka.common.errors.UnsupportedVersionException: The node does not support GET_TELEMETRY_SUBSCRIPTIONS

2026-05-21T20:41:37.567+05:30 DEBUG 4847 --- [Fraud-Management] [kafka-producer-network-thread | Fraud-Management-producer-1] o.a.k.c.t.i.ClientTelemetryReporter      : Updating intervalMs: 300000, lastRequestMs: 1779376297567
2026-05-21T20:41:37.567+05:30 DEBUG 4847 --- [Fraud-Management] [kafka-producer-network-thread | Fraud-Management-producer-1] o.a.k.c.t.i.ClientTelemetryReporter      : Setting telemetry state from SUBSCRIPTION_IN_PROGRESS to SUBSCRIPTION_NEEDED
2026-05-21T20:41:37.572+05:30 DEBUG 4847 --- [Fraud-Management] [kafka-producer-network-thread | Fraud-Management-producer-1] org.apache.kafka.clients.NetworkClient   : [Producer clientId=Fraud-Management-producer-1] Received METADATA response from node 0 for request with header RequestHeader(apiKey=METADATA, apiVersion=12, clientId=Fraud-Management-producer-1, correlationId=6, headerVersion=2): MetadataResponseData(throttleTimeMs=0, brokers=[MetadataResponseBroker(nodeId=0, host='192.168.1.15', port=9092, rack=null)], clusterId='9YJeH9LiQPabFK2-ohTFOA', controllerId=0, topics=[MetadataResponseTopic(errorCode=0, name='fraud-alerts', topicId=igZ8IUrNQxqStOjnoWrz9A, isInternal=false, partitions=[MetadataResponsePartition(errorCode=0, partitionIndex=0, leaderId=0, leaderEpoch=0, replicaNodes=[0], isrNodes=[0], offlineReplicas=[])], topicAuthorizedOperations=-2147483648)], clusterAuthorizedOperations=-2147483648)
2026-05-21T20:41:37.573+05:30 DEBUG 4847 --- [Fraud-Management] [kafka-producer-network-thread | Fraud-Management-producer-1] o.a.k.c.p.internals.ProducerMetadata     : [Producer clientId=Fraud-Management-producer-1] Removing unused topic fraud-alerts from the metadata list, expiryMs 1779376297547 now 1779376297571
2026-05-21T20:41:37.574+05:30 DEBUG 4847 --- [Fraud-Management] [kafka-producer-network-thread | Fraud-Management-producer-1] org.apache.kafka.clients.Metadata        : [Producer clientId=Fraud-Management-producer-1] Updated cluster metadata updateVersion 3 to MetadataCache{clusterId='9YJeH9LiQPabFK2-ohTFOA', nodes={0=192.168.1.15:9092 (id: 0 rack: null)}, partitions=[], controller=192.168.1.15:9092 (id: 0 rack: null)}
2026-05-21T20:43:00.760+05:30  INFO 4847 --- [Fraud-Management] [AsyncResolver-bootstrap-executor-%d] c.n.d.s.r.aws.ConfigClusterResolver      : Resolving eureka endpoints via configuration
2026-05-21T20:44:04.211+05:30  INFO 4847 --- [Fraud-Management] [kafka-producer-network-thread | Fraud-Management-producer-1] org.apache.kafka.clients.NetworkClient   : [Producer clientId=Fraud-Management-producer-1] Node -1 disconnected.
2026-05-21T20:44:04.239+05:30 DEBUG 4847 --- [Fraud-Management] [kafka-producer-network-thread | Fraud-Management-producer-1] org.apache.kafka.clients.NetworkClient   : [Producer clientId=Fraud-Management-producer-1] Sending metadata request MetadataRequestData(topics=[MetadataRequestTopic(topicId=AAAAAAAAAAAAAAAAAAAAAA, name='notification')], allowAutoTopicCreation=true, includeClusterAuthorizedOperations=false, includeTopicAuthorizedOperations=false) to node 192.168.1.15:9092 (id: 0 rack: null)
2026-05-21T20:44:04.239+05:30 DEBUG 4847 --- [Fraud-Management] [kafka-producer-network-thread | Fraud-Management-producer-1] org.apache.kafka.clients.NetworkClient   : [Producer clientId=Fraud-Management-producer-1] Sending METADATA request with header RequestHeader(apiKey=METADATA, apiVersion=12, clientId=Fraud-Management-producer-1, correlationId=10, headerVersion=2) and timeout 30000 to node 0: MetadataRequestData(topics=[MetadataRequestTopic(topicId=AAAAAAAAAAAAAAAAAAAAAA, name='notification')], allowAutoTopicCreation=true, includeClusterAuthorizedOperations=false, includeTopicAuthorizedOperations=false)
2026-05-21T20:44:04.243+05:30 DEBUG 4847 --- [Fraud-Management] [kafka-producer-network-thread | Fraud-Management-producer-1] org.apache.kafka.clients.NetworkClient   : [Producer clientId=Fraud-Management-producer-1] Received METADATA response from node 0 for request with header RequestHeader(apiKey=METADATA, apiVersion=12, clientId=Fraud-Management-producer-1, correlationId=10, headerVersion=2): MetadataResponseData(throttleTimeMs=0, brokers=[MetadataResponseBroker(nodeId=0, host='192.168.1.15', port=9092, rack=null)], clusterId='9YJeH9LiQPabFK2-ohTFOA', controllerId=0, topics=[MetadataResponseTopic(errorCode=0, name='notification', topicId=DyxN5cIIS-KuhaJQv1O9gw, isInternal=false, partitions=[MetadataResponsePartition(errorCode=0, partitionIndex=0, leaderId=0, leaderEpoch=0, replicaNodes=[0], isrNodes=[0], offlineReplicas=[])], topicAuthorizedOperations=-2147483648)], clusterAuthorizedOperations=-2147483648)
2026-05-21T20:44:04.244+05:30 DEBUG 4847 --- [Fraud-Management] [kafka-producer-network-thread | Fraud-Management-producer-1] o.a.k.c.p.internals.ProducerMetadata     : [Producer clientId=Fraud-Management-producer-1] Removing unused topic notification from the metadata list, expiryMs 1779376297500 now 1779376444243
2026-05-21T20:44:04.244+05:30 DEBUG 4847 --- [Fraud-Management] [kafka-producer-network-thread | Fraud-Management-producer-1] org.apache.kafka.clients.Metadata        : [Producer clientId=Fraud-Management-producer-1] Updated cluster metadata updateVersion 4 to MetadataCache{clusterId='9YJeH9LiQPabFK2-ohTFOA', nodes={0=192.168.1.15:9092 (id: 0 rack: null)}, partitions=[], controller=192.168.1.15:9092 (id: 0 rack: null)}
2026-05-21T20:44:34.184+05:30  INFO 4847 --- [Fraud-Management] [kafka-producer-network-thread | Fraud-Management-producer-1] org.apache.kafka.clients.NetworkClient   : [Producer clientId=Fraud-Management-producer-1] Node -1 disconnected.
2026-05-21T20:44:34.187+05:30 DEBUG 4847 --- [Fraud-Management] [kafka-producer-network-thread | Fraud-Management-producer-1] org.apache.kafka.clients.NetworkClient   : [Producer clientId=Fraud-Management-producer-1] Sending metadata request MetadataRequestData(topics=[MetadataRequestTopic(topicId=AAAAAAAAAAAAAAAAAAAAAA, name='valid-transactions'), MetadataRequestTopic(topicId=AAAAAAAAAAAAAAAAAAAAAA, name='rollback-transactions')], allowAutoTopicCreation=true, includeClusterAuthorizedOperations=false, includeTopicAuthorizedOperations=false) to node 192.168.1.15:9092 (id: 0 rack: null)
2026-05-21T20:44:34.187+05:30 DEBUG 4847 --- [Fraud-Management] [kafka-producer-network-thread | Fraud-Management-producer-1] org.apache.kafka.clients.NetworkClient   : [Producer clientId=Fraud-Management-producer-1] Sending METADATA request with header RequestHeader(apiKey=METADATA, apiVersion=12, clientId=Fraud-Management-producer-1, correlationId=11, headerVersion=2) and timeout 30000 to node 0: MetadataRequestData(topics=[MetadataRequestTopic(topicId=AAAAAAAAAAAAAAAAAAAAAA, name='valid-transactions'), MetadataRequestTopic(topicId=AAAAAAAAAAAAAAAAAAAAAA, name='rollback-transactions')], allowAutoTopicCreation=true, includeClusterAuthorizedOperations=false, includeTopicAuthorizedOperations=false)
2026-05-21T20:44:34.192+05:30 DEBUG 4847 --- [Fraud-Management] [kafka-producer-network-thread | Fraud-Management-producer-1] org.apache.kafka.clients.NetworkClient   : [Producer clientId=Fraud-Management-producer-1] Received METADATA response from node 0 for request with header RequestHeader(apiKey=METADATA, apiVersion=12, clientId=Fraud-Management-producer-1, correlationId=11, headerVersion=2): MetadataResponseData(throttleTimeMs=0, brokers=[MetadataResponseBroker(nodeId=0, host='192.168.1.15', port=9092, rack=null)], clusterId='9YJeH9LiQPabFK2-ohTFOA', controllerId=0, topics=[MetadataResponseTopic(errorCode=0, name='valid-transactions', topicId=v31IJ8L6TVuEw05Yu2NFTg, isInternal=false, partitions=[MetadataResponsePartition(errorCode=0, partitionIndex=0, leaderId=0, leaderEpoch=0, replicaNodes=[0], isrNodes=[0], offlineReplicas=[])], topicAuthorizedOperations=-2147483648), MetadataResponseTopic(errorCode=0, name='rollback-transactions', topicId=l5_XOGu1T0C1Ywef7hcyoA, isInternal=false, partitions=[MetadataResponsePartition(errorCode=0, partitionIndex=0, leaderId=0, leaderEpoch=0, replicaNodes=[0], isrNodes=[0], offlineReplicas=[])], topicAuthorizedOperations=-2147483648)], clusterAuthorizedOperations=-2147483648)
2026-05-21T20:44:34.192+05:30 DEBUG 4847 --- [Fraud-Management] [kafka-producer-network-thread | Fraud-Management-producer-1] o.a.k.c.p.internals.ProducerMetadata     : [Producer clientId=Fraud-Management-producer-1] Removing unused topic valid-transactions from the metadata list, expiryMs 1779376264692 now 1779376474190
2026-05-21T20:44:34.192+05:30 DEBUG 4847 --- [Fraud-Management] [kafka-producer-network-thread | Fraud-Management-producer-1] o.a.k.c.p.internals.ProducerMetadata     : [Producer clientId=Fraud-Management-producer-1] Removing unused topic rollback-transactions from the metadata list, expiryMs 1779376297506 now 1779376474190
2026-05-21T20:44:34.192+05:30 DEBUG 4847 --- [Fraud-Management] [kafka-producer-network-thread | Fraud-Management-producer-1] org.apache.kafka.clients.Metadata        : [Producer clientId=Fraud-Management-producer-1] Updated cluster metadata updateVersion 5 to MetadataCache{clusterId='9YJeH9LiQPabFK2-ohTFOA', nodes={0=192.168.1.15:9092 (id: 0 rack: null)}, partitions=[], controller=192.168.1.15:9092 (id: 0 rack: null)}
2026-05-21T20:44:46.352+05:30  INFO 4847 --- [Fraud-Management] [http-nio-8082-exec-6] c.f.F.Kafka.TransactionProducer          : Processing transaction: com.fraud_detection.Fraud_Management.DTO.TransactionDTO@1227d30b
2026-05-21T20:44:46.870+05:30 DEBUG 4847 --- [Fraud-Management] [kafka-producer-network-thread | Fraud-Management-producer-1] org.apache.kafka.clients.NetworkClient   : [Producer clientId=Fraud-Management-producer-1] Sending metadata request MetadataRequestData(topics=[MetadataRequestTopic(topicId=AAAAAAAAAAAAAAAAAAAAAA, name='notification')], allowAutoTopicCreation=true, includeClusterAuthorizedOperations=false, includeTopicAuthorizedOperations=false) to node 192.168.1.15:9092 (id: 0 rack: null)
2026-05-21T20:44:46.871+05:30 DEBUG 4847 --- [Fraud-Management] [kafka-producer-network-thread | Fraud-Management-producer-1] org.apache.kafka.clients.NetworkClient   : [Producer clientId=Fraud-Management-producer-1] Sending METADATA request with header RequestHeader(apiKey=METADATA, apiVersion=12, clientId=Fraud-Management-producer-1, correlationId=11, headerVersion=2) and timeout 30000 to node 0: MetadataRequestData(topics=[MetadataRequestTopic(topicId=AAAAAAAAAAAAAAAAAAAAAA, name='notification')], allowAutoTopicCreation=true, includeClusterAuthorizedOperations=false, includeTopicAuthorizedOperations=false)
2026-05-21T20:44:46.875+05:30 DEBUG 4847 --- [Fraud-Management] [kafka-producer-network-thread | Fraud-Management-producer-1] org.apache.kafka.clients.NetworkClient   : [Producer clientId=Fraud-Management-producer-1] Received METADATA response from node 0 for request with header RequestHeader(apiKey=METADATA, apiVersion=12, clientId=Fraud-Management-producer-1, correlationId=11, headerVersion=2): MetadataResponseData(throttleTimeMs=0, brokers=[MetadataResponseBroker(nodeId=0, host='192.168.1.15', port=9092, rack=null)], clusterId='9YJeH9LiQPabFK2-ohTFOA', controllerId=0, topics=[MetadataResponseTopic(errorCode=0, name='notification', topicId=DyxN5cIIS-KuhaJQv1O9gw, isInternal=false, partitions=[MetadataResponsePartition(errorCode=0, partitionIndex=0, leaderId=0, leaderEpoch=0, replicaNodes=[0], isrNodes=[0], offlineReplicas=[])], topicAuthorizedOperations=-2147483648)], clusterAuthorizedOperations=-2147483648)
2026-05-21T20:44:46.876+05:30 DEBUG 4847 --- [Fraud-Management] [kafka-producer-network-thread | Fraud-Management-producer-1] org.apache.kafka.clients.Metadata        : [Producer clientId=Fraud-Management-producer-1] Setting the last seen epoch of partition notification-0 to 0 since the last known epoch was undefined.
2026-05-21T20:44:46.877+05:30 DEBUG 4847 --- [Fraud-Management] [kafka-producer-network-thread | Fraud-Management-producer-1] org.apache.kafka.clients.Metadata        : [Producer clientId=Fraud-Management-producer-1] Updated cluster metadata updateVersion 5 to MetadataCache{clusterId='9YJeH9LiQPabFK2-ohTFOA', nodes={0=192.168.1.15:9092 (id: 0 rack: null)}, partitions=[PartitionMetadata(error=NONE, partition=notification-0, leader=Optional[0], leaderEpoch=Optional[0], replicas=0, isr=0, offlineReplicas=)], controller=192.168.1.15:9092 (id: 0 rack: null)}
2026-05-21T20:44:46.880+05:30  INFO 4847 --- [Fraud-Management] [http-nio-8082-exec-6] c.f.F.Kafka.TransactionProducer          : Notification sent for transaction ID: baab0e7f-a8e6-4adb-940e-7dc2de9cff0f
2026-05-21T20:44:46.880+05:30  INFO 4847 --- [Fraud-Management] [http-nio-8082-exec-6] c.f.F.Kafka.TransactionProducer          : Transaction evaluation result: VALID
2026-05-21T20:44:46.880+05:30 DEBUG 4847 --- [Fraud-Management] [kafka-producer-network-thread | Fraud-Management-producer-1] o.a.k.c.p.internals.RecordAccumulator    : [Producer clientId=Fraud-Management-producer-1] Assigned producerId 3 and producerEpoch 0 to batch with base sequence 3 being sent to partition notification-0
2026-05-21T20:44:46.882+05:30 DEBUG 4847 --- [Fraud-Management] [kafka-producer-network-thread | Fraud-Management-producer-1] org.apache.kafka.clients.NetworkClient   : [Producer clientId=Fraud-Management-producer-1] Sending metadata request MetadataRequestData(topics=[MetadataRequestTopic(topicId=AAAAAAAAAAAAAAAAAAAAAA, name='valid-transactions')], allowAutoTopicCreation=true, includeClusterAuthorizedOperations=false, includeTopicAuthorizedOperations=false) to node 192.168.1.15:9092 (id: 0 rack: null)
2026-05-21T20:44:46.882+05:30 DEBUG 4847 --- [Fraud-Management] [kafka-producer-network-thread | Fraud-Management-producer-1] org.apache.kafka.clients.NetworkClient   : [Producer clientId=Fraud-Management-producer-1] Sending PRODUCE request with header RequestHeader(apiKey=PRODUCE, apiVersion=10, clientId=Fraud-Management-producer-1, correlationId=12, headerVersion=2) and timeout 30000 to node 0: {acks=-1,timeout=30000,partitionSizes=[notification-0=140]}
2026-05-21T20:44:46.883+05:30 DEBUG 4847 --- [Fraud-Management] [kafka-producer-network-thread | Fraud-Management-producer-1] org.apache.kafka.clients.NetworkClient   : [Producer clientId=Fraud-Management-producer-1] Sending METADATA request with header RequestHeader(apiKey=METADATA, apiVersion=12, clientId=Fraud-Management-producer-1, correlationId=12, headerVersion=2) and timeout 30000 to node 0: MetadataRequestData(topics=[MetadataRequestTopic(topicId=AAAAAAAAAAAAAAAAAAAAAA, name='valid-transactions')], allowAutoTopicCreation=true, includeClusterAuthorizedOperations=false, includeTopicAuthorizedOperations=false)
2026-05-21T20:44:46.885+05:30 DEBUG 4847 --- [Fraud-Management] [kafka-producer-network-thread | Fraud-Management-producer-1] org.apache.kafka.clients.NetworkClient   : [Producer clientId=Fraud-Management-producer-1] Received METADATA response from node 0 for request with header RequestHeader(apiKey=METADATA, apiVersion=12, clientId=Fraud-Management-producer-1, correlationId=12, headerVersion=2): MetadataResponseData(throttleTimeMs=0, brokers=[MetadataResponseBroker(nodeId=0, host='192.168.1.15', port=9092, rack=null)], clusterId='9YJeH9LiQPabFK2-ohTFOA', controllerId=0, topics=[MetadataResponseTopic(errorCode=0, name='valid-transactions', topicId=v31IJ8L6TVuEw05Yu2NFTg, isInternal=false, partitions=[MetadataResponsePartition(errorCode=0, partitionIndex=0, leaderId=0, leaderEpoch=0, replicaNodes=[0], isrNodes=[0], offlineReplicas=[])], topicAuthorizedOperations=-2147483648)], clusterAuthorizedOperations=-2147483648)
2026-05-21T20:44:46.885+05:30 DEBUG 4847 --- [Fraud-Management] [kafka-producer-network-thread | Fraud-Management-producer-1] org.apache.kafka.clients.Metadata        : [Producer clientId=Fraud-Management-producer-1] Setting the last seen epoch of partition valid-transactions-0 to 0 since the last known epoch was undefined.
2026-05-21T20:44:46.885+05:30 DEBUG 4847 --- [Fraud-Management] [kafka-producer-network-thread | Fraud-Management-producer-1] org.apache.kafka.clients.Metadata        : [Producer clientId=Fraud-Management-producer-1] Updated cluster metadata updateVersion 6 to MetadataCache{clusterId='9YJeH9LiQPabFK2-ohTFOA', nodes={0=192.168.1.15:9092 (id: 0 rack: null)}, partitions=[PartitionMetadata(error=NONE, partition=valid-transactions-0, leader=Optional[0], leaderEpoch=Optional[0], replicas=0, isr=0, offlineReplicas=)], controller=192.168.1.15:9092 (id: 0 rack: null)}
2026-05-21T20:44:46.887+05:30  INFO 4847 --- [Fraud-Management] [http-nio-8082-exec-6] c.f.F.Kafka.TransactionProducer          : Transaction is VALID: baab0e7f-a8e6-4adb-940e-7dc2de9cff0f
2026-05-21T20:44:46.889+05:30 DEBUG 4847 --- [Fraud-Management] [kafka-producer-network-thread | Fraud-Management-producer-1] o.a.k.c.p.internals.RecordAccumulator    : [Producer clientId=Fraud-Management-producer-1] Assigned producerId 4 and producerEpoch 0 to batch with base sequence 2 being sent to partition valid-transactions-0
2026-05-21T20:44:46.890+05:30 DEBUG 4847 --- [Fraud-Management] [kafka-producer-network-thread | Fraud-Management-producer-1] org.apache.kafka.clients.NetworkClient   : [Producer clientId=Fraud-Management-producer-1] Sending PRODUCE request with header RequestHeader(apiKey=PRODUCE, apiVersion=10, clientId=Fraud-Management-producer-1, correlationId=13, headerVersion=2) and timeout 30000 to node 0: {acks=-1,timeout=30000,partitionSizes=[valid-transactions-0=352]}
2026-05-21T20:44:46.913+05:30 DEBUG 4847 --- [Fraud-Management] [kafka-producer-network-thread | Fraud-Management-producer-1] org.apache.kafka.clients.NetworkClient   : [Producer clientId=Fraud-Management-producer-1] Received PRODUCE response from node 0 for request with header RequestHeader(apiKey=PRODUCE, apiVersion=10, clientId=Fraud-Management-producer-1, correlationId=12, headerVersion=2): ProduceResponseData(responses=[TopicProduceResponse(name='notification', partitionResponses=[PartitionProduceResponse(index=0, errorCode=0, baseOffset=11, logAppendTimeMs=-1, logStartOffset=0, recordErrors=[], errorMessage=null, currentLeader=LeaderIdAndEpoch(leaderId=-1, leaderEpoch=-1))])], throttleTimeMs=0, nodeEndpoints=[])
2026-05-21T20:44:46.913+05:30 DEBUG 4847 --- [Fraud-Management] [kafka-producer-network-thread | Fraud-Management-producer-1] org.apache.kafka.clients.NetworkClient   : [Producer clientId=Fraud-Management-producer-1] Received PRODUCE response from node 0 for request with header RequestHeader(apiKey=PRODUCE, apiVersion=10, clientId=Fraud-Management-producer-1, correlationId=13, headerVersion=2): ProduceResponseData(responses=[TopicProduceResponse(name='valid-transactions', partitionResponses=[PartitionProduceResponse(index=0, errorCode=0, baseOffset=5, logAppendTimeMs=-1, logStartOffset=0, recordErrors=[], errorMessage=null, currentLeader=LeaderIdAndEpoch(leaderId=-1, leaderEpoch=-1))])], throttleTimeMs=0, nodeEndpoints=[])
2026-05-21T20:44:46.914+05:30 DEBUG 4847 --- [Fraud-Management] [kafka-producer-network-thread | Fraud-Management-producer-1] o.a.k.c.p.internals.TransactionManager   : [Producer clientId=Fraud-Management-producer-1] ProducerId: 3; Set last ack'd sequence number for topic-partition notification-0 to 3
2026-05-21T20:44:46.914+05:30 DEBUG 4847 --- [Fraud-Management] [kafka-producer-network-thread | Fraud-Management-producer-1] o.a.k.c.p.internals.TransactionManager   : [Producer clientId=Fraud-Management-producer-1] ProducerId: 4; Set last ack'd sequence number for topic-partition valid-transactions-0 to 2
2026-05-21T20:45:04.152+05:30 DEBUG 4847 --- [Fraud-Management] [kafka-producer-network-thread | Fraud-Management-producer-1] org.apache.kafka.clients.NetworkClient   : [Producer clientId=Fraud-Management-producer-1] Initialize connection to node localhost:9092 (id: -1 rack: null) for sending telemetry request
2026-05-21T20:45:04.156+05:30 DEBUG 4847 --- [Fraud-Management] [kafka-producer-network-thread | Fraud-Management-producer-1] org.apache.kafka.clients.ClientUtils     : Resolved host localhost as 127.0.0.1
2026-05-21T20:45:04.156+05:30 DEBUG 4847 --- [Fraud-Management] [kafka-producer-network-thread | Fraud-Management-producer-1] o.a.k.clients.ClusterConnectionStates    : [Producer clientId=Fraud-Management-producer-1] Resolved host localhost to addresses [localhost/127.0.0.1]
2026-05-21T20:45:04.157+05:30 DEBUG 4847 --- [Fraud-Management] [kafka-producer-network-thread | Fraud-Management-producer-1] org.apache.kafka.clients.NetworkClient   : [Producer clientId=Fraud-Management-producer-1] Initiating connection to node localhost:9092 (id: -1 rack: null) using address localhost/127.0.0.1
2026-05-21T20:45:04.159+05:30 DEBUG 4847 --- [Fraud-Management] [kafka-producer-network-thread | Fraud-Management-producer-1] o.apache.kafka.common.network.Selector   : [Producer clientId=Fraud-Management-producer-1] Created socket with SO_RCVBUF = 326640, SO_SNDBUF = 146988, SO_TIMEOUT = 0 to node -1
2026-05-21T20:45:04.159+05:30 DEBUG 4847 --- [Fraud-Management] [kafka-producer-network-thread | Fraud-Management-producer-1] org.apache.kafka.clients.NetworkClient   : [Producer clientId=Fraud-Management-producer-1] Completed connection to node -1. Fetching API versions.
2026-05-21T20:45:04.159+05:30 DEBUG 4847 --- [Fraud-Management] [kafka-producer-network-thread | Fraud-Management-producer-1] org.apache.kafka.clients.NetworkClient   : [Producer clientId=Fraud-Management-producer-1] Initiating API versions fetch from node -1.
2026-05-21T20:45:04.160+05:30 DEBUG 4847 --- [Fraud-Management] [kafka-producer-network-thread | Fraud-Management-producer-1] org.apache.kafka.clients.NetworkClient   : [Producer clientId=Fraud-Management-producer-1] Sending API_VERSIONS request with header RequestHeader(apiKey=API_VERSIONS, apiVersion=3, clientId=Fraud-Management-producer-1, correlationId=13, headerVersion=2) and timeout 30000 to node -1: ApiVersionsRequestData(clientSoftwareName='apache-kafka-java', clientSoftwareVersion='3.7.0')
2026-05-21T20:45:04.161+05:30 DEBUG 4847 --- [Fraud-Management] [kafka-producer-network-thread | Fraud-Management-producer-1] org.apache.kafka.clients.NetworkClient   : [Producer clientId=Fraud-Management-producer-1] Initialize connection to node localhost:9092 (id: -1 rack: null) for sending telemetry request
2026-05-21T20:45:04.161+05:30 DEBUG 4847 --- [Fraud-Management] [kafka-producer-network-thread | Fraud-Management-producer-1] org.apache.kafka.clients.ClientUtils     : Resolved host localhost as 127.0.0.1
2026-05-21T20:45:04.161+05:30 DEBUG 4847 --- [Fraud-Management] [kafka-producer-network-thread | Fraud-Management-producer-1] o.a.k.clients.ClusterConnectionStates    : [Producer clientId=Fraud-Management-producer-1] Resolved host localhost to addresses [localhost/127.0.0.1]
2026-05-21T20:45:04.162+05:30 DEBUG 4847 --- [Fraud-Management] [kafka-producer-network-thread | Fraud-Management-producer-1] org.apache.kafka.clients.NetworkClient   : [Producer clientId=Fraud-Management-producer-1] Initiating connection to node localhost:9092 (id: -1 rack: null) using address localhost/127.0.0.1
2026-05-21T20:45:04.161+05:30 DEBUG 4847 --- [Fraud-Management] [kafka-producer-network-thread | Fraud-Management-producer-1] o.a.k.c.t.i.ClientTelemetryReporter      : Creating telemetry subscription request with client instance id AAAAAAAAAAAAAAAAAAAAAA
2026-05-21T20:45:04.162+05:30 DEBUG 4847 --- [Fraud-Management] [kafka-producer-network-thread | Fraud-Management-producer-1] o.a.k.c.t.i.ClientTelemetryReporter      : Setting telemetry state from SUBSCRIPTION_NEEDED to SUBSCRIPTION_IN_PROGRESS
2026-05-21T20:45:04.162+05:30 DEBUG 4847 --- [Fraud-Management] [kafka-producer-network-thread | Fraud-Management-producer-1] o.apache.kafka.common.network.Selector   : [Producer clientId=Fraud-Management-producer-1] Created socket with SO_RCVBUF = 326640, SO_SNDBUF = 146988, SO_TIMEOUT = 0 to node -1
2026-05-21T20:45:04.163+05:30 DEBUG 4847 --- [Fraud-Management] [kafka-producer-network-thread | Fraud-Management-producer-1] org.apache.kafka.clients.NetworkClient   : [Producer clientId=Fraud-Management-producer-1] Completed connection to node -1. Fetching API versions.
2026-05-21T20:45:04.163+05:30 DEBUG 4847 --- [Fraud-Management] [kafka-producer-network-thread | Fraud-Management-producer-1] org.apache.kafka.clients.NetworkClient   : [Producer clientId=Fraud-Management-producer-1] Initiating API versions fetch from node -1.
2026-05-21T20:45:04.162+05:30 DEBUG 4847 --- [Fraud-Management] [kafka-producer-network-thread | Fraud-Management-producer-1] org.apache.kafka.clients.NetworkClient   : [Producer clientId=Fraud-Management-producer-1] Version mismatch when attempting to send GetTelemetrySubscriptionsRequestData(clientInstanceId=AAAAAAAAAAAAAAAAAAAAAA) with correlation id 14 to 0

org.apache.kafka.common.errors.UnsupportedVersionException: The node does not support GET_TELEMETRY_SUBSCRIPTIONS

2026-05-21T20:45:04.163+05:30 DEBUG 4847 --- [Fraud-Management] [kafka-producer-network-thread | Fraud-Management-producer-1] org.apache.kafka.clients.NetworkClient   : [Producer clientId=Fraud-Management-producer-1] Sending API_VERSIONS request with header RequestHeader(apiKey=API_VERSIONS, apiVersion=3, clientId=Fraud-Management-producer-1, correlationId=14, headerVersion=2) and timeout 30000 to node -1: ApiVersionsRequestData(clientSoftwareName='apache-kafka-java', clientSoftwareVersion='3.7.0')
2026-05-21T20:45:04.163+05:30 DEBUG 4847 --- [Fraud-Management] [kafka-producer-network-thread | Fraud-Management-producer-1] o.a.k.c.t.i.ClientTelemetryReporter      : The broker generated an error for the get telemetry network API request

org.apache.kafka.common.errors.UnsupportedVersionException: The node does not support GET_TELEMETRY_SUBSCRIPTIONS

2026-05-21T20:45:04.163+05:30 DEBUG 4847 --- [Fraud-Management] [kafka-producer-network-thread | Fraud-Management-producer-1] o.a.k.c.t.i.ClientTelemetryReporter      : Updating intervalMs: 300000, lastRequestMs: 1779376504163
2026-05-21T20:45:04.164+05:30 DEBUG 4847 --- [Fraud-Management] [kafka-producer-network-thread | Fraud-Management-producer-1] o.a.k.c.t.i.ClientTelemetryReporter      : Setting telemetry state from SUBSCRIPTION_IN_PROGRESS to SUBSCRIPTION_NEEDED
2026-05-21T20:45:04.164+05:30 DEBUG 4847 --- [Fraud-Management] [kafka-producer-network-thread | Fraud-Management-producer-1] o.a.k.c.t.i.ClientTelemetryReporter      : Creating telemetry subscription request with client instance id AAAAAAAAAAAAAAAAAAAAAA
2026-05-21T20:45:04.164+05:30 DEBUG 4847 --- [Fraud-Management] [kafka-producer-network-thread | Fraud-Management-producer-1] o.a.k.c.t.i.ClientTelemetryReporter      : Setting telemetry state from SUBSCRIPTION_NEEDED to SUBSCRIPTION_IN_PROGRESS
2026-05-21T20:45:04.164+05:30 DEBUG 4847 --- [Fraud-Management] [kafka-producer-network-thread | Fraud-Management-producer-1] org.apache.kafka.clients.NetworkClient   : [Producer clientId=Fraud-Management-producer-1] Version mismatch when attempting to send GetTelemetrySubscriptionsRequestData(clientInstanceId=AAAAAAAAAAAAAAAAAAAAAA) with correlation id 15 to 0

org.apache.kafka.common.errors.UnsupportedVersionException: The node does not support GET_TELEMETRY_SUBSCRIPTIONS

2026-05-21T20:45:04.165+05:30 DEBUG 4847 --- [Fraud-Management] [kafka-producer-network-thread | Fraud-Management-producer-1] o.a.k.c.t.i.ClientTelemetryReporter      : The broker generated an error for the get telemetry network API request

org.apache.kafka.common.errors.UnsupportedVersionException: The node does not support GET_TELEMETRY_SUBSCRIPTIONS

2026-05-21T20:45:04.165+05:30 DEBUG 4847 --- [Fraud-Management] [kafka-producer-network-thread | Fraud-Management-producer-1] o.a.k.c.t.i.ClientTelemetryReporter      : Updating intervalMs: 300000, lastRequestMs: 1779376504165
2026-05-21T20:45:04.165+05:30 DEBUG 4847 --- [Fraud-Management] [kafka-producer-network-thread | Fraud-Management-producer-1] o.a.k.c.t.i.ClientTelemetryReporter      : Setting telemetry state from SUBSCRIPTION_IN_PROGRESS to SUBSCRIPTION_NEEDED
2026-05-21T20:45:04.167+05:30 DEBUG 4847 --- [Fraud-Management] [kafka-producer-network-thread | Fraud-Management-producer-1] org.apache.kafka.clients.NetworkClient   : [Producer clientId=Fraud-Management-producer-1] Received API_VERSIONS response from node -1 for request with header RequestHeader(apiKey=API_VERSIONS, apiVersion=3, clientId=Fraud-Management-producer-1, correlationId=13, headerVersion=2): ApiVersionsResponseData(errorCode=0, apiKeys=[ApiVersion(apiKey=0, minVersion=0, maxVersion=10), ApiVersion(apiKey=1, minVersion=0, maxVersion=16), ApiVersion(apiKey=2, minVersion=0, maxVersion=8), ApiVersion(apiKey=3, minVersion=0, maxVersion=12), ApiVersion(apiKey=4, minVersion=0, maxVersion=7), ApiVersion(apiKey=5, minVersion=0, maxVersion=4), ApiVersion(apiKey=6, minVersion=0, maxVersion=8), ApiVersion(apiKey=7, minVersion=0, maxVersion=3), ApiVersion(apiKey=8, minVersion=0, maxVersion=9), ApiVersion(apiKey=9, minVersion=0, maxVersion=9), ApiVersion(apiKey=10, minVersion=0, maxVersion=4), ApiVersion(apiKey=11, minVersion=0, maxVersion=9), ApiVersion(apiKey=12, minVersion=0, maxVersion=4), ApiVersion(apiKey=13, minVersion=0, maxVersion=5), ApiVersion(apiKey=14, minVersion=0, maxVersion=5), ApiVersion(apiKey=15, minVersion=0, maxVersion=5), ApiVersion(apiKey=16, minVersion=0, maxVersion=4), ApiVersion(apiKey=17, minVersion=0, maxVersion=1), ApiVersion(apiKey=18, minVersion=0, maxVersion=3), ApiVersion(apiKey=19, minVersion=0, maxVersion=7), ApiVersion(apiKey=20, minVersion=0, maxVersion=6), ApiVersion(apiKey=21, minVersion=0, maxVersion=2), ApiVersion(apiKey=22, minVersion=0, maxVersion=4), ApiVersion(apiKey=23, minVersion=0, maxVersion=4), ApiVersion(apiKey=24, minVersion=0, maxVersion=4), ApiVersion(apiKey=25, minVersion=0, maxVersion=3), ApiVersion(apiKey=26, minVersion=0, maxVersion=3), ApiVersion(apiKey=27, minVersion=0, maxVersion=1), ApiVersion(apiKey=28, minVersion=0, maxVersion=3), ApiVersion(apiKey=29, minVersion=0, maxVersion=3), ApiVersion(apiKey=30, minVersion=0, maxVersion=3), ApiVersion(apiKey=31, minVersion=0, maxVersion=3), ApiVersion(apiKey=32, minVersion=0, maxVersion=4), ApiVersion(apiKey=33, minVersion=0, maxVersion=2), ApiVersion(apiKey=34, minVersion=0, maxVersion=2), ApiVersion(apiKey=35, minVersion=0, maxVersion=4), ApiVersion(apiKey=36, minVersion=0, maxVersion=2), ApiVersion(apiKey=37, minVersion=0, maxVersion=3), ApiVersion(apiKey=38, minVersion=0, maxVersion=3), ApiVersion(apiKey=39, minVersion=0, maxVersion=2), ApiVersion(apiKey=40, minVersion=0, maxVersion=2), ApiVersion(apiKey=41, minVersion=0, maxVersion=3), ApiVersion(apiKey=42, minVersion=0, maxVersion=2), ApiVersion(apiKey=43, minVersion=0, maxVersion=2), ApiVersion(apiKey=44, minVersion=0, maxVersion=1), ApiVersion(apiKey=45, minVersion=0, maxVersion=0), ApiVersion(apiKey=46, minVersion=0, maxVersion=0), ApiVersion(apiKey=47, minVersion=0, maxVersion=0), ApiVersion(apiKey=48, minVersion=0, maxVersion=1), ApiVersion(apiKey=49, minVersion=0, maxVersion=1), ApiVersion(apiKey=50, minVersion=0, maxVersion=0), ApiVersion(apiKey=51, minVersion=0, maxVersion=0), ApiVersion(apiKey=56, minVersion=0, maxVersion=3), ApiVersion(apiKey=57, minVersion=0, maxVersion=1), ApiVersion(apiKey=58, minVersion=0, maxVersion=0), ApiVersion(apiKey=60, minVersion=0, maxVersion=1), ApiVersion(apiKey=61, minVersion=0, maxVersion=0), ApiVersion(apiKey=65, minVersion=0, maxVersion=0), ApiVersion(apiKey=66, minVersion=0, maxVersion=0), ApiVersion(apiKey=67, minVersion=0, maxVersion=0), ApiVersion(apiKey=68, minVersion=0, maxVersion=0)], throttleTimeMs=0, supportedFeatures=[], finalizedFeaturesEpoch=0, finalizedFeatures=[], zkMigrationReady=false)
2026-05-21T20:45:04.167+05:30 DEBUG 4847 --- [Fraud-Management] [kafka-producer-network-thread | Fraud-Management-producer-1] org.apache.kafka.clients.NetworkClient   : [Producer clientId=Fraud-Management-producer-1] Received API_VERSIONS response from node -1 for request with header RequestHeader(apiKey=API_VERSIONS, apiVersion=3, clientId=Fraud-Management-producer-1, correlationId=14, headerVersion=2): ApiVersionsResponseData(errorCode=0, apiKeys=[ApiVersion(apiKey=0, minVersion=0, maxVersion=10), ApiVersion(apiKey=1, minVersion=0, maxVersion=16), ApiVersion(apiKey=2, minVersion=0, maxVersion=8), ApiVersion(apiKey=3, minVersion=0, maxVersion=12), ApiVersion(apiKey=4, minVersion=0, maxVersion=7), ApiVersion(apiKey=5, minVersion=0, maxVersion=4), ApiVersion(apiKey=6, minVersion=0, maxVersion=8), ApiVersion(apiKey=7, minVersion=0, maxVersion=3), ApiVersion(apiKey=8, minVersion=0, maxVersion=9), ApiVersion(apiKey=9, minVersion=0, maxVersion=9), ApiVersion(apiKey=10, minVersion=0, maxVersion=4), ApiVersion(apiKey=11, minVersion=0, maxVersion=9), ApiVersion(apiKey=12, minVersion=0, maxVersion=4), ApiVersion(apiKey=13, minVersion=0, maxVersion=5), ApiVersion(apiKey=14, minVersion=0, maxVersion=5), ApiVersion(apiKey=15, minVersion=0, maxVersion=5), ApiVersion(apiKey=16, minVersion=0, maxVersion=4), ApiVersion(apiKey=17, minVersion=0, maxVersion=1), ApiVersion(apiKey=18, minVersion=0, maxVersion=3), ApiVersion(apiKey=19, minVersion=0, maxVersion=7), ApiVersion(apiKey=20, minVersion=0, maxVersion=6), ApiVersion(apiKey=21, minVersion=0, maxVersion=2), ApiVersion(apiKey=22, minVersion=0, maxVersion=4), ApiVersion(apiKey=23, minVersion=0, maxVersion=4), ApiVersion(apiKey=24, minVersion=0, maxVersion=4), ApiVersion(apiKey=25, minVersion=0, maxVersion=3), ApiVersion(apiKey=26, minVersion=0, maxVersion=3), ApiVersion(apiKey=27, minVersion=0, maxVersion=1), ApiVersion(apiKey=28, minVersion=0, maxVersion=3), ApiVersion(apiKey=29, minVersion=0, maxVersion=3), ApiVersion(apiKey=30, minVersion=0, maxVersion=3), ApiVersion(apiKey=31, minVersion=0, maxVersion=3), ApiVersion(apiKey=32, minVersion=0, maxVersion=4), ApiVersion(apiKey=33, minVersion=0, maxVersion=2), ApiVersion(apiKey=34, minVersion=0, maxVersion=2), ApiVersion(apiKey=35, minVersion=0, maxVersion=4), ApiVersion(apiKey=36, minVersion=0, maxVersion=2), ApiVersion(apiKey=37, minVersion=0, maxVersion=3), ApiVersion(apiKey=38, minVersion=0, maxVersion=3), ApiVersion(apiKey=39, minVersion=0, maxVersion=2), ApiVersion(apiKey=40, minVersion=0, maxVersion=2), ApiVersion(apiKey=41, minVersion=0, maxVersion=3), ApiVersion(apiKey=42, minVersion=0, maxVersion=2), ApiVersion(apiKey=43, minVersion=0, maxVersion=2), ApiVersion(apiKey=44, minVersion=0, maxVersion=1), ApiVersion(apiKey=45, minVersion=0, maxVersion=0), ApiVersion(apiKey=46, minVersion=0, maxVersion=0), ApiVersion(apiKey=47, minVersion=0, maxVersion=0), ApiVersion(apiKey=48, minVersion=0, maxVersion=1), ApiVersion(apiKey=49, minVersion=0, maxVersion=1), ApiVersion(apiKey=50, minVersion=0, maxVersion=0), ApiVersion(apiKey=51, minVersion=0, maxVersion=0), ApiVersion(apiKey=56, minVersion=0, maxVersion=3), ApiVersion(apiKey=57, minVersion=0, maxVersion=1), ApiVersion(apiKey=58, minVersion=0, maxVersion=0), ApiVersion(apiKey=60, minVersion=0, maxVersion=1), ApiVersion(apiKey=61, minVersion=0, maxVersion=0), ApiVersion(apiKey=65, minVersion=0, maxVersion=0), ApiVersion(apiKey=66, minVersion=0, maxVersion=0), ApiVersion(apiKey=67, minVersion=0, maxVersion=0), ApiVersion(apiKey=68, minVersion=0, maxVersion=0)], throttleTimeMs=0, supportedFeatures=[], finalizedFeaturesEpoch=0, finalizedFeatures=[], zkMigrationReady=false)
2026-05-21T20:45:04.171+05:30 DEBUG 4847 --- [Fraud-Management] [kafka-producer-network-thread | Fraud-Management-producer-1] org.apache.kafka.clients.NetworkClient   : [Producer clientId=Fraud-Management-producer-1] Node -1 has finalized features epoch: 0, finalized features: [], supported features: [], ZK migration ready: false, API versions: (Produce(0): 0 to 10 [usable: 10], Fetch(1): 0 to 16 [usable: 16], ListOffsets(2): 0 to 8 [usable: 8], Metadata(3): 0 to 12 [usable: 12], LeaderAndIsr(4): 0 to 7 [usable: 7], StopReplica(5): 0 to 4 [usable: 4], UpdateMetadata(6): 0 to 8 [usable: 8], ControlledShutdown(7): 0 to 3 [usable: 3], OffsetCommit(8): 0 to 9 [usable: 9], OffsetFetch(9): 0 to 9 [usable: 9], FindCoordinator(10): 0 to 4 [usable: 4], JoinGroup(11): 0 to 9 [usable: 9], Heartbeat(12): 0 to 4 [usable: 4], LeaveGroup(13): 0 to 5 [usable: 5], SyncGroup(14): 0 to 5 [usable: 5], DescribeGroups(15): 0 to 5 [usable: 5], ListGroups(16): 0 to 4 [usable: 4], SaslHandshake(17): 0 to 1 [usable: 1], ApiVersions(18): 0 to 3 [usable: 3], CreateTopics(19): 0 to 7 [usable: 7], DeleteTopics(20): 0 to 6 [usable: 6], DeleteRecords(21): 0 to 2 [usable: 2], InitProducerId(22): 0 to 4 [usable: 4], OffsetForLeaderEpoch(23): 0 to 4 [usable: 4], AddPartitionsToTxn(24): 0 to 4 [usable: 4], AddOffsetsToTxn(25): 0 to 3 [usable: 3], EndTxn(26): 0 to 3 [usable: 3], WriteTxnMarkers(27): 0 to 1 [usable: 1], TxnOffsetCommit(28): 0 to 3 [usable: 3], DescribeAcls(29): 0 to 3 [usable: 3], CreateAcls(30): 0 to 3 [usable: 3], DeleteAcls(31): 0 to 3 [usable: 3], DescribeConfigs(32): 0 to 4 [usable: 4], AlterConfigs(33): 0 to 2 [usable: 2], AlterReplicaLogDirs(34): 0 to 2 [usable: 2], DescribeLogDirs(35): 0 to 4 [usable: 4], SaslAuthenticate(36): 0 to 2 [usable: 2], CreatePartitions(37): 0 to 3 [usable: 3], CreateDelegationToken(38): 0 to 3 [usable: 3], RenewDelegationToken(39): 0 to 2 [usable: 2], ExpireDelegationToken(40): 0 to 2 [usable: 2], DescribeDelegationToken(41): 0 to 3 [usable: 3], DeleteGroups(42): 0 to 2 [usable: 2], ElectLeaders(43): 0 to 2 [usable: 2], IncrementalAlterConfigs(44): 0 to 1 [usable: 1], AlterPartitionReassignments(45): 0 [usable: 0], ListPartitionReassignments(46): 0 [usable: 0], OffsetDelete(47): 0 [usable: 0], DescribeClientQuotas(48): 0 to 1 [usable: 1], AlterClientQuotas(49): 0 to 1 [usable: 1], DescribeUserScramCredentials(50): 0 [usable: 0], AlterUserScramCredentials(51): 0 [usable: 0], DescribeQuorum(55): UNSUPPORTED, AlterPartition(56): 0 to 3 [usable: 3], UpdateFeatures(57): 0 to 1 [usable: 1], Envelope(58): 0 [usable: 0], DescribeCluster(60): 0 to 1 [usable: 1], DescribeProducers(61): 0 [usable: 0], UnregisterBroker(64): UNSUPPORTED, DescribeTransactions(65): 0 [usable: 0], ListTransactions(66): 0 [usable: 0], AllocateProducerIds(67): 0 [usable: 0], ConsumerGroupHeartbeat(68): 0 [usable: 0], ConsumerGroupDescribe(69): UNSUPPORTED, GetTelemetrySubscriptions(71): UNSUPPORTED, PushTelemetry(72): UNSUPPORTED, ListClientMetricsResources(74): UNSUPPORTED).
2026-05-21T20:45:04.171+05:30 DEBUG 4847 --- [Fraud-Management] [kafka-producer-network-thread | Fraud-Management-producer-1] org.apache.kafka.clients.NetworkClient   : [Producer clientId=Fraud-Management-producer-1] Node -1 has finalized features epoch: 0, finalized features: [], supported features: [], ZK migration ready: false, API versions: (Produce(0): 0 to 10 [usable: 10], Fetch(1): 0 to 16 [usable: 16], ListOffsets(2): 0 to 8 [usable: 8], Metadata(3): 0 to 12 [usable: 12], LeaderAndIsr(4): 0 to 7 [usable: 7], StopReplica(5): 0 to 4 [usable: 4], UpdateMetadata(6): 0 to 8 [usable: 8], ControlledShutdown(7): 0 to 3 [usable: 3], OffsetCommit(8): 0 to 9 [usable: 9], OffsetFetch(9): 0 to 9 [usable: 9], FindCoordinator(10): 0 to 4 [usable: 4], JoinGroup(11): 0 to 9 [usable: 9], Heartbeat(12): 0 to 4 [usable: 4], LeaveGroup(13): 0 to 5 [usable: 5], SyncGroup(14): 0 to 5 [usable: 5], DescribeGroups(15): 0 to 5 [usable: 5], ListGroups(16): 0 to 4 [usable: 4], SaslHandshake(17): 0 to 1 [usable: 1], ApiVersions(18): 0 to 3 [usable: 3], CreateTopics(19): 0 to 7 [usable: 7], DeleteTopics(20): 0 to 6 [usable: 6], DeleteRecords(21): 0 to 2 [usable: 2], InitProducerId(22): 0 to 4 [usable: 4], OffsetForLeaderEpoch(23): 0 to 4 [usable: 4], AddPartitionsToTxn(24): 0 to 4 [usable: 4], AddOffsetsToTxn(25): 0 to 3 [usable: 3], EndTxn(26): 0 to 3 [usable: 3], WriteTxnMarkers(27): 0 to 1 [usable: 1], TxnOffsetCommit(28): 0 to 3 [usable: 3], DescribeAcls(29): 0 to 3 [usable: 3], CreateAcls(30): 0 to 3 [usable: 3], DeleteAcls(31): 0 to 3 [usable: 3], DescribeConfigs(32): 0 to 4 [usable: 4], AlterConfigs(33): 0 to 2 [usable: 2], AlterReplicaLogDirs(34): 0 to 2 [usable: 2], DescribeLogDirs(35): 0 to 4 [usable: 4], SaslAuthenticate(36): 0 to 2 [usable: 2], CreatePartitions(37): 0 to 3 [usable: 3], CreateDelegationToken(38): 0 to 3 [usable: 3], RenewDelegationToken(39): 0 to 2 [usable: 2], ExpireDelegationToken(40): 0 to 2 [usable: 2], DescribeDelegationToken(41): 0 to 3 [usable: 3], DeleteGroups(42): 0 to 2 [usable: 2], ElectLeaders(43): 0 to 2 [usable: 2], IncrementalAlterConfigs(44): 0 to 1 [usable: 1], AlterPartitionReassignments(45): 0 [usable: 0], ListPartitionReassignments(46): 0 [usable: 0], OffsetDelete(47): 0 [usable: 0], DescribeClientQuotas(48): 0 to 1 [usable: 1], AlterClientQuotas(49): 0 to 1 [usable: 1], DescribeUserScramCredentials(50): 0 [usable: 0], AlterUserScramCredentials(51): 0 [usable: 0], DescribeQuorum(55): UNSUPPORTED, AlterPartition(56): 0 to 3 [usable: 3], UpdateFeatures(57): 0 to 1 [usable: 1], Envelope(58): 0 [usable: 0], DescribeCluster(60): 0 to 1 [usable: 1], DescribeProducers(61): 0 [usable: 0], UnregisterBroker(64): UNSUPPORTED, DescribeTransactions(65): 0 [usable: 0], ListTransactions(66): 0 [usable: 0], AllocateProducerIds(67): 0 [usable: 0], ConsumerGroupHeartbeat(68): 0 [usable: 0], ConsumerGroupDescribe(69): UNSUPPORTED, GetTelemetrySubscriptions(71): UNSUPPORTED, PushTelemetry(72): UNSUPPORTED, ListClientMetricsResources(74): UNSUPPORTED).
2026-05-21T20:46:07.589+05:30  INFO 4847 --- [Fraud-Management] [kafka-producer-network-thread | Fraud-Management-producer-1] org.apache.kafka.clients.NetworkClient   : [Producer clientId=Fraud-Management-producer-1] Node -1 disconnected.
2026-05-21T20:46:07.598+05:30 DEBUG 4847 --- [Fraud-Management] [kafka-producer-network-thread | Fraud-Management-producer-1] org.apache.kafka.clients.NetworkClient   : [Producer clientId=Fraud-Management-producer-1] Sending metadata request MetadataRequestData(topics=[], allowAutoTopicCreation=true, includeClusterAuthorizedOperations=false, includeTopicAuthorizedOperations=false) to node 192.168.1.15:9092 (id: 0 rack: null)
2026-05-21T20:46:07.601+05:30 DEBUG 4847 --- [Fraud-Management] [kafka-producer-network-thread | Fraud-Management-producer-1] org.apache.kafka.clients.NetworkClient   : [Producer clientId=Fraud-Management-producer-1] Sending METADATA request with header RequestHeader(apiKey=METADATA, apiVersion=12, clientId=Fraud-Management-producer-1, correlationId=8, headerVersion=2) and timeout 30000 to node 0: MetadataRequestData(topics=[], allowAutoTopicCreation=true, includeClusterAuthorizedOperations=false, includeTopicAuthorizedOperations=false)
2026-05-21T20:46:07.607+05:30 DEBUG 4847 --- [Fraud-Management] [kafka-producer-network-thread | Fraud-Management-producer-1] org.apache.kafka.clients.NetworkClient   : [Producer clientId=Fraud-Management-producer-1] Received METADATA response from node 0 for request with header RequestHeader(apiKey=METADATA, apiVersion=12, clientId=Fraud-Management-producer-1, correlationId=8, headerVersion=2): MetadataResponseData(throttleTimeMs=0, brokers=[MetadataResponseBroker(nodeId=0, host='192.168.1.15', port=9092, rack=null)], clusterId='9YJeH9LiQPabFK2-ohTFOA', controllerId=0, topics=[], clusterAuthorizedOperations=-2147483648)
2026-05-21T20:46:07.608+05:30 DEBUG 4847 --- [Fraud-Management] [kafka-producer-network-thread | Fraud-Management-producer-1] org.apache.kafka.clients.Metadata        : [Producer clientId=Fraud-Management-producer-1] Updated cluster metadata updateVersion 4 to MetadataCache{clusterId='9YJeH9LiQPabFK2-ohTFOA', nodes={0=192.168.1.15:9092 (id: 0 rack: null)}, partitions=[], controller=192.168.1.15:9092 (id: 0 rack: null)}
2026-05-21T20:46:37.568+05:30 DEBUG 4847 --- [Fraud-Management] [kafka-producer-network-thread | Fraud-Management-producer-1] org.apache.kafka.clients.NetworkClient   : [Producer clientId=Fraud-Management-producer-1] Initialize connection to node localhost:9092 (id: -1 rack: null) for sending telemetry request
2026-05-21T20:46:37.572+05:30 DEBUG 4847 --- [Fraud-Management] [kafka-producer-network-thread | Fraud-Management-producer-1] org.apache.kafka.clients.ClientUtils     : Resolved host localhost as 127.0.0.1
2026-05-21T20:46:37.573+05:30 DEBUG 4847 --- [Fraud-Management] [kafka-producer-network-thread | Fraud-Management-producer-1] o.a.k.clients.ClusterConnectionStates    : [Producer clientId=Fraud-Management-producer-1] Resolved host localhost to addresses [localhost/127.0.0.1]
2026-05-21T20:46:37.573+05:30 DEBUG 4847 --- [Fraud-Management] [kafka-producer-network-thread | Fraud-Management-producer-1] org.apache.kafka.clients.NetworkClient   : [Producer clientId=Fraud-Management-producer-1] Initiating connection to node localhost:9092 (id: -1 rack: null) using address localhost/127.0.0.1
2026-05-21T20:46:37.575+05:30 DEBUG 4847 --- [Fraud-Management] [kafka-producer-network-thread | Fraud-Management-producer-1] o.apache.kafka.common.network.Selector   : [Producer clientId=Fraud-Management-producer-1] Created socket with SO_RCVBUF = 326640, SO_SNDBUF = 146988, SO_TIMEOUT = 0 to node -1
2026-05-21T20:46:37.575+05:30 DEBUG 4847 --- [Fraud-Management] [kafka-producer-network-thread | Fraud-Management-producer-1] org.apache.kafka.clients.NetworkClient   : [Producer clientId=Fraud-Management-producer-1] Completed connection to node -1. Fetching API versions.
2026-05-21T20:46:37.575+05:30 DEBUG 4847 --- [Fraud-Management] [kafka-producer-network-thread | Fraud-Management-producer-1] org.apache.kafka.clients.NetworkClient   : [Producer clientId=Fraud-Management-producer-1] Initiating API versions fetch from node -1.
2026-05-21T20:46:37.576+05:30 DEBUG 4847 --- [Fraud-Management] [kafka-producer-network-thread | Fraud-Management-producer-1] org.apache.kafka.clients.NetworkClient   : [Producer clientId=Fraud-Management-producer-1] Sending API_VERSIONS request with header RequestHeader(apiKey=API_VERSIONS, apiVersion=3, clientId=Fraud-Management-producer-1, correlationId=9, headerVersion=2) and timeout 30000 to node -1: ApiVersionsRequestData(clientSoftwareName='apache-kafka-java', clientSoftwareVersion='3.7.0')
2026-05-21T20:46:37.577+05:30 DEBUG 4847 --- [Fraud-Management] [kafka-producer-network-thread | Fraud-Management-producer-1] o.a.k.c.t.i.ClientTelemetryReporter      : Creating telemetry subscription request with client instance id AAAAAAAAAAAAAAAAAAAAAA
2026-05-21T20:46:37.578+05:30 DEBUG 4847 --- [Fraud-Management] [kafka-producer-network-thread | Fraud-Management-producer-1] o.a.k.c.t.i.ClientTelemetryReporter      : Setting telemetry state from SUBSCRIPTION_NEEDED to SUBSCRIPTION_IN_PROGRESS
2026-05-21T20:46:37.578+05:30 DEBUG 4847 --- [Fraud-Management] [kafka-producer-network-thread | Fraud-Management-producer-1] org.apache.kafka.clients.NetworkClient   : [Producer clientId=Fraud-Management-producer-1] Version mismatch when attempting to send GetTelemetrySubscriptionsRequestData(clientInstanceId=AAAAAAAAAAAAAAAAAAAAAA) with correlation id 10 to 0

org.apache.kafka.common.errors.UnsupportedVersionException: The node does not support GET_TELEMETRY_SUBSCRIPTIONS

2026-05-21T20:46:37.580+05:30 DEBUG 4847 --- [Fraud-Management] [kafka-producer-network-thread | Fraud-Management-producer-1] o.a.k.c.t.i.ClientTelemetryReporter      : The broker generated an error for the get telemetry network API request

org.apache.kafka.common.errors.UnsupportedVersionException: The node does not support GET_TELEMETRY_SUBSCRIPTIONS

2026-05-21T20:46:37.581+05:30 DEBUG 4847 --- [Fraud-Management] [kafka-producer-network-thread | Fraud-Management-producer-1] o.a.k.c.t.i.ClientTelemetryReporter      : Updating intervalMs: 300000, lastRequestMs: 1779376597581
2026-05-21T20:46:37.581+05:30 DEBUG 4847 --- [Fraud-Management] [kafka-producer-network-thread | Fraud-Management-producer-1] o.a.k.c.t.i.ClientTelemetryReporter      : Setting telemetry state from SUBSCRIPTION_IN_PROGRESS to SUBSCRIPTION_NEEDED
2026-05-21T20:46:37.585+05:30 DEBUG 4847 --- [Fraud-Management] [kafka-producer-network-thread | Fraud-Management-producer-1] org.apache.kafka.clients.NetworkClient   : [Producer clientId=Fraud-Management-producer-1] Received API_VERSIONS response from node -1 for request with header RequestHeader(apiKey=API_VERSIONS, apiVersion=3, clientId=Fraud-Management-producer-1, correlationId=9, headerVersion=2): ApiVersionsResponseData(errorCode=0, apiKeys=[ApiVersion(apiKey=0, minVersion=0, maxVersion=10), ApiVersion(apiKey=1, minVersion=0, maxVersion=16), ApiVersion(apiKey=2, minVersion=0, maxVersion=8), ApiVersion(apiKey=3, minVersion=0, maxVersion=12), ApiVersion(apiKey=4, minVersion=0, maxVersion=7), ApiVersion(apiKey=5, minVersion=0, maxVersion=4), ApiVersion(apiKey=6, minVersion=0, maxVersion=8), ApiVersion(apiKey=7, minVersion=0, maxVersion=3), ApiVersion(apiKey=8, minVersion=0, maxVersion=9), ApiVersion(apiKey=9, minVersion=0, maxVersion=9), ApiVersion(apiKey=10, minVersion=0, maxVersion=4), ApiVersion(apiKey=11, minVersion=0, maxVersion=9), ApiVersion(apiKey=12, minVersion=0, maxVersion=4), ApiVersion(apiKey=13, minVersion=0, maxVersion=5), ApiVersion(apiKey=14, minVersion=0, maxVersion=5), ApiVersion(apiKey=15, minVersion=0, maxVersion=5), ApiVersion(apiKey=16, minVersion=0, maxVersion=4), ApiVersion(apiKey=17, minVersion=0, maxVersion=1), ApiVersion(apiKey=18, minVersion=0, maxVersion=3), ApiVersion(apiKey=19, minVersion=0, maxVersion=7), ApiVersion(apiKey=20, minVersion=0, maxVersion=6), ApiVersion(apiKey=21, minVersion=0, maxVersion=2), ApiVersion(apiKey=22, minVersion=0, maxVersion=4), ApiVersion(apiKey=23, minVersion=0, maxVersion=4), ApiVersion(apiKey=24, minVersion=0, maxVersion=4), ApiVersion(apiKey=25, minVersion=0, maxVersion=3), ApiVersion(apiKey=26, minVersion=0, maxVersion=3), ApiVersion(apiKey=27, minVersion=0, maxVersion=1), ApiVersion(apiKey=28, minVersion=0, maxVersion=3), ApiVersion(apiKey=29, minVersion=0, maxVersion=3), ApiVersion(apiKey=30, minVersion=0, maxVersion=3), ApiVersion(apiKey=31, minVersion=0, maxVersion=3), ApiVersion(apiKey=32, minVersion=0, maxVersion=4), ApiVersion(apiKey=33, minVersion=0, maxVersion=2), ApiVersion(apiKey=34, minVersion=0, maxVersion=2), ApiVersion(apiKey=35, minVersion=0, maxVersion=4), ApiVersion(apiKey=36, minVersion=0, maxVersion=2), ApiVersion(apiKey=37, minVersion=0, maxVersion=3), ApiVersion(apiKey=38, minVersion=0, maxVersion=3), ApiVersion(apiKey=39, minVersion=0, maxVersion=2), ApiVersion(apiKey=40, minVersion=0, maxVersion=2), ApiVersion(apiKey=41, minVersion=0, maxVersion=3), ApiVersion(apiKey=42, minVersion=0, maxVersion=2), ApiVersion(apiKey=43, minVersion=0, maxVersion=2), ApiVersion(apiKey=44, minVersion=0, maxVersion=1), ApiVersion(apiKey=45, minVersion=0, maxVersion=0), ApiVersion(apiKey=46, minVersion=0, maxVersion=0), ApiVersion(apiKey=47, minVersion=0, maxVersion=0), ApiVersion(apiKey=48, minVersion=0, maxVersion=1), ApiVersion(apiKey=49, minVersion=0, maxVersion=1), ApiVersion(apiKey=50, minVersion=0, maxVersion=0), ApiVersion(apiKey=51, minVersion=0, maxVersion=0), ApiVersion(apiKey=56, minVersion=0, maxVersion=3), ApiVersion(apiKey=57, minVersion=0, maxVersion=1), ApiVersion(apiKey=58, minVersion=0, maxVersion=0), ApiVersion(apiKey=60, minVersion=0, maxVersion=1), ApiVersion(apiKey=61, minVersion=0, maxVersion=0), ApiVersion(apiKey=65, minVersion=0, maxVersion=0), ApiVersion(apiKey=66, minVersion=0, maxVersion=0), ApiVersion(apiKey=67, minVersion=0, maxVersion=0), ApiVersion(apiKey=68, minVersion=0, maxVersion=0)], throttleTimeMs=0, supportedFeatures=[], finalizedFeaturesEpoch=0, finalizedFeatures=[], zkMigrationReady=false)
2026-05-21T20:46:37.587+05:30 DEBUG 4847 --- [Fraud-Management] [kafka-producer-network-thread | Fraud-Management-producer-1] org.apache.kafka.clients.NetworkClient   : [Producer clientId=Fraud-Management-producer-1] Node -1 has finalized features epoch: 0, finalized features: [], supported features: [], ZK migration ready: false, API versions: (Produce(0): 0 to 10 [usable: 10], Fetch(1): 0 to 16 [usable: 16], ListOffsets(2): 0 to 8 [usable: 8], Metadata(3): 0 to 12 [usable: 12], LeaderAndIsr(4): 0 to 7 [usable: 7], StopReplica(5): 0 to 4 [usable: 4], UpdateMetadata(6): 0 to 8 [usable: 8], ControlledShutdown(7): 0 to 3 [usable: 3], OffsetCommit(8): 0 to 9 [usable: 9], OffsetFetch(9): 0 to 9 [usable: 9], FindCoordinator(10): 0 to 4 [usable: 4], JoinGroup(11): 0 to 9 [usable: 9], Heartbeat(12): 0 to 4 [usable: 4], LeaveGroup(13): 0 to 5 [usable: 5], SyncGroup(14): 0 to 5 [usable: 5], DescribeGroups(15): 0 to 5 [usable: 5], ListGroups(16): 0 to 4 [usable: 4], SaslHandshake(17): 0 to 1 [usable: 1], ApiVersions(18): 0 to 3 [usable: 3], CreateTopics(19): 0 to 7 [usable: 7], DeleteTopics(20): 0 to 6 [usable: 6], DeleteRecords(21): 0 to 2 [usable: 2], InitProducerId(22): 0 to 4 [usable: 4], OffsetForLeaderEpoch(23): 0 to 4 [usable: 4], AddPartitionsToTxn(24): 0 to 4 [usable: 4], AddOffsetsToTxn(25): 0 to 3 [usable: 3], EndTxn(26): 0 to 3 [usable: 3], WriteTxnMarkers(27): 0 to 1 [usable: 1], TxnOffsetCommit(28): 0 to 3 [usable: 3], DescribeAcls(29): 0 to 3 [usable: 3], CreateAcls(30): 0 to 3 [usable: 3], DeleteAcls(31): 0 to 3 [usable: 3], DescribeConfigs(32): 0 to 4 [usable: 4], AlterConfigs(33): 0 to 2 [usable: 2], AlterReplicaLogDirs(34): 0 to 2 [usable: 2], DescribeLogDirs(35): 0 to 4 [usable: 4], SaslAuthenticate(36): 0 to 2 [usable: 2], CreatePartitions(37): 0 to 3 [usable: 3], CreateDelegationToken(38): 0 to 3 [usable: 3], RenewDelegationToken(39): 0 to 2 [usable: 2], ExpireDelegationToken(40): 0 to 2 [usable: 2], DescribeDelegationToken(41): 0 to 3 [usable: 3], DeleteGroups(42): 0 to 2 [usable: 2], ElectLeaders(43): 0 to 2 [usable: 2], IncrementalAlterConfigs(44): 0 to 1 [usable: 1], AlterPartitionReassignments(45): 0 [usable: 0], ListPartitionReassignments(46): 0 [usable: 0], OffsetDelete(47): 0 [usable: 0], DescribeClientQuotas(48): 0 to 1 [usable: 1], AlterClientQuotas(49): 0 to 1 [usable: 1], DescribeUserScramCredentials(50): 0 [usable: 0], AlterUserScramCredentials(51): 0 [usable: 0], DescribeQuorum(55): UNSUPPORTED, AlterPartition(56): 0 to 3 [usable: 3], UpdateFeatures(57): 0 to 1 [usable: 1], Envelope(58): 0 [usable: 0], DescribeCluster(60): 0 to 1 [usable: 1], DescribeProducers(61): 0 [usable: 0], UnregisterBroker(64): UNSUPPORTED, DescribeTransactions(65): 0 [usable: 0], ListTransactions(66): 0 [usable: 0], AllocateProducerIds(67): 0 [usable: 0], ConsumerGroupHeartbeat(68): 0 [usable: 0], ConsumerGroupDescribe(69): UNSUPPORTED, GetTelemetrySubscriptions(71): UNSUPPORTED, PushTelemetry(72): UNSUPPORTED, ListClientMetricsResources(74): UNSUPPORTED).
2026-05-21T20:48:00.764+05:30  INFO 4847 --- [Fraud-Management] [AsyncResolver-bootstrap-executor-%d] c.n.d.s.r.aws.ConfigClusterResolver      : Resolving eureka endpoints via configuration
2026-05-21T20:48:47.352+05:30  INFO 4847 --- [Fraud-Management] [http-nio-8082-exec-8] c.f.F.Kafka.TransactionProducer          : Processing transaction: com.fraud_detection.Fraud_Management.DTO.TransactionDTO@30c99a19
2026-05-21T20:48:47.485+05:30  INFO 4847 --- [Fraud-Management] [http-nio-8082-exec-8] c.f.F.Kafka.TransactionProducer          : Notification sent for transaction ID: 599b7413-6275-4140-9ec3-c8b212da8f99
2026-05-21T20:48:47.486+05:30 DEBUG 4847 --- [Fraud-Management] [kafka-producer-network-thread | Fraud-Management-producer-1] o.a.k.c.p.internals.RecordAccumulator    : [Producer clientId=Fraud-Management-producer-1] Assigned producerId 3 and producerEpoch 0 to batch with base sequence 4 being sent to partition notification-0
2026-05-21T20:48:47.486+05:30  INFO 4847 --- [Fraud-Management] [http-nio-8082-exec-8] c.f.F.Kafka.TransactionProducer          : Transaction evaluation result: FRAUD
2026-05-21T20:48:47.486+05:30 DEBUG 4847 --- [Fraud-Management] [kafka-producer-network-thread | Fraud-Management-producer-1] org.apache.kafka.clients.NetworkClient   : [Producer clientId=Fraud-Management-producer-1] Sending metadata request MetadataRequestData(topics=[MetadataRequestTopic(topicId=AAAAAAAAAAAAAAAAAAAAAA, name='rollback-transactions')], allowAutoTopicCreation=true, includeClusterAuthorizedOperations=false, includeTopicAuthorizedOperations=false) to node 192.168.1.15:9092 (id: 0 rack: null)
2026-05-21T20:48:47.487+05:30 DEBUG 4847 --- [Fraud-Management] [kafka-producer-network-thread | Fraud-Management-producer-1] org.apache.kafka.clients.NetworkClient   : [Producer clientId=Fraud-Management-producer-1] Sending PRODUCE request with header RequestHeader(apiKey=PRODUCE, apiVersion=10, clientId=Fraud-Management-producer-1, correlationId=15, headerVersion=2) and timeout 30000 to node 0: {acks=-1,timeout=30000,partitionSizes=[notification-0=140]}
2026-05-21T20:48:47.487+05:30 DEBUG 4847 --- [Fraud-Management] [kafka-producer-network-thread | Fraud-Management-producer-1] org.apache.kafka.clients.NetworkClient   : [Producer clientId=Fraud-Management-producer-1] Sending METADATA request with header RequestHeader(apiKey=METADATA, apiVersion=12, clientId=Fraud-Management-producer-1, correlationId=16, headerVersion=2) and timeout 30000 to node 0: MetadataRequestData(topics=[MetadataRequestTopic(topicId=AAAAAAAAAAAAAAAAAAAAAA, name='rollback-transactions')], allowAutoTopicCreation=true, includeClusterAuthorizedOperations=false, includeTopicAuthorizedOperations=false)
2026-05-21T20:48:47.489+05:30 DEBUG 4847 --- [Fraud-Management] [kafka-producer-network-thread | Fraud-Management-producer-1] org.apache.kafka.clients.NetworkClient   : [Producer clientId=Fraud-Management-producer-1] Received METADATA response from node 0 for request with header RequestHeader(apiKey=METADATA, apiVersion=12, clientId=Fraud-Management-producer-1, correlationId=16, headerVersion=2): MetadataResponseData(throttleTimeMs=0, brokers=[MetadataResponseBroker(nodeId=0, host='192.168.1.15', port=9092, rack=null)], clusterId='9YJeH9LiQPabFK2-ohTFOA', controllerId=0, topics=[MetadataResponseTopic(errorCode=0, name='rollback-transactions', topicId=l5_XOGu1T0C1Ywef7hcyoA, isInternal=false, partitions=[MetadataResponsePartition(errorCode=0, partitionIndex=0, leaderId=0, leaderEpoch=0, replicaNodes=[0], isrNodes=[0], offlineReplicas=[])], topicAuthorizedOperations=-2147483648)], clusterAuthorizedOperations=-2147483648)
2026-05-21T20:48:47.490+05:30 DEBUG 4847 --- [Fraud-Management] [kafka-producer-network-thread | Fraud-Management-producer-1] org.apache.kafka.clients.Metadata        : [Producer clientId=Fraud-Management-producer-1] Setting the last seen epoch of partition rollback-transactions-0 to 0 since the last known epoch was undefined.
2026-05-21T20:48:47.492+05:30 DEBUG 4847 --- [Fraud-Management] [kafka-producer-network-thread | Fraud-Management-producer-1] org.apache.kafka.clients.Metadata        : [Producer clientId=Fraud-Management-producer-1] Updated cluster metadata updateVersion 7 to MetadataCache{clusterId='9YJeH9LiQPabFK2-ohTFOA', nodes={0=192.168.1.15:9092 (id: 0 rack: null)}, partitions=[PartitionMetadata(error=NONE, partition=valid-transactions-0, leader=Optional[0], leaderEpoch=Optional[0], replicas=0, isr=0, offlineReplicas=), PartitionMetadata(error=NONE, partition=rollback-transactions-0, leader=Optional[0], leaderEpoch=Optional[0], replicas=0, isr=0, offlineReplicas=)], controller=192.168.1.15:9092 (id: 0 rack: null)}
2026-05-21T20:48:47.493+05:30 DEBUG 4847 --- [Fraud-Management] [kafka-producer-network-thread | Fraud-Management-producer-1] o.a.k.c.p.internals.RecordAccumulator    : [Producer clientId=Fraud-Management-producer-1] Assigned producerId 4 and producerEpoch 0 to batch with base sequence 1 being sent to partition rollback-transactions-0
2026-05-21T20:48:47.493+05:30 DEBUG 4847 --- [Fraud-Management] [kafka-producer-network-thread | Fraud-Management-producer-1] org.apache.kafka.clients.NetworkClient   : [Producer clientId=Fraud-Management-producer-1] Sending metadata request MetadataRequestData(topics=[MetadataRequestTopic(topicId=AAAAAAAAAAAAAAAAAAAAAA, name='fraud-alerts')], allowAutoTopicCreation=true, includeClusterAuthorizedOperations=false, includeTopicAuthorizedOperations=false) to node 192.168.1.15:9092 (id: 0 rack: null)
2026-05-21T20:48:47.494+05:30 DEBUG 4847 --- [Fraud-Management] [kafka-producer-network-thread | Fraud-Management-producer-1] org.apache.kafka.clients.NetworkClient   : [Producer clientId=Fraud-Management-producer-1] Sending PRODUCE request with header RequestHeader(apiKey=PRODUCE, apiVersion=10, clientId=Fraud-Management-producer-1, correlationId=17, headerVersion=2) and timeout 30000 to node 0: {acks=-1,timeout=30000,partitionSizes=[rollback-transactions-0=352]}
2026-05-21T20:48:47.494+05:30 DEBUG 4847 --- [Fraud-Management] [kafka-producer-network-thread | Fraud-Management-producer-1] org.apache.kafka.clients.NetworkClient   : [Producer clientId=Fraud-Management-producer-1] Sending METADATA request with header RequestHeader(apiKey=METADATA, apiVersion=12, clientId=Fraud-Management-producer-1, correlationId=11, headerVersion=2) and timeout 30000 to node 0: MetadataRequestData(topics=[MetadataRequestTopic(topicId=AAAAAAAAAAAAAAAAAAAAAA, name='fraud-alerts')], allowAutoTopicCreation=true, includeClusterAuthorizedOperations=false, includeTopicAuthorizedOperations=false)
2026-05-21T20:48:47.495+05:30 DEBUG 4847 --- [Fraud-Management] [kafka-producer-network-thread | Fraud-Management-producer-1] org.apache.kafka.clients.NetworkClient   : [Producer clientId=Fraud-Management-producer-1] Received METADATA response from node 0 for request with header RequestHeader(apiKey=METADATA, apiVersion=12, clientId=Fraud-Management-producer-1, correlationId=11, headerVersion=2): MetadataResponseData(throttleTimeMs=0, brokers=[MetadataResponseBroker(nodeId=0, host='192.168.1.15', port=9092, rack=null)], clusterId='9YJeH9LiQPabFK2-ohTFOA', controllerId=0, topics=[MetadataResponseTopic(errorCode=0, name='fraud-alerts', topicId=igZ8IUrNQxqStOjnoWrz9A, isInternal=false, partitions=[MetadataResponsePartition(errorCode=0, partitionIndex=0, leaderId=0, leaderEpoch=0, replicaNodes=[0], isrNodes=[0], offlineReplicas=[])], topicAuthorizedOperations=-2147483648)], clusterAuthorizedOperations=-2147483648)
2026-05-21T20:48:47.496+05:30 DEBUG 4847 --- [Fraud-Management] [kafka-producer-network-thread | Fraud-Management-producer-1] org.apache.kafka.clients.Metadata        : [Producer clientId=Fraud-Management-producer-1] Setting the last seen epoch of partition fraud-alerts-0 to 0 since the last known epoch was undefined.
2026-05-21T20:48:47.496+05:30 DEBUG 4847 --- [Fraud-Management] [kafka-producer-network-thread | Fraud-Management-producer-1] org.apache.kafka.clients.Metadata        : [Producer clientId=Fraud-Management-producer-1] Updated cluster metadata updateVersion 5 to MetadataCache{clusterId='9YJeH9LiQPabFK2-ohTFOA', nodes={0=192.168.1.15:9092 (id: 0 rack: null)}, partitions=[PartitionMetadata(error=NONE, partition=fraud-alerts-0, leader=Optional[0], leaderEpoch=Optional[0], replicas=0, isr=0, offlineReplicas=)], controller=192.168.1.15:9092 (id: 0 rack: null)}
2026-05-21T20:48:47.497+05:30 DEBUG 4847 --- [Fraud-Management] [kafka-producer-network-thread | Fraud-Management-producer-1] org.apache.kafka.clients.NetworkClient   : [Producer clientId=Fraud-Management-producer-1] Received PRODUCE response from node 0 for request with header RequestHeader(apiKey=PRODUCE, apiVersion=10, clientId=Fraud-Management-producer-1, correlationId=15, headerVersion=2): ProduceResponseData(responses=[TopicProduceResponse(name='notification', partitionResponses=[PartitionProduceResponse(index=0, errorCode=0, baseOffset=12, logAppendTimeMs=-1, logStartOffset=0, recordErrors=[], errorMessage=null, currentLeader=LeaderIdAndEpoch(leaderId=-1, leaderEpoch=-1))])], throttleTimeMs=0, nodeEndpoints=[])
2026-05-21T20:48:47.497+05:30 DEBUG 4847 --- [Fraud-Management] [kafka-producer-network-thread | Fraud-Management-producer-1] org.apache.kafka.clients.NetworkClient   : [Producer clientId=Fraud-Management-producer-1] Received PRODUCE response from node 0 for request with header RequestHeader(apiKey=PRODUCE, apiVersion=10, clientId=Fraud-Management-producer-1, correlationId=17, headerVersion=2): ProduceResponseData(responses=[TopicProduceResponse(name='rollback-transactions', partitionResponses=[PartitionProduceResponse(index=0, errorCode=0, baseOffset=6, logAppendTimeMs=-1, logStartOffset=0, recordErrors=[], errorMessage=null, currentLeader=LeaderIdAndEpoch(leaderId=-1, leaderEpoch=-1))])], throttleTimeMs=0, nodeEndpoints=[])
2026-05-21T20:48:47.498+05:30  INFO 4847 --- [Fraud-Management] [http-nio-8082-exec-8] c.f.F.Kafka.TransactionProducer          : FRAUD transaction! Rolled back and alert sent.
2026-05-21T20:48:47.498+05:30 DEBUG 4847 --- [Fraud-Management] [kafka-producer-network-thread | Fraud-Management-producer-1] o.a.k.c.p.internals.RecordAccumulator    : [Producer clientId=Fraud-Management-producer-1] Assigned producerId 5 and producerEpoch 0 to batch with base sequence 1 being sent to partition fraud-alerts-0
2026-05-21T20:48:47.497+05:30 DEBUG 4847 --- [Fraud-Management] [kafka-producer-network-thread | Fraud-Management-producer-1] o.a.k.c.p.internals.TransactionManager   : [Producer clientId=Fraud-Management-producer-1] ProducerId: 4; Set last ack'd sequence number for topic-partition rollback-transactions-0 to 1
2026-05-21T20:48:47.497+05:30 DEBUG 4847 --- [Fraud-Management] [kafka-producer-network-thread | Fraud-Management-producer-1] o.a.k.c.p.internals.TransactionManager   : [Producer clientId=Fraud-Management-producer-1] ProducerId: 3; Set last ack'd sequence number for topic-partition notification-0 to 4
2026-05-21T20:48:47.499+05:30 DEBUG 4847 --- [Fraud-Management] [kafka-producer-network-thread | Fraud-Management-producer-1] org.apache.kafka.clients.NetworkClient   : [Producer clientId=Fraud-Management-producer-1] Sending PRODUCE request with header RequestHeader(apiKey=PRODUCE, apiVersion=10, clientId=Fraud-Management-producer-1, correlationId=12, headerVersion=2) and timeout 30000 to node 0: {acks=-1,timeout=30000,partitionSizes=[fraud-alerts-0=339]}
2026-05-21T20:48:47.501+05:30 DEBUG 4847 --- [Fraud-Management] [kafka-producer-network-thread | Fraud-Management-producer-1] org.apache.kafka.clients.NetworkClient   : [Producer clientId=Fraud-Management-producer-1] Received PRODUCE response from node 0 for request with header RequestHeader(apiKey=PRODUCE, apiVersion=10, clientId=Fraud-Management-producer-1, correlationId=12, headerVersion=2): ProduceResponseData(responses=[TopicProduceResponse(name='fraud-alerts', partitionResponses=[PartitionProduceResponse(index=0, errorCode=0, baseOffset=7, logAppendTimeMs=-1, logStartOffset=0, recordErrors=[], errorMessage=null, currentLeader=LeaderIdAndEpoch(leaderId=-1, leaderEpoch=-1))])], throttleTimeMs=0, nodeEndpoints=[])
2026-05-21T20:48:47.501+05:30 DEBUG 4847 --- [Fraud-Management] [kafka-producer-network-thread | Fraud-Management-producer-1] o.a.k.c.p.internals.TransactionManager   : [Producer clientId=Fraud-Management-producer-1] ProducerId: 5; Set last ack'd sequence number for topic-partition fraud-alerts-0 to 1
2026-05-21T20:49:04.245+05:30 DEBUG 4847 --- [Fraud-Management] [kafka-producer-network-thread | Fraud-Management-producer-1] org.apache.kafka.clients.NetworkClient   : [Producer clientId=Fraud-Management-producer-1] Sending metadata request MetadataRequestData(topics=[MetadataRequestTopic(topicId=AAAAAAAAAAAAAAAAAAAAAA, name='notification')], allowAutoTopicCreation=true, includeClusterAuthorizedOperations=false, includeTopicAuthorizedOperations=false) to node 192.168.1.15:9092 (id: 0 rack: null)
2026-05-21T20:49:04.247+05:30 DEBUG 4847 --- [Fraud-Management] [kafka-producer-network-thread | Fraud-Management-producer-1] org.apache.kafka.clients.NetworkClient   : [Producer clientId=Fraud-Management-producer-1] Sending METADATA request with header RequestHeader(apiKey=METADATA, apiVersion=12, clientId=Fraud-Management-producer-1, correlationId=16, headerVersion=2) and timeout 30000 to node 0: MetadataRequestData(topics=[MetadataRequestTopic(topicId=AAAAAAAAAAAAAAAAAAAAAA, name='notification')], allowAutoTopicCreation=true, includeClusterAuthorizedOperations=false, includeTopicAuthorizedOperations=false)
2026-05-21T20:49:04.249+05:30 DEBUG 4847 --- [Fraud-Management] [kafka-producer-network-thread | Fraud-Management-producer-1] org.apache.kafka.clients.NetworkClient   : [Producer clientId=Fraud-Management-producer-1] Received METADATA response from node 0 for request with header RequestHeader(apiKey=METADATA, apiVersion=12, clientId=Fraud-Management-producer-1, correlationId=16, headerVersion=2): MetadataResponseData(throttleTimeMs=0, brokers=[MetadataResponseBroker(nodeId=0, host='192.168.1.15', port=9092, rack=null)], clusterId='9YJeH9LiQPabFK2-ohTFOA', controllerId=0, topics=[MetadataResponseTopic(errorCode=0, name='notification', topicId=DyxN5cIIS-KuhaJQv1O9gw, isInternal=false, partitions=[MetadataResponsePartition(errorCode=0, partitionIndex=0, leaderId=0, leaderEpoch=0, replicaNodes=[0], isrNodes=[0], offlineReplicas=[])], topicAuthorizedOperations=-2147483648)], clusterAuthorizedOperations=-2147483648)
2026-05-21T20:49:04.250+05:30 DEBUG 4847 --- [Fraud-Management] [kafka-producer-network-thread | Fraud-Management-producer-1] org.apache.kafka.clients.Metadata        : [Producer clientId=Fraud-Management-producer-1] Updating last seen epoch for partition notification-0 from 0 to epoch 0 from new metadata
2026-05-21T20:49:04.250+05:30 DEBUG 4847 --- [Fraud-Management] [kafka-producer-network-thread | Fraud-Management-producer-1] org.apache.kafka.clients.Metadata        : [Producer clientId=Fraud-Management-producer-1] Updated cluster metadata updateVersion 6 to MetadataCache{clusterId='9YJeH9LiQPabFK2-ohTFOA', nodes={0=192.168.1.15:9092 (id: 0 rack: null)}, partitions=[PartitionMetadata(error=NONE, partition=notification-0, leader=Optional[0], leaderEpoch=Optional[0], replicas=0, isr=0, offlineReplicas=)], controller=192.168.1.15:9092 (id: 0 rack: null)}
2026-05-21T20:49:34.196+05:30 DEBUG 4847 --- [Fraud-Management] [kafka-producer-network-thread | Fraud-Management-producer-1] org.apache.kafka.clients.NetworkClient   : [Producer clientId=Fraud-Management-producer-1] Sending metadata request MetadataRequestData(topics=[MetadataRequestTopic(topicId=AAAAAAAAAAAAAAAAAAAAAA, name='valid-transactions'), MetadataRequestTopic(topicId=AAAAAAAAAAAAAAAAAAAAAA, name='rollback-transactions')], allowAutoTopicCreation=true, includeClusterAuthorizedOperations=false, includeTopicAuthorizedOperations=false) to node 192.168.1.15:9092 (id: 0 rack: null)
2026-05-21T20:49:34.200+05:30 DEBUG 4847 --- [Fraud-Management] [kafka-producer-network-thread | Fraud-Management-producer-1] org.apache.kafka.clients.NetworkClient   : [Producer clientId=Fraud-Management-producer-1] Sending METADATA request with header RequestHeader(apiKey=METADATA, apiVersion=12, clientId=Fraud-Management-producer-1, correlationId=18, headerVersion=2) and timeout 30000 to node 0: MetadataRequestData(topics=[MetadataRequestTopic(topicId=AAAAAAAAAAAAAAAAAAAAAA, name='valid-transactions'), MetadataRequestTopic(topicId=AAAAAAAAAAAAAAAAAAAAAA, name='rollback-transactions')], allowAutoTopicCreation=true, includeClusterAuthorizedOperations=false, includeTopicAuthorizedOperations=false)
2026-05-21T20:49:34.209+05:30 DEBUG 4847 --- [Fraud-Management] [kafka-producer-network-thread | Fraud-Management-producer-1] org.apache.kafka.clients.NetworkClient   : [Producer clientId=Fraud-Management-producer-1] Received METADATA response from node 0 for request with header RequestHeader(apiKey=METADATA, apiVersion=12, clientId=Fraud-Management-producer-1, correlationId=18, headerVersion=2): MetadataResponseData(throttleTimeMs=0, brokers=[MetadataResponseBroker(nodeId=0, host='192.168.1.15', port=9092, rack=null)], clusterId='9YJeH9LiQPabFK2-ohTFOA', controllerId=0, topics=[MetadataResponseTopic(errorCode=0, name='valid-transactions', topicId=v31IJ8L6TVuEw05Yu2NFTg, isInternal=false, partitions=[MetadataResponsePartition(errorCode=0, partitionIndex=0, leaderId=0, leaderEpoch=0, replicaNodes=[0], isrNodes=[0], offlineReplicas=[])], topicAuthorizedOperations=-2147483648), MetadataResponseTopic(errorCode=0, name='rollback-transactions', topicId=l5_XOGu1T0C1Ywef7hcyoA, isInternal=false, partitions=[MetadataResponsePartition(errorCode=0, partitionIndex=0, leaderId=0, leaderEpoch=0, replicaNodes=[0], isrNodes=[0], offlineReplicas=[])], topicAuthorizedOperations=-2147483648)], clusterAuthorizedOperations=-2147483648)
2026-05-21T20:49:34.212+05:30 DEBUG 4847 --- [Fraud-Management] [kafka-producer-network-thread | Fraud-Management-producer-1] org.apache.kafka.clients.Metadata        : [Producer clientId=Fraud-Management-producer-1] Updating last seen epoch for partition valid-transactions-0 from 0 to epoch 0 from new metadata
2026-05-21T20:49:34.212+05:30 DEBUG 4847 --- [Fraud-Management] [kafka-producer-network-thread | Fraud-Management-producer-1] org.apache.kafka.clients.Metadata        : [Producer clientId=Fraud-Management-producer-1] Updating last seen epoch for partition rollback-transactions-0 from 0 to epoch 0 from new metadata
2026-05-21T20:49:34.213+05:30 DEBUG 4847 --- [Fraud-Management] [kafka-producer-network-thread | Fraud-Management-producer-1] org.apache.kafka.clients.Metadata        : [Producer clientId=Fraud-Management-producer-1] Updated cluster metadata updateVersion 8 to MetadataCache{clusterId='9YJeH9LiQPabFK2-ohTFOA', nodes={0=192.168.1.15:9092 (id: 0 rack: null)}, partitions=[PartitionMetadata(error=NONE, partition=valid-transactions-0, leader=Optional[0], leaderEpoch=Optional[0], replicas=0, isr=0, offlineReplicas=), PartitionMetadata(error=NONE, partition=rollback-transactions-0, leader=Optional[0], leaderEpoch=Optional[0], replicas=0, isr=0, offlineReplicas=)], controller=192.168.1.15:9092 (id: 0 rack: null)}
2026-05-21T20:50:04.165+05:30 DEBUG 4847 --- [Fraud-Management] [kafka-producer-network-thread | Fraud-Management-producer-1] o.a.k.c.t.i.ClientTelemetryReporter      : Creating telemetry subscription request with client instance id AAAAAAAAAAAAAAAAAAAAAA
2026-05-21T20:50:04.166+05:30 DEBUG 4847 --- [Fraud-Management] [kafka-producer-network-thread | Fraud-Management-producer-1] o.a.k.c.t.i.ClientTelemetryReporter      : Creating telemetry subscription request with client instance id AAAAAAAAAAAAAAAAAAAAAA
2026-05-21T20:50:04.166+05:30 DEBUG 4847 --- [Fraud-Management] [kafka-producer-network-thread | Fraud-Management-producer-1] o.a.k.c.t.i.ClientTelemetryReporter      : Setting telemetry state from SUBSCRIPTION_NEEDED to SUBSCRIPTION_IN_PROGRESS
2026-05-21T20:50:04.166+05:30 DEBUG 4847 --- [Fraud-Management] [kafka-producer-network-thread | Fraud-Management-producer-1] o.a.k.c.t.i.ClientTelemetryReporter      : Setting telemetry state from SUBSCRIPTION_NEEDED to SUBSCRIPTION_IN_PROGRESS
2026-05-21T20:50:04.166+05:30 DEBUG 4847 --- [Fraud-Management] [kafka-producer-network-thread | Fraud-Management-producer-1] org.apache.kafka.clients.NetworkClient   : [Producer clientId=Fraud-Management-producer-1] Version mismatch when attempting to send GetTelemetrySubscriptionsRequestData(clientInstanceId=AAAAAAAAAAAAAAAAAAAAAA) with correlation id 17 to 0

org.apache.kafka.common.errors.UnsupportedVersionException: The node does not support GET_TELEMETRY_SUBSCRIPTIONS

2026-05-21T20:50:04.166+05:30 DEBUG 4847 --- [Fraud-Management] [kafka-producer-network-thread | Fraud-Management-producer-1] org.apache.kafka.clients.NetworkClient   : [Producer clientId=Fraud-Management-producer-1] Version mismatch when attempting to send GetTelemetrySubscriptionsRequestData(clientInstanceId=AAAAAAAAAAAAAAAAAAAAAA) with correlation id 19 to 0

org.apache.kafka.common.errors.UnsupportedVersionException: The node does not support GET_TELEMETRY_SUBSCRIPTIONS

2026-05-21T20:50:04.167+05:30 DEBUG 4847 --- [Fraud-Management] [kafka-producer-network-thread | Fraud-Management-producer-1] o.a.k.c.t.i.ClientTelemetryReporter      : The broker generated an error for the get telemetry network API request

org.apache.kafka.common.errors.UnsupportedVersionException: The node does not support GET_TELEMETRY_SUBSCRIPTIONS

2026-05-21T20:50:04.167+05:30 DEBUG 4847 --- [Fraud-Management] [kafka-producer-network-thread | Fraud-Management-producer-1] o.a.k.c.t.i.ClientTelemetryReporter      : The broker generated an error for the get telemetry network API request

org.apache.kafka.common.errors.UnsupportedVersionException: The node does not support GET_TELEMETRY_SUBSCRIPTIONS

2026-05-21T20:50:04.168+05:30 DEBUG 4847 --- [Fraud-Management] [kafka-producer-network-thread | Fraud-Management-producer-1] o.a.k.c.t.i.ClientTelemetryReporter      : Updating intervalMs: 300000, lastRequestMs: 1779376804168
2026-05-21T20:50:04.168+05:30 DEBUG 4847 --- [Fraud-Management] [kafka-producer-network-thread | Fraud-Management-producer-1] o.a.k.c.t.i.ClientTelemetryReporter      : Updating intervalMs: 300000, lastRequestMs: 1779376804168
2026-05-21T20:50:04.169+05:30 DEBUG 4847 --- [Fraud-Management] [kafka-producer-network-thread | Fraud-Management-producer-1] o.a.k.c.t.i.ClientTelemetryReporter      : Setting telemetry state from SUBSCRIPTION_IN_PROGRESS to SUBSCRIPTION_NEEDED
2026-05-21T20:50:04.169+05:30 DEBUG 4847 --- [Fraud-Management] [kafka-producer-network-thread | Fraud-Management-producer-1] o.a.k.c.t.i.ClientTelemetryReporter      : Setting telemetry state from SUBSCRIPTION_IN_PROGRESS to SUBSCRIPTION_NEEDED
2026-05-21T20:51:07.618+05:30 DEBUG 4847 --- [Fraud-Management] [kafka-producer-network-thread | Fraud-Management-producer-1] org.apache.kafka.clients.NetworkClient   : [Producer clientId=Fraud-Management-producer-1] Sending metadata request MetadataRequestData(topics=[MetadataRequestTopic(topicId=AAAAAAAAAAAAAAAAAAAAAA, name='fraud-alerts')], allowAutoTopicCreation=true, includeClusterAuthorizedOperations=false, includeTopicAuthorizedOperations=false) to node 192.168.1.15:9092 (id: 0 rack: null)
2026-05-21T20:51:07.621+05:30 DEBUG 4847 --- [Fraud-Management] [kafka-producer-network-thread | Fraud-Management-producer-1] org.apache.kafka.clients.NetworkClient   : [Producer clientId=Fraud-Management-producer-1] Sending METADATA request with header RequestHeader(apiKey=METADATA, apiVersion=12, clientId=Fraud-Management-producer-1, correlationId=13, headerVersion=2) and timeout 30000 to node 0: MetadataRequestData(topics=[MetadataRequestTopic(topicId=AAAAAAAAAAAAAAAAAAAAAA, name='fraud-alerts')], allowAutoTopicCreation=true, includeClusterAuthorizedOperations=false, includeTopicAuthorizedOperations=false)
2026-05-21T20:51:07.624+05:30 DEBUG 4847 --- [Fraud-Management] [kafka-producer-network-thread | Fraud-Management-producer-1] org.apache.kafka.clients.NetworkClient   : [Producer clientId=Fraud-Management-producer-1] Received METADATA response from node 0 for request with header RequestHeader(apiKey=METADATA, apiVersion=12, clientId=Fraud-Management-producer-1, correlationId=13, headerVersion=2): MetadataResponseData(throttleTimeMs=0, brokers=[MetadataResponseBroker(nodeId=0, host='192.168.1.15', port=9092, rack=null)], clusterId='9YJeH9LiQPabFK2-ohTFOA', controllerId=0, topics=[MetadataResponseTopic(errorCode=0, name='fraud-alerts', topicId=igZ8IUrNQxqStOjnoWrz9A, isInternal=false, partitions=[MetadataResponsePartition(errorCode=0, partitionIndex=0, leaderId=0, leaderEpoch=0, replicaNodes=[0], isrNodes=[0], offlineReplicas=[])], topicAuthorizedOperations=-2147483648)], clusterAuthorizedOperations=-2147483648)
2026-05-21T20:51:07.625+05:30 DEBUG 4847 --- [Fraud-Management] [kafka-producer-network-thread | Fraud-Management-producer-1] org.apache.kafka.clients.Metadata        : [Producer clientId=Fraud-Management-producer-1] Updating last seen epoch for partition fraud-alerts-0 from 0 to epoch 0 from new metadata
2026-05-21T20:51:07.626+05:30 DEBUG 4847 --- [Fraud-Management] [kafka-producer-network-thread | Fraud-Management-producer-1] org.apache.kafka.clients.Metadata        : [Producer clientId=Fraud-Management-producer-1] Updated cluster metadata updateVersion 6 to MetadataCache{clusterId='9YJeH9LiQPabFK2-ohTFOA', nodes={0=192.168.1.15:9092 (id: 0 rack: null)}, partitions=[PartitionMetadata(error=NONE, partition=fraud-alerts-0, leader=Optional[0], leaderEpoch=Optional[0], replicas=0, isr=0, offlineReplicas=)], controller=192.168.1.15:9092 (id: 0 rack: null)}
2026-05-21T20:51:37.583+05:30 DEBUG 4847 --- [Fraud-Management] [kafka-producer-network-thread | Fraud-Management-producer-1] o.a.k.c.t.i.ClientTelemetryReporter      : Creating telemetry subscription request with client instance id AAAAAAAAAAAAAAAAAAAAAA
2026-05-21T20:51:37.585+05:30 DEBUG 4847 --- [Fraud-Management] [kafka-producer-network-thread | Fraud-Management-producer-1] o.a.k.c.t.i.ClientTelemetryReporter      : Setting telemetry state from SUBSCRIPTION_NEEDED to SUBSCRIPTION_IN_PROGRESS
2026-05-21T20:51:37.586+05:30 DEBUG 4847 --- [Fraud-Management] [kafka-producer-network-thread | Fraud-Management-producer-1] org.apache.kafka.clients.NetworkClient   : [Producer clientId=Fraud-Management-producer-1] Version mismatch when attempting to send GetTelemetrySubscriptionsRequestData(clientInstanceId=AAAAAAAAAAAAAAAAAAAAAA) with correlation id 14 to 0

org.apache.kafka.common.errors.UnsupportedVersionException: The node does not support GET_TELEMETRY_SUBSCRIPTIONS

2026-05-21T20:51:37.586+05:30 DEBUG 4847 --- [Fraud-Management] [kafka-producer-network-thread | Fraud-Management-producer-1] o.a.k.c.t.i.ClientTelemetryReporter      : The broker generated an error for the get telemetry network API request

org.apache.kafka.common.errors.UnsupportedVersionException: The node does not support GET_TELEMETRY_SUBSCRIPTIONS

2026-05-21T20:51:37.587+05:30 DEBUG 4847 --- [Fraud-Management] [kafka-producer-network-thread | Fraud-Management-producer-1] o.a.k.c.t.i.ClientTelemetryReporter      : Updating intervalMs: 300000, lastRequestMs: 1779376897587
2026-05-21T20:51:37.587+05:30 DEBUG 4847 --- [Fraud-Management] [kafka-producer-network-thread | Fraud-Management-producer-1] o.a.k.c.t.i.ClientTelemetryReporter      : Setting telemetry state from SUBSCRIPTION_IN_PROGRESS to SUBSCRIPTION_NEEDED
2026-05-21T20:53:00.764+05:30  INFO 4847 --- [Fraud-Management] [AsyncResolver-bootstrap-executor-%d] c.n.d.s.r.aws.ConfigClusterResolver      : Resolving eureka endpoints via configuration
2026-05-21T20:53:48.868+05:30  INFO 4847 --- [Fraud-Management] [http-nio-8082-exec-10] c.f.F.Kafka.TransactionProducer          : Processing transaction: com.fraud_detection.Fraud_Management.DTO.TransactionDTO@20a8e355
2026-05-21T20:53:49.214+05:30  INFO 4847 --- [Fraud-Management] [http-nio-8082-exec-10] c.f.F.Kafka.TransactionProducer          : Notification sent for transaction ID: 2ab8e8fe-c90c-4b68-bb0a-a99918eebd9f
2026-05-21T20:53:49.215+05:30  INFO 4847 --- [Fraud-Management] [http-nio-8082-exec-10] c.f.F.Kafka.TransactionProducer          : Transaction evaluation result: FRAUD
2026-05-21T20:53:49.215+05:30 DEBUG 4847 --- [Fraud-Management] [kafka-producer-network-thread | Fraud-Management-producer-1] o.a.k.c.p.internals.RecordAccumulator    : [Producer clientId=Fraud-Management-producer-1] Assigned producerId 3 and producerEpoch 0 to batch with base sequence 5 being sent to partition notification-0
2026-05-21T20:53:49.216+05:30  INFO 4847 --- [Fraud-Management] [http-nio-8082-exec-10] c.f.F.Kafka.TransactionProducer          : FRAUD transaction! Rolled back and alert sent.
2026-05-21T20:53:49.216+05:30 DEBUG 4847 --- [Fraud-Management] [kafka-producer-network-thread | Fraud-Management-producer-1] o.a.k.c.p.internals.RecordAccumulator    : [Producer clientId=Fraud-Management-producer-1] Assigned producerId 5 and producerEpoch 0 to batch with base sequence 2 being sent to partition fraud-alerts-0
2026-05-21T20:53:49.216+05:30 DEBUG 4847 --- [Fraud-Management] [kafka-producer-network-thread | Fraud-Management-producer-1] o.a.k.c.p.internals.RecordAccumulator    : [Producer clientId=Fraud-Management-producer-1] Assigned producerId 4 and producerEpoch 0 to batch with base sequence 2 being sent to partition rollback-transactions-0
2026-05-21T20:53:49.217+05:30 DEBUG 4847 --- [Fraud-Management] [kafka-producer-network-thread | Fraud-Management-producer-1] org.apache.kafka.clients.NetworkClient   : [Producer clientId=Fraud-Management-producer-1] Sending PRODUCE request with header RequestHeader(apiKey=PRODUCE, apiVersion=10, clientId=Fraud-Management-producer-1, correlationId=20, headerVersion=2) and timeout 30000 to node 0: {acks=-1,timeout=30000,partitionSizes=[rollback-transactions-0=350]}
2026-05-21T20:53:49.216+05:30 DEBUG 4847 --- [Fraud-Management] [kafka-producer-network-thread | Fraud-Management-producer-1] org.apache.kafka.clients.NetworkClient   : [Producer clientId=Fraud-Management-producer-1] Sending PRODUCE request with header RequestHeader(apiKey=PRODUCE, apiVersion=10, clientId=Fraud-Management-producer-1, correlationId=18, headerVersion=2) and timeout 30000 to node 0: {acks=-1,timeout=30000,partitionSizes=[notification-0=140]}
2026-05-21T20:53:49.218+05:30 DEBUG 4847 --- [Fraud-Management] [kafka-producer-network-thread | Fraud-Management-producer-1] org.apache.kafka.clients.NetworkClient   : [Producer clientId=Fraud-Management-producer-1] Sending PRODUCE request with header RequestHeader(apiKey=PRODUCE, apiVersion=10, clientId=Fraud-Management-producer-1, correlationId=15, headerVersion=2) and timeout 30000 to node 0: {acks=-1,timeout=30000,partitionSizes=[fraud-alerts-0=344]}
2026-05-21T20:53:49.230+05:30 DEBUG 4847 --- [Fraud-Management] [kafka-producer-network-thread | Fraud-Management-producer-1] org.apache.kafka.clients.NetworkClient   : [Producer clientId=Fraud-Management-producer-1] Received PRODUCE response from node 0 for request with header RequestHeader(apiKey=PRODUCE, apiVersion=10, clientId=Fraud-Management-producer-1, correlationId=15, headerVersion=2): ProduceResponseData(responses=[TopicProduceResponse(name='fraud-alerts', partitionResponses=[PartitionProduceResponse(index=0, errorCode=0, baseOffset=8, logAppendTimeMs=-1, logStartOffset=0, recordErrors=[], errorMessage=null, currentLeader=LeaderIdAndEpoch(leaderId=-1, leaderEpoch=-1))])], throttleTimeMs=0, nodeEndpoints=[])
2026-05-21T20:53:49.230+05:30 DEBUG 4847 --- [Fraud-Management] [kafka-producer-network-thread | Fraud-Management-producer-1] o.a.k.c.p.internals.TransactionManager   : [Producer clientId=Fraud-Management-producer-1] ProducerId: 5; Set last ack'd sequence number for topic-partition fraud-alerts-0 to 2
2026-05-21T20:53:49.230+05:30 DEBUG 4847 --- [Fraud-Management] [kafka-producer-network-thread | Fraud-Management-producer-1] org.apache.kafka.clients.NetworkClient   : [Producer clientId=Fraud-Management-producer-1] Received PRODUCE response from node 0 for request with header RequestHeader(apiKey=PRODUCE, apiVersion=10, clientId=Fraud-Management-producer-1, correlationId=20, headerVersion=2): ProduceResponseData(responses=[TopicProduceResponse(name='rollback-transactions', partitionResponses=[PartitionProduceResponse(index=0, errorCode=0, baseOffset=7, logAppendTimeMs=-1, logStartOffset=0, recordErrors=[], errorMessage=null, currentLeader=LeaderIdAndEpoch(leaderId=-1, leaderEpoch=-1))])], throttleTimeMs=0, nodeEndpoints=[])
2026-05-21T20:53:49.230+05:30 DEBUG 4847 --- [Fraud-Management] [kafka-producer-network-thread | Fraud-Management-producer-1] org.apache.kafka.clients.NetworkClient   : [Producer clientId=Fraud-Management-producer-1] Received PRODUCE response from node 0 for request with header RequestHeader(apiKey=PRODUCE, apiVersion=10, clientId=Fraud-Management-producer-1, correlationId=18, headerVersion=2): ProduceResponseData(responses=[TopicProduceResponse(name='notification', partitionResponses=[PartitionProduceResponse(index=0, errorCode=0, baseOffset=13, logAppendTimeMs=-1, logStartOffset=0, recordErrors=[], errorMessage=null, currentLeader=LeaderIdAndEpoch(leaderId=-1, leaderEpoch=-1))])], throttleTimeMs=0, nodeEndpoints=[])
2026-05-21T20:53:49.230+05:30 DEBUG 4847 --- [Fraud-Management] [kafka-producer-network-thread | Fraud-Management-producer-1] o.a.k.c.p.internals.TransactionManager   : [Producer clientId=Fraud-Management-producer-1] ProducerId: 4; Set last ack'd sequence number for topic-partition rollback-transactions-0 to 2
2026-05-21T20:53:49.230+05:30 DEBUG 4847 --- [Fraud-Management] [kafka-producer-network-thread | Fraud-Management-producer-1] o.a.k.c.p.internals.TransactionManager   : [Producer clientId=Fraud-Management-producer-1] ProducerId: 3; Set last ack'd sequence number for topic-partition notification-0 to 5
2026-05-21T20:54:04.254+05:30  INFO 4847 --- [Fraud-Management] [kafka-producer-network-thread | Fraud-Management-producer-1] org.apache.kafka.clients.NetworkClient   : [Producer clientId=Fraud-Management-producer-1] Node -1 disconnected.
2026-05-21T20:54:04.353+05:30 DEBUG 4847 --- [Fraud-Management] [kafka-producer-network-thread | Fraud-Management-producer-1] org.apache.kafka.clients.NetworkClient   : [Producer clientId=Fraud-Management-producer-1] Sending metadata request MetadataRequestData(topics=[MetadataRequestTopic(topicId=AAAAAAAAAAAAAAAAAAAAAA, name='notification')], allowAutoTopicCreation=true, includeClusterAuthorizedOperations=false, includeTopicAuthorizedOperations=false) to node 192.168.1.15:9092 (id: 0 rack: null)
2026-05-21T20:54:04.353+05:30 DEBUG 4847 --- [Fraud-Management] [kafka-producer-network-thread | Fraud-Management-producer-1] org.apache.kafka.clients.NetworkClient   : [Producer clientId=Fraud-Management-producer-1] Sending METADATA request with header RequestHeader(apiKey=METADATA, apiVersion=12, clientId=Fraud-Management-producer-1, correlationId=19, headerVersion=2) and timeout 30000 to node 0: MetadataRequestData(topics=[MetadataRequestTopic(topicId=AAAAAAAAAAAAAAAAAAAAAA, name='notification')], allowAutoTopicCreation=true, includeClusterAuthorizedOperations=false, includeTopicAuthorizedOperations=false)
2026-05-21T20:54:04.356+05:30 DEBUG 4847 --- [Fraud-Management] [kafka-producer-network-thread | Fraud-Management-producer-1] org.apache.kafka.clients.NetworkClient   : [Producer clientId=Fraud-Management-producer-1] Received METADATA response from node 0 for request with header RequestHeader(apiKey=METADATA, apiVersion=12, clientId=Fraud-Management-producer-1, correlationId=19, headerVersion=2): MetadataResponseData(throttleTimeMs=0, brokers=[MetadataResponseBroker(nodeId=0, host='192.168.1.15', port=9092, rack=null)], clusterId='9YJeH9LiQPabFK2-ohTFOA', controllerId=0, topics=[MetadataResponseTopic(errorCode=0, name='notification', topicId=DyxN5cIIS-KuhaJQv1O9gw, isInternal=false, partitions=[MetadataResponsePartition(errorCode=0, partitionIndex=0, leaderId=0, leaderEpoch=0, replicaNodes=[0], isrNodes=[0], offlineReplicas=[])], topicAuthorizedOperations=-2147483648)], clusterAuthorizedOperations=-2147483648)
2026-05-21T20:54:04.357+05:30 DEBUG 4847 --- [Fraud-Management] [kafka-producer-network-thread | Fraud-Management-producer-1] org.apache.kafka.clients.Metadata        : [Producer clientId=Fraud-Management-producer-1] Updating last seen epoch for partition notification-0 from 0 to epoch 0 from new metadata
2026-05-21T20:54:04.357+05:30 DEBUG 4847 --- [Fraud-Management] [kafka-producer-network-thread | Fraud-Management-producer-1] org.apache.kafka.clients.Metadata        : [Producer clientId=Fraud-Management-producer-1] Updated cluster metadata updateVersion 7 to MetadataCache{clusterId='9YJeH9LiQPabFK2-ohTFOA', nodes={0=192.168.1.15:9092 (id: 0 rack: null)}, partitions=[PartitionMetadata(error=NONE, partition=notification-0, leader=Optional[0], leaderEpoch=Optional[0], replicas=0, isr=0, offlineReplicas=)], controller=192.168.1.15:9092 (id: 0 rack: null)}
2026-05-21T20:54:19.237+05:30  INFO 4847 --- [Fraud-Management] [kafka-producer-network-thread | Fraud-Management-producer-1] org.apache.kafka.clients.NetworkClient   : [Producer clientId=Fraud-Management-producer-1] Node -1 disconnected.
2026-05-21T20:54:19.242+05:30 DEBUG 4847 --- [Fraud-Management] [kafka-producer-network-thread | Fraud-Management-producer-1] org.apache.kafka.clients.NetworkClient   : [Producer clientId=Fraud-Management-producer-1] Sending metadata request MetadataRequestData(topics=[MetadataRequestTopic(topicId=AAAAAAAAAAAAAAAAAAAAAA, name='valid-transactions'), MetadataRequestTopic(topicId=AAAAAAAAAAAAAAAAAAAAAA, name='rollback-transactions')], allowAutoTopicCreation=true, includeClusterAuthorizedOperations=false, includeTopicAuthorizedOperations=false) to node 192.168.1.15:9092 (id: 0 rack: null)
2026-05-21T20:54:19.243+05:30 DEBUG 4847 --- [Fraud-Management] [kafka-producer-network-thread | Fraud-Management-producer-1] org.apache.kafka.clients.NetworkClient   : [Producer clientId=Fraud-Management-producer-1] Sending METADATA request with header RequestHeader(apiKey=METADATA, apiVersion=12, clientId=Fraud-Management-producer-1, correlationId=21, headerVersion=2) and timeout 30000 to node 0: MetadataRequestData(topics=[MetadataRequestTopic(topicId=AAAAAAAAAAAAAAAAAAAAAA, name='valid-transactions'), MetadataRequestTopic(topicId=AAAAAAAAAAAAAAAAAAAAAA, name='rollback-transactions')], allowAutoTopicCreation=true, includeClusterAuthorizedOperations=false, includeTopicAuthorizedOperations=false)
2026-05-21T20:54:19.251+05:30 DEBUG 4847 --- [Fraud-Management] [kafka-producer-network-thread | Fraud-Management-producer-1] org.apache.kafka.clients.NetworkClient   : [Producer clientId=Fraud-Management-producer-1] Received METADATA response from node 0 for request with header RequestHeader(apiKey=METADATA, apiVersion=12, clientId=Fraud-Management-producer-1, correlationId=21, headerVersion=2): MetadataResponseData(throttleTimeMs=0, brokers=[MetadataResponseBroker(nodeId=0, host='192.168.1.15', port=9092, rack=null)], clusterId='9YJeH9LiQPabFK2-ohTFOA', controllerId=0, topics=[MetadataResponseTopic(errorCode=0, name='valid-transactions', topicId=v31IJ8L6TVuEw05Yu2NFTg, isInternal=false, partitions=[MetadataResponsePartition(errorCode=0, partitionIndex=0, leaderId=0, leaderEpoch=0, replicaNodes=[0], isrNodes=[0], offlineReplicas=[])], topicAuthorizedOperations=-2147483648), MetadataResponseTopic(errorCode=0, name='rollback-transactions', topicId=l5_XOGu1T0C1Ywef7hcyoA, isInternal=false, partitions=[MetadataResponsePartition(errorCode=0, partitionIndex=0, leaderId=0, leaderEpoch=0, replicaNodes=[0], isrNodes=[0], offlineReplicas=[])], topicAuthorizedOperations=-2147483648)], clusterAuthorizedOperations=-2147483648)
2026-05-21T20:54:19.252+05:30 DEBUG 4847 --- [Fraud-Management] [kafka-producer-network-thread | Fraud-Management-producer-1] o.a.k.c.p.internals.ProducerMetadata     : [Producer clientId=Fraud-Management-producer-1] Removing unused topic valid-transactions from the metadata list, expiryMs 1779376786881 now 1779377059250
2026-05-21T20:54:19.253+05:30 DEBUG 4847 --- [Fraud-Management] [kafka-producer-network-thread | Fraud-Management-producer-1] org.apache.kafka.clients.Metadata        : [Producer clientId=Fraud-Management-producer-1] Updating last seen epoch for partition rollback-transactions-0 from 0 to epoch 0 from new metadata
2026-05-21T20:54:19.254+05:30 DEBUG 4847 --- [Fraud-Management] [kafka-producer-network-thread | Fraud-Management-producer-1] org.apache.kafka.clients.Metadata        : [Producer clientId=Fraud-Management-producer-1] Updated cluster metadata updateVersion 9 to MetadataCache{clusterId='9YJeH9LiQPabFK2-ohTFOA', nodes={0=192.168.1.15:9092 (id: 0 rack: null)}, partitions=[PartitionMetadata(error=NONE, partition=rollback-transactions-0, leader=Optional[0], leaderEpoch=Optional[0], replicas=0, isr=0, offlineReplicas=)], controller=192.168.1.15:9092 (id: 0 rack: null)}
2026-05-21T20:55:04.170+05:30 DEBUG 4847 --- [Fraud-Management] [kafka-producer-network-thread | Fraud-Management-producer-1] o.a.k.c.t.i.ClientTelemetryReporter      : Creating telemetry subscription request with client instance id AAAAAAAAAAAAAAAAAAAAAA
2026-05-21T20:55:04.170+05:30 DEBUG 4847 --- [Fraud-Management] [kafka-producer-network-thread | Fraud-Management-producer-1] o.a.k.c.t.i.ClientTelemetryReporter      : Creating telemetry subscription request with client instance id AAAAAAAAAAAAAAAAAAAAAA
2026-05-21T20:55:04.173+05:30 DEBUG 4847 --- [Fraud-Management] [kafka-producer-network-thread | Fraud-Management-producer-1] o.a.k.c.t.i.ClientTelemetryReporter      : Setting telemetry state from SUBSCRIPTION_NEEDED to SUBSCRIPTION_IN_PROGRESS
2026-05-21T20:55:04.173+05:30 DEBUG 4847 --- [Fraud-Management] [kafka-producer-network-thread | Fraud-Management-producer-1] o.a.k.c.t.i.ClientTelemetryReporter      : Setting telemetry state from SUBSCRIPTION_NEEDED to SUBSCRIPTION_IN_PROGRESS
2026-05-21T20:55:04.175+05:30 DEBUG 4847 --- [Fraud-Management] [kafka-producer-network-thread | Fraud-Management-producer-1] org.apache.kafka.clients.NetworkClient   : [Producer clientId=Fraud-Management-producer-1] Version mismatch when attempting to send GetTelemetrySubscriptionsRequestData(clientInstanceId=AAAAAAAAAAAAAAAAAAAAAA) with correlation id 20 to 0

org.apache.kafka.common.errors.UnsupportedVersionException: The node does not support GET_TELEMETRY_SUBSCRIPTIONS

2026-05-21T20:55:04.175+05:30 DEBUG 4847 --- [Fraud-Management] [kafka-producer-network-thread | Fraud-Management-producer-1] org.apache.kafka.clients.NetworkClient   : [Producer clientId=Fraud-Management-producer-1] Version mismatch when attempting to send GetTelemetrySubscriptionsRequestData(clientInstanceId=AAAAAAAAAAAAAAAAAAAAAA) with correlation id 22 to 0

org.apache.kafka.common.errors.UnsupportedVersionException: The node does not support GET_TELEMETRY_SUBSCRIPTIONS

2026-05-21T20:55:04.177+05:30 DEBUG 4847 --- [Fraud-Management] [kafka-producer-network-thread | Fraud-Management-producer-1] o.a.k.c.t.i.ClientTelemetryReporter      : The broker generated an error for the get telemetry network API request

org.apache.kafka.common.errors.UnsupportedVersionException: The node does not support GET_TELEMETRY_SUBSCRIPTIONS

2026-05-21T20:55:04.178+05:30 DEBUG 4847 --- [Fraud-Management] [kafka-producer-network-thread | Fraud-Management-producer-1] o.a.k.c.t.i.ClientTelemetryReporter      : Updating intervalMs: 300000, lastRequestMs: 1779377104178
2026-05-21T20:55:04.178+05:30 DEBUG 4847 --- [Fraud-Management] [kafka-producer-network-thread | Fraud-Management-producer-1] o.a.k.c.t.i.ClientTelemetryReporter      : The broker generated an error for the get telemetry network API request

org.apache.kafka.common.errors.UnsupportedVersionException: The node does not support GET_TELEMETRY_SUBSCRIPTIONS

2026-05-21T20:55:04.178+05:30 DEBUG 4847 --- [Fraud-Management] [kafka-producer-network-thread | Fraud-Management-producer-1] o.a.k.c.t.i.ClientTelemetryReporter      : Setting telemetry state from SUBSCRIPTION_IN_PROGRESS to SUBSCRIPTION_NEEDED
2026-05-21T20:55:04.179+05:30 DEBUG 4847 --- [Fraud-Management] [kafka-producer-network-thread | Fraud-Management-producer-1] o.a.k.c.t.i.ClientTelemetryReporter      : Updating intervalMs: 300000, lastRequestMs: 1779377104179
2026-05-21T20:55:04.179+05:30 DEBUG 4847 --- [Fraud-Management] [kafka-producer-network-thread | Fraud-Management-producer-1] o.a.k.c.t.i.ClientTelemetryReporter      : Setting telemetry state from SUBSCRIPTION_IN_PROGRESS to SUBSCRIPTION_NEEDED
2026-05-21T20:55:21.881+05:30  INFO 4847 --- [Fraud-Management] [http-nio-8082-exec-2] c.f.F.Kafka.TransactionProducer          : Processing transaction: com.fraud_detection.Fraud_Management.DTO.TransactionDTO@722f865d
2026-05-21T20:55:22.048+05:30  INFO 4847 --- [Fraud-Management] [http-nio-8082-exec-2] c.f.F.Kafka.TransactionProducer          : Notification sent for transaction ID: 55b2fa57-88f4-4b4e-965c-d6f4f7da30a3
2026-05-21T20:55:22.049+05:30  INFO 4847 --- [Fraud-Management] [http-nio-8082-exec-2] c.f.F.Kafka.TransactionProducer          : Transaction evaluation result: FRAUD
2026-05-21T20:55:22.049+05:30 DEBUG 4847 --- [Fraud-Management] [kafka-producer-network-thread | Fraud-Management-producer-1] o.a.k.c.p.internals.RecordAccumulator    : [Producer clientId=Fraud-Management-producer-1] Assigned producerId 3 and producerEpoch 0 to batch with base sequence 6 being sent to partition notification-0
2026-05-21T20:55:22.049+05:30  INFO 4847 --- [Fraud-Management] [http-nio-8082-exec-2] c.f.F.Kafka.TransactionProducer          : FRAUD transaction! Rolled back and alert sent.
2026-05-21T20:55:22.049+05:30 DEBUG 4847 --- [Fraud-Management] [kafka-producer-network-thread | Fraud-Management-producer-1] org.apache.kafka.clients.NetworkClient   : [Producer clientId=Fraud-Management-producer-1] Sending PRODUCE request with header RequestHeader(apiKey=PRODUCE, apiVersion=10, clientId=Fraud-Management-producer-1, correlationId=21, headerVersion=2) and timeout 30000 to node 0: {acks=-1,timeout=30000,partitionSizes=[notification-0=140]}
2026-05-21T20:55:22.050+05:30 DEBUG 4847 --- [Fraud-Management] [kafka-producer-network-thread | Fraud-Management-producer-1] o.a.k.c.p.internals.RecordAccumulator    : [Producer clientId=Fraud-Management-producer-1] Assigned producerId 4 and producerEpoch 0 to batch with base sequence 3 being sent to partition rollback-transactions-0
2026-05-21T20:55:22.050+05:30 DEBUG 4847 --- [Fraud-Management] [kafka-producer-network-thread | Fraud-Management-producer-1] o.a.k.c.p.internals.RecordAccumulator    : [Producer clientId=Fraud-Management-producer-1] Assigned producerId 5 and producerEpoch 0 to batch with base sequence 3 being sent to partition fraud-alerts-0
2026-05-21T20:55:22.050+05:30 DEBUG 4847 --- [Fraud-Management] [kafka-producer-network-thread | Fraud-Management-producer-1] org.apache.kafka.clients.NetworkClient   : [Producer clientId=Fraud-Management-producer-1] Sending PRODUCE request with header RequestHeader(apiKey=PRODUCE, apiVersion=10, clientId=Fraud-Management-producer-1, correlationId=16, headerVersion=2) and timeout 30000 to node 0: {acks=-1,timeout=30000,partitionSizes=[fraud-alerts-0=344]}
2026-05-21T20:55:22.050+05:30 DEBUG 4847 --- [Fraud-Management] [kafka-producer-network-thread | Fraud-Management-producer-1] org.apache.kafka.clients.NetworkClient   : [Producer clientId=Fraud-Management-producer-1] Sending PRODUCE request with header RequestHeader(apiKey=PRODUCE, apiVersion=10, clientId=Fraud-Management-producer-1, correlationId=23, headerVersion=2) and timeout 30000 to node 0: {acks=-1,timeout=30000,partitionSizes=[rollback-transactions-0=348]}
2026-05-21T20:55:22.063+05:30 DEBUG 4847 --- [Fraud-Management] [kafka-producer-network-thread | Fraud-Management-producer-1] org.apache.kafka.clients.NetworkClient   : [Producer clientId=Fraud-Management-producer-1] Received PRODUCE response from node 0 for request with header RequestHeader(apiKey=PRODUCE, apiVersion=10, clientId=Fraud-Management-producer-1, correlationId=21, headerVersion=2): ProduceResponseData(responses=[TopicProduceResponse(name='notification', partitionResponses=[PartitionProduceResponse(index=0, errorCode=0, baseOffset=14, logAppendTimeMs=-1, logStartOffset=0, recordErrors=[], errorMessage=null, currentLeader=LeaderIdAndEpoch(leaderId=-1, leaderEpoch=-1))])], throttleTimeMs=0, nodeEndpoints=[])
2026-05-21T20:55:22.063+05:30 DEBUG 4847 --- [Fraud-Management] [kafka-producer-network-thread | Fraud-Management-producer-1] org.apache.kafka.clients.NetworkClient   : [Producer clientId=Fraud-Management-producer-1] Received PRODUCE response from node 0 for request with header RequestHeader(apiKey=PRODUCE, apiVersion=10, clientId=Fraud-Management-producer-1, correlationId=23, headerVersion=2): ProduceResponseData(responses=[TopicProduceResponse(name='rollback-transactions', partitionResponses=[PartitionProduceResponse(index=0, errorCode=0, baseOffset=8, logAppendTimeMs=-1, logStartOffset=0, recordErrors=[], errorMessage=null, currentLeader=LeaderIdAndEpoch(leaderId=-1, leaderEpoch=-1))])], throttleTimeMs=0, nodeEndpoints=[])
2026-05-21T20:55:22.063+05:30 DEBUG 4847 --- [Fraud-Management] [kafka-producer-network-thread | Fraud-Management-producer-1] o.a.k.c.p.internals.TransactionManager   : [Producer clientId=Fraud-Management-producer-1] ProducerId: 4; Set last ack'd sequence number for topic-partition rollback-transactions-0 to 3
2026-05-21T20:55:22.063+05:30 DEBUG 4847 --- [Fraud-Management] [kafka-producer-network-thread | Fraud-Management-producer-1] org.apache.kafka.clients.NetworkClient   : [Producer clientId=Fraud-Management-producer-1] Received PRODUCE response from node 0 for request with header RequestHeader(apiKey=PRODUCE, apiVersion=10, clientId=Fraud-Management-producer-1, correlationId=16, headerVersion=2): ProduceResponseData(responses=[TopicProduceResponse(name='fraud-alerts', partitionResponses=[PartitionProduceResponse(index=0, errorCode=0, baseOffset=9, logAppendTimeMs=-1, logStartOffset=0, recordErrors=[], errorMessage=null, currentLeader=LeaderIdAndEpoch(leaderId=-1, leaderEpoch=-1))])], throttleTimeMs=0, nodeEndpoints=[])
2026-05-21T20:55:22.063+05:30 DEBUG 4847 --- [Fraud-Management] [kafka-producer-network-thread | Fraud-Management-producer-1] o.a.k.c.p.internals.TransactionManager   : [Producer clientId=Fraud-Management-producer-1] ProducerId: 5; Set last ack'd sequence number for topic-partition fraud-alerts-0 to 3
2026-05-21T20:55:22.063+05:30 DEBUG 4847 --- [Fraud-Management] [kafka-producer-network-thread | Fraud-Management-producer-1] o.a.k.c.p.internals.TransactionManager   : [Producer clientId=Fraud-Management-producer-1] ProducerId: 3; Set last ack'd sequence number for topic-partition notification-0 to 6
2026-05-21T20:55:52.065+05:30  INFO 4847 --- [Fraud-Management] [kafka-producer-network-thread | Fraud-Management-producer-1] org.apache.kafka.clients.NetworkClient   : [Producer clientId=Fraud-Management-producer-1] Node -1 disconnected.
2026-05-21T20:55:52.074+05:30 DEBUG 4847 --- [Fraud-Management] [kafka-producer-network-thread | Fraud-Management-producer-1] org.apache.kafka.clients.NetworkClient   : [Producer clientId=Fraud-Management-producer-1] Sending metadata request MetadataRequestData(topics=[MetadataRequestTopic(topicId=AAAAAAAAAAAAAAAAAAAAAA, name='fraud-alerts')], allowAutoTopicCreation=true, includeClusterAuthorizedOperations=false, includeTopicAuthorizedOperations=false) to node 192.168.1.15:9092 (id: 0 rack: null)
2026-05-21T20:55:52.074+05:30 DEBUG 4847 --- [Fraud-Management] [kafka-producer-network-thread | Fraud-Management-producer-1] org.apache.kafka.clients.NetworkClient   : [Producer clientId=Fraud-Management-producer-1] Sending METADATA request with header RequestHeader(apiKey=METADATA, apiVersion=12, clientId=Fraud-Management-producer-1, correlationId=17, headerVersion=2) and timeout 30000 to node 0: MetadataRequestData(topics=[MetadataRequestTopic(topicId=AAAAAAAAAAAAAAAAAAAAAA, name='fraud-alerts')], allowAutoTopicCreation=true, includeClusterAuthorizedOperations=false, includeTopicAuthorizedOperations=false)
2026-05-21T20:55:52.078+05:30 DEBUG 4847 --- [Fraud-Management] [kafka-producer-network-thread | Fraud-Management-producer-1] org.apache.kafka.clients.NetworkClient   : [Producer clientId=Fraud-Management-producer-1] Received METADATA response from node 0 for request with header RequestHeader(apiKey=METADATA, apiVersion=12, clientId=Fraud-Management-producer-1, correlationId=17, headerVersion=2): MetadataResponseData(throttleTimeMs=0, brokers=[MetadataResponseBroker(nodeId=0, host='192.168.1.15', port=9092, rack=null)], clusterId='9YJeH9LiQPabFK2-ohTFOA', controllerId=0, topics=[MetadataResponseTopic(errorCode=0, name='fraud-alerts', topicId=igZ8IUrNQxqStOjnoWrz9A, isInternal=false, partitions=[MetadataResponsePartition(errorCode=0, partitionIndex=0, leaderId=0, leaderEpoch=0, replicaNodes=[0], isrNodes=[0], offlineReplicas=[])], topicAuthorizedOperations=-2147483648)], clusterAuthorizedOperations=-2147483648)
2026-05-21T20:55:52.079+05:30 DEBUG 4847 --- [Fraud-Management] [kafka-producer-network-thread | Fraud-Management-producer-1] org.apache.kafka.clients.Metadata        : [Producer clientId=Fraud-Management-producer-1] Updating last seen epoch for partition fraud-alerts-0 from 0 to epoch 0 from new metadata
2026-05-21T20:55:52.080+05:30 DEBUG 4847 --- [Fraud-Management] [kafka-producer-network-thread | Fraud-Management-producer-1] org.apache.kafka.clients.Metadata        : [Producer clientId=Fraud-Management-producer-1] Updated cluster metadata updateVersion 7 to MetadataCache{clusterId='9YJeH9LiQPabFK2-ohTFOA', nodes={0=192.168.1.15:9092 (id: 0 rack: null)}, partitions=[PartitionMetadata(error=NONE, partition=fraud-alerts-0, leader=Optional[0], leaderEpoch=Optional[0], replicas=0, isr=0, offlineReplicas=)], controller=192.168.1.15:9092 (id: 0 rack: null)}
2026-05-21T20:56:37.589+05:30 DEBUG 4847 --- [Fraud-Management] [kafka-producer-network-thread | Fraud-Management-producer-1] o.a.k.c.t.i.ClientTelemetryReporter      : Creating telemetry subscription request with client instance id AAAAAAAAAAAAAAAAAAAAAA
2026-05-21T20:56:37.591+05:30 DEBUG 4847 --- [Fraud-Management] [kafka-producer-network-thread | Fraud-Management-producer-1] o.a.k.c.t.i.ClientTelemetryReporter      : Setting telemetry state from SUBSCRIPTION_NEEDED to SUBSCRIPTION_IN_PROGRESS
2026-05-21T20:56:37.593+05:30 DEBUG 4847 --- [Fraud-Management] [kafka-producer-network-thread | Fraud-Management-producer-1] org.apache.kafka.clients.NetworkClient   : [Producer clientId=Fraud-Management-producer-1] Version mismatch when attempting to send GetTelemetrySubscriptionsRequestData(clientInstanceId=AAAAAAAAAAAAAAAAAAAAAA) with correlation id 18 to 0

org.apache.kafka.common.errors.UnsupportedVersionException: The node does not support GET_TELEMETRY_SUBSCRIPTIONS

2026-05-21T20:56:37.595+05:30 DEBUG 4847 --- [Fraud-Management] [kafka-producer-network-thread | Fraud-Management-producer-1] o.a.k.c.t.i.ClientTelemetryReporter      : The broker generated an error for the get telemetry network API request

org.apache.kafka.common.errors.UnsupportedVersionException: The node does not support GET_TELEMETRY_SUBSCRIPTIONS

2026-05-21T20:56:37.596+05:30 DEBUG 4847 --- [Fraud-Management] [kafka-producer-network-thread | Fraud-Management-producer-1] o.a.k.c.t.i.ClientTelemetryReporter      : Updating intervalMs: 300000, lastRequestMs: 1779377197596
2026-05-21T20:56:37.596+05:30 DEBUG 4847 --- [Fraud-Management] [kafka-producer-network-thread | Fraud-Management-producer-1] o.a.k.c.t.i.ClientTelemetryReporter      : Setting telemetry state from SUBSCRIPTION_IN_PROGRESS to SUBSCRIPTION_NEEDED
2026-05-21T20:58:00.790+05:30  INFO 4847 --- [Fraud-Management] [AsyncResolver-bootstrap-executor-%d] c.n.d.s.r.aws.ConfigClusterResolver      : Resolving eureka endpoints via configuration
2026-05-21T20:58:33.773+05:30  INFO 4847 --- [Fraud-Management] [http-nio-8082-exec-4] c.f.F.Kafka.TransactionProducer          : Processing transaction: com.fraud_detection.Fraud_Management.DTO.TransactionDTO@2323cd47
2026-05-21T20:58:33.978+05:30  INFO 4847 --- [Fraud-Management] [http-nio-8082-exec-4] c.f.F.Kafka.TransactionProducer          : Notification sent for transaction ID: 66f6d8d2-9554-40ee-8675-ad02454fb42d
2026-05-21T20:58:33.978+05:30  INFO 4847 --- [Fraud-Management] [http-nio-8082-exec-4] c.f.F.Kafka.TransactionProducer          : Transaction evaluation result: ALERT
2026-05-21T20:58:33.979+05:30 DEBUG 4847 --- [Fraud-Management] [kafka-producer-network-thread | Fraud-Management-producer-1] o.a.k.c.p.internals.RecordAccumulator    : [Producer clientId=Fraud-Management-producer-1] Assigned producerId 3 and producerEpoch 0 to batch with base sequence 7 being sent to partition notification-0
2026-05-21T20:58:33.980+05:30 DEBUG 4847 --- [Fraud-Management] [kafka-producer-network-thread | Fraud-Management-producer-1] org.apache.kafka.clients.NetworkClient   : [Producer clientId=Fraud-Management-producer-1] Sending metadata request MetadataRequestData(topics=[MetadataRequestTopic(topicId=AAAAAAAAAAAAAAAAAAAAAA, name='valid-transactions')], allowAutoTopicCreation=true, includeClusterAuthorizedOperations=false, includeTopicAuthorizedOperations=false) to node 192.168.1.15:9092 (id: 0 rack: null)
2026-05-21T20:58:33.980+05:30 DEBUG 4847 --- [Fraud-Management] [kafka-producer-network-thread | Fraud-Management-producer-1] org.apache.kafka.clients.NetworkClient   : [Producer clientId=Fraud-Management-producer-1] Sending PRODUCE request with header RequestHeader(apiKey=PRODUCE, apiVersion=10, clientId=Fraud-Management-producer-1, correlationId=22, headerVersion=2) and timeout 30000 to node 0: {acks=-1,timeout=30000,partitionSizes=[notification-0=140]}
2026-05-21T20:58:33.981+05:30 DEBUG 4847 --- [Fraud-Management] [kafka-producer-network-thread | Fraud-Management-producer-1] org.apache.kafka.clients.NetworkClient   : [Producer clientId=Fraud-Management-producer-1] Sending METADATA request with header RequestHeader(apiKey=METADATA, apiVersion=12, clientId=Fraud-Management-producer-1, correlationId=24, headerVersion=2) and timeout 30000 to node 0: MetadataRequestData(topics=[MetadataRequestTopic(topicId=AAAAAAAAAAAAAAAAAAAAAA, name='valid-transactions')], allowAutoTopicCreation=true, includeClusterAuthorizedOperations=false, includeTopicAuthorizedOperations=false)
2026-05-21T20:58:33.985+05:30 DEBUG 4847 --- [Fraud-Management] [kafka-producer-network-thread | Fraud-Management-producer-1] org.apache.kafka.clients.NetworkClient   : [Producer clientId=Fraud-Management-producer-1] Received METADATA response from node 0 for request with header RequestHeader(apiKey=METADATA, apiVersion=12, clientId=Fraud-Management-producer-1, correlationId=24, headerVersion=2): MetadataResponseData(throttleTimeMs=0, brokers=[MetadataResponseBroker(nodeId=0, host='192.168.1.15', port=9092, rack=null)], clusterId='9YJeH9LiQPabFK2-ohTFOA', controllerId=0, topics=[MetadataResponseTopic(errorCode=0, name='valid-transactions', topicId=v31IJ8L6TVuEw05Yu2NFTg, isInternal=false, partitions=[MetadataResponsePartition(errorCode=0, partitionIndex=0, leaderId=0, leaderEpoch=0, replicaNodes=[0], isrNodes=[0], offlineReplicas=[])], topicAuthorizedOperations=-2147483648)], clusterAuthorizedOperations=-2147483648)
2026-05-21T20:58:33.987+05:30 DEBUG 4847 --- [Fraud-Management] [kafka-producer-network-thread | Fraud-Management-producer-1] org.apache.kafka.clients.Metadata        : [Producer clientId=Fraud-Management-producer-1] Setting the last seen epoch of partition valid-transactions-0 to 0 since the last known epoch was undefined.
2026-05-21T20:58:33.989+05:30 DEBUG 4847 --- [Fraud-Management] [kafka-producer-network-thread | Fraud-Management-producer-1] org.apache.kafka.clients.Metadata        : [Producer clientId=Fraud-Management-producer-1] Updated cluster metadata updateVersion 10 to MetadataCache{clusterId='9YJeH9LiQPabFK2-ohTFOA', nodes={0=192.168.1.15:9092 (id: 0 rack: null)}, partitions=[PartitionMetadata(error=NONE, partition=valid-transactions-0, leader=Optional[0], leaderEpoch=Optional[0], replicas=0, isr=0, offlineReplicas=), PartitionMetadata(error=NONE, partition=rollback-transactions-0, leader=Optional[0], leaderEpoch=Optional[0], replicas=0, isr=0, offlineReplicas=)], controller=192.168.1.15:9092 (id: 0 rack: null)}
2026-05-21T20:58:33.991+05:30 DEBUG 4847 --- [Fraud-Management] [kafka-producer-network-thread | Fraud-Management-producer-1] o.a.k.c.p.internals.RecordAccumulator    : [Producer clientId=Fraud-Management-producer-1] Assigned producerId 4 and producerEpoch 0 to batch with base sequence 3 being sent to partition valid-transactions-0
2026-05-21T20:58:33.993+05:30 DEBUG 4847 --- [Fraud-Management] [kafka-producer-network-thread | Fraud-Management-producer-1] org.apache.kafka.clients.NetworkClient   : [Producer clientId=Fraud-Management-producer-1] Sending PRODUCE request with header RequestHeader(apiKey=PRODUCE, apiVersion=10, clientId=Fraud-Management-producer-1, correlationId=25, headerVersion=2) and timeout 30000 to node 0: {acks=-1,timeout=30000,partitionSizes=[valid-transactions-0=352]}
2026-05-21T20:58:33.995+05:30  INFO 4847 --- [Fraud-Management] [http-nio-8082-exec-4] c.f.F.Kafka.TransactionProducer          : ALERT-worthy transaction. Proceeded and alert sent.
2026-05-21T20:58:33.995+05:30 DEBUG 4847 --- [Fraud-Management] [kafka-producer-network-thread | Fraud-Management-producer-1] o.a.k.c.p.internals.RecordAccumulator    : [Producer clientId=Fraud-Management-producer-1] Assigned producerId 5 and producerEpoch 0 to batch with base sequence 4 being sent to partition fraud-alerts-0
2026-05-21T20:58:33.996+05:30 DEBUG 4847 --- [Fraud-Management] [kafka-producer-network-thread | Fraud-Management-producer-1] org.apache.kafka.clients.NetworkClient   : [Producer clientId=Fraud-Management-producer-1] Sending PRODUCE request with header RequestHeader(apiKey=PRODUCE, apiVersion=10, clientId=Fraud-Management-producer-1, correlationId=19, headerVersion=2) and timeout 30000 to node 0: {acks=-1,timeout=30000,partitionSizes=[fraud-alerts-0=268]}
2026-05-21T20:58:33.999+05:30 DEBUG 4847 --- [Fraud-Management] [kafka-producer-network-thread | Fraud-Management-producer-1] org.apache.kafka.clients.NetworkClient   : [Producer clientId=Fraud-Management-producer-1] Received PRODUCE response from node 0 for request with header RequestHeader(apiKey=PRODUCE, apiVersion=10, clientId=Fraud-Management-producer-1, correlationId=25, headerVersion=2): ProduceResponseData(responses=[TopicProduceResponse(name='valid-transactions', partitionResponses=[PartitionProduceResponse(index=0, errorCode=0, baseOffset=6, logAppendTimeMs=-1, logStartOffset=0, recordErrors=[], errorMessage=null, currentLeader=LeaderIdAndEpoch(leaderId=-1, leaderEpoch=-1))])], throttleTimeMs=0, nodeEndpoints=[])
2026-05-21T20:58:33.999+05:30 DEBUG 4847 --- [Fraud-Management] [kafka-producer-network-thread | Fraud-Management-producer-1] org.apache.kafka.clients.NetworkClient   : [Producer clientId=Fraud-Management-producer-1] Received PRODUCE response from node 0 for request with header RequestHeader(apiKey=PRODUCE, apiVersion=10, clientId=Fraud-Management-producer-1, correlationId=22, headerVersion=2): ProduceResponseData(responses=[TopicProduceResponse(name='notification', partitionResponses=[PartitionProduceResponse(index=0, errorCode=0, baseOffset=15, logAppendTimeMs=-1, logStartOffset=0, recordErrors=[], errorMessage=null, currentLeader=LeaderIdAndEpoch(leaderId=-1, leaderEpoch=-1))])], throttleTimeMs=0, nodeEndpoints=[])
2026-05-21T20:58:34.000+05:30 DEBUG 4847 --- [Fraud-Management] [kafka-producer-network-thread | Fraud-Management-producer-1] org.apache.kafka.clients.NetworkClient   : [Producer clientId=Fraud-Management-producer-1] Received PRODUCE response from node 0 for request with header RequestHeader(apiKey=PRODUCE, apiVersion=10, clientId=Fraud-Management-producer-1, correlationId=19, headerVersion=2): ProduceResponseData(responses=[TopicProduceResponse(name='fraud-alerts', partitionResponses=[PartitionProduceResponse(index=0, errorCode=0, baseOffset=10, logAppendTimeMs=-1, logStartOffset=0, recordErrors=[], errorMessage=null, currentLeader=LeaderIdAndEpoch(leaderId=-1, leaderEpoch=-1))])], throttleTimeMs=0, nodeEndpoints=[])
2026-05-21T20:58:34.000+05:30 DEBUG 4847 --- [Fraud-Management] [kafka-producer-network-thread | Fraud-Management-producer-1] o.a.k.c.p.internals.TransactionManager   : [Producer clientId=Fraud-Management-producer-1] ProducerId: 3; Set last ack'd sequence number for topic-partition notification-0 to 7
2026-05-21T20:58:34.000+05:30 DEBUG 4847 --- [Fraud-Management] [kafka-producer-network-thread | Fraud-Management-producer-1] o.a.k.c.p.internals.TransactionManager   : [Producer clientId=Fraud-Management-producer-1] ProducerId: 5; Set last ack'd sequence number for topic-partition fraud-alerts-0 to 4
2026-05-21T20:58:34.000+05:30 DEBUG 4847 --- [Fraud-Management] [kafka-producer-network-thread | Fraud-Management-producer-1] o.a.k.c.p.internals.TransactionManager   : [Producer clientId=Fraud-Management-producer-1] ProducerId: 4; Set last ack'd sequence number for topic-partition valid-transactions-0 to 3
2026-05-21T20:59:04.365+05:30 DEBUG 4847 --- [Fraud-Management] [kafka-producer-network-thread | Fraud-Management-producer-1] org.apache.kafka.clients.NetworkClient   : [Producer clientId=Fraud-Management-producer-1] Sending metadata request MetadataRequestData(topics=[MetadataRequestTopic(topicId=AAAAAAAAAAAAAAAAAAAAAA, name='notification')], allowAutoTopicCreation=true, includeClusterAuthorizedOperations=false, includeTopicAuthorizedOperations=false) to node 192.168.1.15:9092 (id: 0 rack: null)
2026-05-21T20:59:04.376+05:30 DEBUG 4847 --- [Fraud-Management] [kafka-producer-network-thread | Fraud-Management-producer-1] org.apache.kafka.clients.NetworkClient   : [Producer clientId=Fraud-Management-producer-1] Sending METADATA request with header RequestHeader(apiKey=METADATA, apiVersion=12, clientId=Fraud-Management-producer-1, correlationId=23, headerVersion=2) and timeout 30000 to node 0: MetadataRequestData(topics=[MetadataRequestTopic(topicId=AAAAAAAAAAAAAAAAAAAAAA, name='notification')], allowAutoTopicCreation=true, includeClusterAuthorizedOperations=false, includeTopicAuthorizedOperations=false)
2026-05-21T20:59:04.407+05:30 DEBUG 4847 --- [Fraud-Management] [kafka-producer-network-thread | Fraud-Management-producer-1] org.apache.kafka.clients.NetworkClient   : [Producer clientId=Fraud-Management-producer-1] Received METADATA response from node 0 for request with header RequestHeader(apiKey=METADATA, apiVersion=12, clientId=Fraud-Management-producer-1, correlationId=23, headerVersion=2): MetadataResponseData(throttleTimeMs=0, brokers=[MetadataResponseBroker(nodeId=0, host='192.168.1.15', port=9092, rack=null)], clusterId='9YJeH9LiQPabFK2-ohTFOA', controllerId=0, topics=[MetadataResponseTopic(errorCode=0, name='notification', topicId=DyxN5cIIS-KuhaJQv1O9gw, isInternal=false, partitions=[MetadataResponsePartition(errorCode=0, partitionIndex=0, leaderId=0, leaderEpoch=0, replicaNodes=[0], isrNodes=[0], offlineReplicas=[])], topicAuthorizedOperations=-2147483648)], clusterAuthorizedOperations=-2147483648)
2026-05-21T20:59:04.409+05:30 DEBUG 4847 --- [Fraud-Management] [kafka-producer-network-thread | Fraud-Management-producer-1] org.apache.kafka.clients.Metadata        : [Producer clientId=Fraud-Management-producer-1] Updating last seen epoch for partition notification-0 from 0 to epoch 0 from new metadata
2026-05-21T20:59:04.411+05:30 DEBUG 4847 --- [Fraud-Management] [kafka-producer-network-thread | Fraud-Management-producer-1] org.apache.kafka.clients.Metadata        : [Producer clientId=Fraud-Management-producer-1] Updated cluster metadata updateVersion 8 to MetadataCache{clusterId='9YJeH9LiQPabFK2-ohTFOA', nodes={0=192.168.1.15:9092 (id: 0 rack: null)}, partitions=[PartitionMetadata(error=NONE, partition=notification-0, leader=Optional[0], leaderEpoch=Optional[0], replicas=0, isr=0, offlineReplicas=)], controller=192.168.1.15:9092 (id: 0 rack: null)}
2026-05-21T20:59:19.257+05:30 DEBUG 4847 --- [Fraud-Management] [kafka-producer-network-thread | Fraud-Management-producer-1] org.apache.kafka.clients.NetworkClient   : [Producer clientId=Fraud-Management-producer-1] Sending metadata request MetadataRequestData(topics=[MetadataRequestTopic(topicId=AAAAAAAAAAAAAAAAAAAAAA, name='valid-transactions'), MetadataRequestTopic(topicId=AAAAAAAAAAAAAAAAAAAAAA, name='rollback-transactions')], allowAutoTopicCreation=true, includeClusterAuthorizedOperations=false, includeTopicAuthorizedOperations=false) to node 192.168.1.15:9092 (id: 0 rack: null)
2026-05-21T20:59:19.259+05:30 DEBUG 4847 --- [Fraud-Management] [kafka-producer-network-thread | Fraud-Management-producer-1] org.apache.kafka.clients.NetworkClient   : [Producer clientId=Fraud-Management-producer-1] Sending METADATA request with header RequestHeader(apiKey=METADATA, apiVersion=12, clientId=Fraud-Management-producer-1, correlationId=26, headerVersion=2) and timeout 30000 to node 0: MetadataRequestData(topics=[MetadataRequestTopic(topicId=AAAAAAAAAAAAAAAAAAAAAA, name='valid-transactions'), MetadataRequestTopic(topicId=AAAAAAAAAAAAAAAAAAAAAA, name='rollback-transactions')], allowAutoTopicCreation=true, includeClusterAuthorizedOperations=false, includeTopicAuthorizedOperations=false)
2026-05-21T20:59:19.269+05:30 DEBUG 4847 --- [Fraud-Management] [kafka-producer-network-thread | Fraud-Management-producer-1] org.apache.kafka.clients.NetworkClient   : [Producer clientId=Fraud-Management-producer-1] Received METADATA response from node 0 for request with header RequestHeader(apiKey=METADATA, apiVersion=12, clientId=Fraud-Management-producer-1, correlationId=26, headerVersion=2): MetadataResponseData(throttleTimeMs=0, brokers=[MetadataResponseBroker(nodeId=0, host='192.168.1.15', port=9092, rack=null)], clusterId='9YJeH9LiQPabFK2-ohTFOA', controllerId=0, topics=[MetadataResponseTopic(errorCode=0, name='valid-transactions', topicId=v31IJ8L6TVuEw05Yu2NFTg, isInternal=false, partitions=[MetadataResponsePartition(errorCode=0, partitionIndex=0, leaderId=0, leaderEpoch=0, replicaNodes=[0], isrNodes=[0], offlineReplicas=[])], topicAuthorizedOperations=-2147483648), MetadataResponseTopic(errorCode=0, name='rollback-transactions', topicId=l5_XOGu1T0C1Ywef7hcyoA, isInternal=false, partitions=[MetadataResponsePartition(errorCode=0, partitionIndex=0, leaderId=0, leaderEpoch=0, replicaNodes=[0], isrNodes=[0], offlineReplicas=[])], topicAuthorizedOperations=-2147483648)], clusterAuthorizedOperations=-2147483648)
2026-05-21T20:59:19.271+05:30 DEBUG 4847 --- [Fraud-Management] [kafka-producer-network-thread | Fraud-Management-producer-1] org.apache.kafka.clients.Metadata        : [Producer clientId=Fraud-Management-producer-1] Updating last seen epoch for partition valid-transactions-0 from 0 to epoch 0 from new metadata
2026-05-21T20:59:19.272+05:30 DEBUG 4847 --- [Fraud-Management] [kafka-producer-network-thread | Fraud-Management-producer-1] org.apache.kafka.clients.Metadata        : [Producer clientId=Fraud-Management-producer-1] Updating last seen epoch for partition rollback-transactions-0 from 0 to epoch 0 from new metadata
2026-05-21T20:59:19.274+05:30 DEBUG 4847 --- [Fraud-Management] [kafka-producer-network-thread | Fraud-Management-producer-1] org.apache.kafka.clients.Metadata        : [Producer clientId=Fraud-Management-producer-1] Updated cluster metadata updateVersion 11 to MetadataCache{clusterId='9YJeH9LiQPabFK2-ohTFOA', nodes={0=192.168.1.15:9092 (id: 0 rack: null)}, partitions=[PartitionMetadata(error=NONE, partition=valid-transactions-0, leader=Optional[0], leaderEpoch=Optional[0], replicas=0, isr=0, offlineReplicas=), PartitionMetadata(error=NONE, partition=rollback-transactions-0, leader=Optional[0], leaderEpoch=Optional[0], replicas=0, isr=0, offlineReplicas=)], controller=192.168.1.15:9092 (id: 0 rack: null)}
2026-05-21T21:00:04.180+05:30 DEBUG 4847 --- [Fraud-Management] [kafka-producer-network-thread | Fraud-Management-producer-1] o.a.k.c.t.i.ClientTelemetryReporter      : Creating telemetry subscription request with client instance id AAAAAAAAAAAAAAAAAAAAAA
2026-05-21T21:00:04.181+05:30 DEBUG 4847 --- [Fraud-Management] [kafka-producer-network-thread | Fraud-Management-producer-1] o.a.k.c.t.i.ClientTelemetryReporter      : Creating telemetry subscription request with client instance id AAAAAAAAAAAAAAAAAAAAAA
2026-05-21T21:00:04.183+05:30 DEBUG 4847 --- [Fraud-Management] [kafka-producer-network-thread | Fraud-Management-producer-1] o.a.k.c.t.i.ClientTelemetryReporter      : Setting telemetry state from SUBSCRIPTION_NEEDED to SUBSCRIPTION_IN_PROGRESS
2026-05-21T21:00:04.183+05:30 DEBUG 4847 --- [Fraud-Management] [kafka-producer-network-thread | Fraud-Management-producer-1] o.a.k.c.t.i.ClientTelemetryReporter      : Setting telemetry state from SUBSCRIPTION_NEEDED to SUBSCRIPTION_IN_PROGRESS
2026-05-21T21:00:04.185+05:30 DEBUG 4847 --- [Fraud-Management] [kafka-producer-network-thread | Fraud-Management-producer-1] org.apache.kafka.clients.NetworkClient   : [Producer clientId=Fraud-Management-producer-1] Version mismatch when attempting to send GetTelemetrySubscriptionsRequestData(clientInstanceId=AAAAAAAAAAAAAAAAAAAAAA) with correlation id 27 to 0

org.apache.kafka.common.errors.UnsupportedVersionException: The node does not support GET_TELEMETRY_SUBSCRIPTIONS

2026-05-21T21:00:04.185+05:30 DEBUG 4847 --- [Fraud-Management] [kafka-producer-network-thread | Fraud-Management-producer-1] org.apache.kafka.clients.NetworkClient   : [Producer clientId=Fraud-Management-producer-1] Version mismatch when attempting to send GetTelemetrySubscriptionsRequestData(clientInstanceId=AAAAAAAAAAAAAAAAAAAAAA) with correlation id 24 to 0

org.apache.kafka.common.errors.UnsupportedVersionException: The node does not support GET_TELEMETRY_SUBSCRIPTIONS

2026-05-21T21:00:04.190+05:30 DEBUG 4847 --- [Fraud-Management] [kafka-producer-network-thread | Fraud-Management-producer-1] o.a.k.c.t.i.ClientTelemetryReporter      : The broker generated an error for the get telemetry network API request

org.apache.kafka.common.errors.UnsupportedVersionException: The node does not support GET_TELEMETRY_SUBSCRIPTIONS

2026-05-21T21:00:04.191+05:30 DEBUG 4847 --- [Fraud-Management] [kafka-producer-network-thread | Fraud-Management-producer-1] o.a.k.c.t.i.ClientTelemetryReporter      : Updating intervalMs: 300000, lastRequestMs: 1779377404191
2026-05-21T21:00:04.190+05:30 DEBUG 4847 --- [Fraud-Management] [kafka-producer-network-thread | Fraud-Management-producer-1] o.a.k.c.t.i.ClientTelemetryReporter      : The broker generated an error for the get telemetry network API request

org.apache.kafka.common.errors.UnsupportedVersionException: The node does not support GET_TELEMETRY_SUBSCRIPTIONS

2026-05-21T21:00:04.191+05:30 DEBUG 4847 --- [Fraud-Management] [kafka-producer-network-thread | Fraud-Management-producer-1] o.a.k.c.t.i.ClientTelemetryReporter      : Setting telemetry state from SUBSCRIPTION_IN_PROGRESS to SUBSCRIPTION_NEEDED
2026-05-21T21:00:04.191+05:30 DEBUG 4847 --- [Fraud-Management] [kafka-producer-network-thread | Fraud-Management-producer-1] o.a.k.c.t.i.ClientTelemetryReporter      : Updating intervalMs: 300000, lastRequestMs: 1779377404191
2026-05-21T21:00:04.191+05:30 DEBUG 4847 --- [Fraud-Management] [kafka-producer-network-thread | Fraud-Management-producer-1] o.a.k.c.t.i.ClientTelemetryReporter      : Setting telemetry state from SUBSCRIPTION_IN_PROGRESS to SUBSCRIPTION_NEEDED
2026-05-21T21:00:52.090+05:30 DEBUG 4847 --- [Fraud-Management] [kafka-producer-network-thread | Fraud-Management-producer-1] org.apache.kafka.clients.NetworkClient   : [Producer clientId=Fraud-Management-producer-1] Sending metadata request MetadataRequestData(topics=[MetadataRequestTopic(topicId=AAAAAAAAAAAAAAAAAAAAAA, name='fraud-alerts')], allowAutoTopicCreation=true, includeClusterAuthorizedOperations=false, includeTopicAuthorizedOperations=false) to node 192.168.1.15:9092 (id: 0 rack: null)
2026-05-21T21:00:52.094+05:30 DEBUG 4847 --- [Fraud-Management] [kafka-producer-network-thread | Fraud-Management-producer-1] org.apache.kafka.clients.NetworkClient   : [Producer clientId=Fraud-Management-producer-1] Sending METADATA request with header RequestHeader(apiKey=METADATA, apiVersion=12, clientId=Fraud-Management-producer-1, correlationId=20, headerVersion=2) and timeout 30000 to node 0: MetadataRequestData(topics=[MetadataRequestTopic(topicId=AAAAAAAAAAAAAAAAAAAAAA, name='fraud-alerts')], allowAutoTopicCreation=true, includeClusterAuthorizedOperations=false, includeTopicAuthorizedOperations=false)
2026-05-21T21:00:52.106+05:30 DEBUG 4847 --- [Fraud-Management] [kafka-producer-network-thread | Fraud-Management-producer-1] org.apache.kafka.clients.NetworkClient   : [Producer clientId=Fraud-Management-producer-1] Received METADATA response from node 0 for request with header RequestHeader(apiKey=METADATA, apiVersion=12, clientId=Fraud-Management-producer-1, correlationId=20, headerVersion=2): MetadataResponseData(throttleTimeMs=0, brokers=[MetadataResponseBroker(nodeId=0, host='192.168.1.15', port=9092, rack=null)], clusterId='9YJeH9LiQPabFK2-ohTFOA', controllerId=0, topics=[MetadataResponseTopic(errorCode=0, name='fraud-alerts', topicId=igZ8IUrNQxqStOjnoWrz9A, isInternal=false, partitions=[MetadataResponsePartition(errorCode=0, partitionIndex=0, leaderId=0, leaderEpoch=0, replicaNodes=[0], isrNodes=[0], offlineReplicas=[])], topicAuthorizedOperations=-2147483648)], clusterAuthorizedOperations=-2147483648)
2026-05-21T21:00:52.108+05:30 DEBUG 4847 --- [Fraud-Management] [kafka-producer-network-thread | Fraud-Management-producer-1] org.apache.kafka.clients.Metadata        : [Producer clientId=Fraud-Management-producer-1] Updating last seen epoch for partition fraud-alerts-0 from 0 to epoch 0 from new metadata
2026-05-21T21:00:52.109+05:30 DEBUG 4847 --- [Fraud-Management] [kafka-producer-network-thread | Fraud-Management-producer-1] org.apache.kafka.clients.Metadata        : [Producer clientId=Fraud-Management-producer-1] Updated cluster metadata updateVersion 8 to MetadataCache{clusterId='9YJeH9LiQPabFK2-ohTFOA', nodes={0=192.168.1.15:9092 (id: 0 rack: null)}, partitions=[PartitionMetadata(error=NONE, partition=fraud-alerts-0, leader=Optional[0], leaderEpoch=Optional[0], replicas=0, isr=0, offlineReplicas=)], controller=192.168.1.15:9092 (id: 0 rack: null)}
2026-05-21T21:01:12.495+05:30  INFO 4847 --- [Fraud-Management] [http-nio-8082-exec-6] c.f.F.Kafka.TransactionProducer          : Processing transaction: com.fraud_detection.Fraud_Management.DTO.TransactionDTO@147bf9f
2026-05-21T21:01:13.886+05:30  INFO 4847 --- [Fraud-Management] [http-nio-8082-exec-6] c.f.F.Kafka.TransactionProducer          : Notification sent for transaction ID: 6c929aa9-11dd-40cc-8997-a999ed581bb0
2026-05-21T21:01:13.886+05:30  INFO 4847 --- [Fraud-Management] [http-nio-8082-exec-6] c.f.F.Kafka.TransactionProducer          : Transaction evaluation result: VALID
2026-05-21T21:01:13.888+05:30 DEBUG 4847 --- [Fraud-Management] [kafka-producer-network-thread | Fraud-Management-producer-1] o.a.k.c.p.internals.RecordAccumulator    : [Producer clientId=Fraud-Management-producer-1] Assigned producerId 3 and producerEpoch 0 to batch with base sequence 8 being sent to partition notification-0
2026-05-21T21:01:13.892+05:30 DEBUG 4847 --- [Fraud-Management] [kafka-producer-network-thread | Fraud-Management-producer-1] o.a.k.c.p.internals.RecordAccumulator    : [Producer clientId=Fraud-Management-producer-1] Assigned producerId 4 and producerEpoch 0 to batch with base sequence 4 being sent to partition valid-transactions-0
2026-05-21T21:01:13.892+05:30  INFO 4847 --- [Fraud-Management] [http-nio-8082-exec-6] c.f.F.Kafka.TransactionProducer          : Transaction is VALID: 6c929aa9-11dd-40cc-8997-a999ed581bb0
2026-05-21T21:01:13.894+05:30 DEBUG 4847 --- [Fraud-Management] [kafka-producer-network-thread | Fraud-Management-producer-1] org.apache.kafka.clients.NetworkClient   : [Producer clientId=Fraud-Management-producer-1] Sending PRODUCE request with header RequestHeader(apiKey=PRODUCE, apiVersion=10, clientId=Fraud-Management-producer-1, correlationId=25, headerVersion=2) and timeout 30000 to node 0: {acks=-1,timeout=30000,partitionSizes=[notification-0=140]}
2026-05-21T21:01:13.894+05:30 DEBUG 4847 --- [Fraud-Management] [kafka-producer-network-thread | Fraud-Management-producer-1] org.apache.kafka.clients.NetworkClient   : [Producer clientId=Fraud-Management-producer-1] Sending PRODUCE request with header RequestHeader(apiKey=PRODUCE, apiVersion=10, clientId=Fraud-Management-producer-1, correlationId=28, headerVersion=2) and timeout 30000 to node 0: {acks=-1,timeout=30000,partitionSizes=[valid-transactions-0=353]}
2026-05-21T21:01:13.920+05:30 DEBUG 4847 --- [Fraud-Management] [kafka-producer-network-thread | Fraud-Management-producer-1] org.apache.kafka.clients.NetworkClient   : [Producer clientId=Fraud-Management-producer-1] Received PRODUCE response from node 0 for request with header RequestHeader(apiKey=PRODUCE, apiVersion=10, clientId=Fraud-Management-producer-1, correlationId=25, headerVersion=2): ProduceResponseData(responses=[TopicProduceResponse(name='notification', partitionResponses=[PartitionProduceResponse(index=0, errorCode=0, baseOffset=16, logAppendTimeMs=-1, logStartOffset=0, recordErrors=[], errorMessage=null, currentLeader=LeaderIdAndEpoch(leaderId=-1, leaderEpoch=-1))])], throttleTimeMs=0, nodeEndpoints=[])
2026-05-21T21:01:13.920+05:30 DEBUG 4847 --- [Fraud-Management] [kafka-producer-network-thread | Fraud-Management-producer-1] org.apache.kafka.clients.NetworkClient   : [Producer clientId=Fraud-Management-producer-1] Received PRODUCE response from node 0 for request with header RequestHeader(apiKey=PRODUCE, apiVersion=10, clientId=Fraud-Management-producer-1, correlationId=28, headerVersion=2): ProduceResponseData(responses=[TopicProduceResponse(name='valid-transactions', partitionResponses=[PartitionProduceResponse(index=0, errorCode=0, baseOffset=7, logAppendTimeMs=-1, logStartOffset=0, recordErrors=[], errorMessage=null, currentLeader=LeaderIdAndEpoch(leaderId=-1, leaderEpoch=-1))])], throttleTimeMs=0, nodeEndpoints=[])
2026-05-21T21:01:13.921+05:30 DEBUG 4847 --- [Fraud-Management] [kafka-producer-network-thread | Fraud-Management-producer-1] o.a.k.c.p.internals.TransactionManager   : [Producer clientId=Fraud-Management-producer-1] ProducerId: 4; Set last ack'd sequence number for topic-partition valid-transactions-0 to 4
2026-05-21T21:01:13.921+05:30 DEBUG 4847 --- [Fraud-Management] [kafka-producer-network-thread | Fraud-Management-producer-1] o.a.k.c.p.internals.TransactionManager   : [Producer clientId=Fraud-Management-producer-1] ProducerId: 3; Set last ack'd sequence number for topic-partition notification-0 to 8
2026-05-21T21:01:37.607+05:30 DEBUG 4847 --- [Fraud-Management] [kafka-producer-network-thread | Fraud-Management-producer-1] o.a.k.c.t.i.ClientTelemetryReporter      : Creating telemetry subscription request with client instance id AAAAAAAAAAAAAAAAAAAAAA
2026-05-21T21:01:37.622+05:30 DEBUG 4847 --- [Fraud-Management] [kafka-producer-network-thread | Fraud-Management-producer-1] o.a.k.c.t.i.ClientTelemetryReporter      : Setting telemetry state from SUBSCRIPTION_NEEDED to SUBSCRIPTION_IN_PROGRESS
2026-05-21T21:01:37.630+05:30 DEBUG 4847 --- [Fraud-Management] [kafka-producer-network-thread | Fraud-Management-producer-1] org.apache.kafka.clients.NetworkClient   : [Producer clientId=Fraud-Management-producer-1] Version mismatch when attempting to send GetTelemetrySubscriptionsRequestData(clientInstanceId=AAAAAAAAAAAAAAAAAAAAAA) with correlation id 21 to 0

org.apache.kafka.common.errors.UnsupportedVersionException: The node does not support GET_TELEMETRY_SUBSCRIPTIONS

2026-05-21T21:01:37.646+05:30 DEBUG 4847 --- [Fraud-Management] [kafka-producer-network-thread | Fraud-Management-producer-1] o.a.k.c.t.i.ClientTelemetryReporter      : The broker generated an error for the get telemetry network API request

org.apache.kafka.common.errors.UnsupportedVersionException: The node does not support GET_TELEMETRY_SUBSCRIPTIONS

2026-05-21T21:01:37.651+05:30 DEBUG 4847 --- [Fraud-Management] [kafka-producer-network-thread | Fraud-Management-producer-1] o.a.k.c.t.i.ClientTelemetryReporter      : Updating intervalMs: 300000, lastRequestMs: 1779377497651
2026-05-21T21:01:37.654+05:30 DEBUG 4847 --- [Fraud-Management] [kafka-producer-network-thread | Fraud-Management-producer-1] o.a.k.c.t.i.ClientTelemetryReporter      : Setting telemetry state from SUBSCRIPTION_IN_PROGRESS to SUBSCRIPTION_NEEDED
2026-05-21T21:02:04.064+05:30  INFO 4847 --- [Fraud-Management] [http-nio-8082-exec-7] c.f.F.Kafka.TransactionProducer          : Processing transaction: com.fraud_detection.Fraud_Management.DTO.TransactionDTO@1deac068
2026-05-21T21:02:05.028+05:30  INFO 4847 --- [Fraud-Management] [http-nio-8082-exec-7] c.f.F.Kafka.TransactionProducer          : Notification sent for transaction ID: 0a73c2fe-caba-486a-bbee-c032602ecd78
2026-05-21T21:02:05.031+05:30  INFO 4847 --- [Fraud-Management] [http-nio-8082-exec-7] c.f.F.Kafka.TransactionProducer          : Transaction evaluation result: FRAUD
2026-05-21T21:02:05.037+05:30 DEBUG 4847 --- [Fraud-Management] [kafka-producer-network-thread | Fraud-Management-producer-1] o.a.k.c.p.internals.RecordAccumulator    : [Producer clientId=Fraud-Management-producer-1] Assigned producerId 3 and producerEpoch 0 to batch with base sequence 9 being sent to partition notification-0
2026-05-21T21:02:05.040+05:30  INFO 4847 --- [Fraud-Management] [http-nio-8082-exec-7] c.f.F.Kafka.TransactionProducer          : FRAUD transaction! Rolled back and alert sent.
2026-05-21T21:02:05.042+05:30 DEBUG 4847 --- [Fraud-Management] [kafka-producer-network-thread | Fraud-Management-producer-1] o.a.k.c.p.internals.RecordAccumulator    : [Producer clientId=Fraud-Management-producer-1] Assigned producerId 5 and producerEpoch 0 to batch with base sequence 5 being sent to partition fraud-alerts-0
2026-05-21T21:02:05.041+05:30 DEBUG 4847 --- [Fraud-Management] [kafka-producer-network-thread | Fraud-Management-producer-1] o.a.k.c.p.internals.RecordAccumulator    : [Producer clientId=Fraud-Management-producer-1] Assigned producerId 4 and producerEpoch 0 to batch with base sequence 4 being sent to partition rollback-transactions-0
2026-05-21T21:02:05.045+05:30 DEBUG 4847 --- [Fraud-Management] [kafka-producer-network-thread | Fraud-Management-producer-1] org.apache.kafka.clients.NetworkClient   : [Producer clientId=Fraud-Management-producer-1] Sending PRODUCE request with header RequestHeader(apiKey=PRODUCE, apiVersion=10, clientId=Fraud-Management-producer-1, correlationId=29, headerVersion=2) and timeout 30000 to node 0: {acks=-1,timeout=30000,partitionSizes=[rollback-transactions-0=351]}
2026-05-21T21:02:05.046+05:30 DEBUG 4847 --- [Fraud-Management] [kafka-producer-network-thread | Fraud-Management-producer-1] org.apache.kafka.clients.NetworkClient   : [Producer clientId=Fraud-Management-producer-1] Sending PRODUCE request with header RequestHeader(apiKey=PRODUCE, apiVersion=10, clientId=Fraud-Management-producer-1, correlationId=26, headerVersion=2) and timeout 30000 to node 0: {acks=-1,timeout=30000,partitionSizes=[notification-0=140]}
2026-05-21T21:02:05.046+05:30 DEBUG 4847 --- [Fraud-Management] [kafka-producer-network-thread | Fraud-Management-producer-1] org.apache.kafka.clients.NetworkClient   : [Producer clientId=Fraud-Management-producer-1] Sending PRODUCE request with header RequestHeader(apiKey=PRODUCE, apiVersion=10, clientId=Fraud-Management-producer-1, correlationId=22, headerVersion=2) and timeout 30000 to node 0: {acks=-1,timeout=30000,partitionSizes=[fraud-alerts-0=379]}
2026-05-21T21:02:05.142+05:30 DEBUG 4847 --- [Fraud-Management] [kafka-producer-network-thread | Fraud-Management-producer-1] org.apache.kafka.clients.NetworkClient   : [Producer clientId=Fraud-Management-producer-1] Received PRODUCE response from node 0 for request with header RequestHeader(apiKey=PRODUCE, apiVersion=10, clientId=Fraud-Management-producer-1, correlationId=22, headerVersion=2): ProduceResponseData(responses=[TopicProduceResponse(name='fraud-alerts', partitionResponses=[PartitionProduceResponse(index=0, errorCode=0, baseOffset=11, logAppendTimeMs=-1, logStartOffset=0, recordErrors=[], errorMessage=null, currentLeader=LeaderIdAndEpoch(leaderId=-1, leaderEpoch=-1))])], throttleTimeMs=0, nodeEndpoints=[])
2026-05-21T21:02:05.144+05:30 DEBUG 4847 --- [Fraud-Management] [kafka-producer-network-thread | Fraud-Management-producer-1] org.apache.kafka.clients.NetworkClient   : [Producer clientId=Fraud-Management-producer-1] Received PRODUCE response from node 0 for request with header RequestHeader(apiKey=PRODUCE, apiVersion=10, clientId=Fraud-Management-producer-1, correlationId=29, headerVersion=2): ProduceResponseData(responses=[TopicProduceResponse(name='rollback-transactions', partitionResponses=[PartitionProduceResponse(index=0, errorCode=0, baseOffset=9, logAppendTimeMs=-1, logStartOffset=0, recordErrors=[], errorMessage=null, currentLeader=LeaderIdAndEpoch(leaderId=-1, leaderEpoch=-1))])], throttleTimeMs=0, nodeEndpoints=[])
2026-05-21T21:02:05.144+05:30 DEBUG 4847 --- [Fraud-Management] [kafka-producer-network-thread | Fraud-Management-producer-1] org.apache.kafka.clients.NetworkClient   : [Producer clientId=Fraud-Management-producer-1] Received PRODUCE response from node 0 for request with header RequestHeader(apiKey=PRODUCE, apiVersion=10, clientId=Fraud-Management-producer-1, correlationId=26, headerVersion=2): ProduceResponseData(responses=[TopicProduceResponse(name='notification', partitionResponses=[PartitionProduceResponse(index=0, errorCode=0, baseOffset=17, logAppendTimeMs=-1, logStartOffset=0, recordErrors=[], errorMessage=null, currentLeader=LeaderIdAndEpoch(leaderId=-1, leaderEpoch=-1))])], throttleTimeMs=0, nodeEndpoints=[])
2026-05-21T21:02:05.142+05:30 DEBUG 4847 --- [Fraud-Management] [kafka-producer-network-thread | Fraud-Management-producer-1] o.a.k.c.p.internals.TransactionManager   : [Producer clientId=Fraud-Management-producer-1] ProducerId: 5; Set last ack'd sequence number for topic-partition fraud-alerts-0 to 5
2026-05-21T21:02:05.145+05:30 DEBUG 4847 --- [Fraud-Management] [kafka-producer-network-thread | Fraud-Management-producer-1] o.a.k.c.p.internals.TransactionManager   : [Producer clientId=Fraud-Management-producer-1] ProducerId: 3; Set last ack'd sequence number for topic-partition notification-0 to 9
2026-05-21T21:02:05.144+05:30 DEBUG 4847 --- [Fraud-Management] [kafka-producer-network-thread | Fraud-Management-producer-1] o.a.k.c.p.internals.TransactionManager   : [Producer clientId=Fraud-Management-producer-1] ProducerId: 4; Set last ack'd sequence number for topic-partition rollback-transactions-0 to 4
2026-05-21T21:03:00.797+05:30  INFO 4847 --- [Fraud-Management] [AsyncResolver-bootstrap-executor-%d] c.n.d.s.r.aws.ConfigClusterResolver      : Resolving eureka endpoints via configuration
2026-05-21T21:04:04.414+05:30 DEBUG 4847 --- [Fraud-Management] [kafka-producer-network-thread | Fraud-Management-producer-1] org.apache.kafka.clients.NetworkClient   : [Producer clientId=Fraud-Management-producer-1] Sending metadata request MetadataRequestData(topics=[MetadataRequestTopic(topicId=AAAAAAAAAAAAAAAAAAAAAA, name='notification')], allowAutoTopicCreation=true, includeClusterAuthorizedOperations=false, includeTopicAuthorizedOperations=false) to node 192.168.1.15:9092 (id: 0 rack: null)
2026-05-21T21:04:04.417+05:30 DEBUG 4847 --- [Fraud-Management] [kafka-producer-network-thread | Fraud-Management-producer-1] org.apache.kafka.clients.NetworkClient   : [Producer clientId=Fraud-Management-producer-1] Sending METADATA request with header RequestHeader(apiKey=METADATA, apiVersion=12, clientId=Fraud-Management-producer-1, correlationId=27, headerVersion=2) and timeout 30000 to node 0: MetadataRequestData(topics=[MetadataRequestTopic(topicId=AAAAAAAAAAAAAAAAAAAAAA, name='notification')], allowAutoTopicCreation=true, includeClusterAuthorizedOperations=false, includeTopicAuthorizedOperations=false)
2026-05-21T21:04:04.426+05:30 DEBUG 4847 --- [Fraud-Management] [kafka-producer-network-thread | Fraud-Management-producer-1] org.apache.kafka.clients.NetworkClient   : [Producer clientId=Fraud-Management-producer-1] Received METADATA response from node 0 for request with header RequestHeader(apiKey=METADATA, apiVersion=12, clientId=Fraud-Management-producer-1, correlationId=27, headerVersion=2): MetadataResponseData(throttleTimeMs=0, brokers=[MetadataResponseBroker(nodeId=0, host='192.168.1.15', port=9092, rack=null)], clusterId='9YJeH9LiQPabFK2-ohTFOA', controllerId=0, topics=[MetadataResponseTopic(errorCode=0, name='notification', topicId=DyxN5cIIS-KuhaJQv1O9gw, isInternal=false, partitions=[MetadataResponsePartition(errorCode=0, partitionIndex=0, leaderId=0, leaderEpoch=0, replicaNodes=[0], isrNodes=[0], offlineReplicas=[])], topicAuthorizedOperations=-2147483648)], clusterAuthorizedOperations=-2147483648)
2026-05-21T21:04:04.427+05:30 DEBUG 4847 --- [Fraud-Management] [kafka-producer-network-thread | Fraud-Management-producer-1] org.apache.kafka.clients.Metadata        : [Producer clientId=Fraud-Management-producer-1] Updating last seen epoch for partition notification-0 from 0 to epoch 0 from new metadata
2026-05-21T21:04:04.429+05:30 DEBUG 4847 --- [Fraud-Management] [kafka-producer-network-thread | Fraud-Management-producer-1] org.apache.kafka.clients.Metadata        : [Producer clientId=Fraud-Management-producer-1] Updated cluster metadata updateVersion 9 to MetadataCache{clusterId='9YJeH9LiQPabFK2-ohTFOA', nodes={0=192.168.1.15:9092 (id: 0 rack: null)}, partitions=[PartitionMetadata(error=NONE, partition=notification-0, leader=Optional[0], leaderEpoch=Optional[0], replicas=0, isr=0, offlineReplicas=)], controller=192.168.1.15:9092 (id: 0 rack: null)}
2026-05-21T21:04:19.274+05:30 DEBUG 4847 --- [Fraud-Management] [kafka-producer-network-thread | Fraud-Management-producer-1] org.apache.kafka.clients.NetworkClient   : [Producer clientId=Fraud-Management-producer-1] Sending metadata request MetadataRequestData(topics=[MetadataRequestTopic(topicId=AAAAAAAAAAAAAAAAAAAAAA, name='valid-transactions'), MetadataRequestTopic(topicId=AAAAAAAAAAAAAAAAAAAAAA, name='rollback-transactions')], allowAutoTopicCreation=true, includeClusterAuthorizedOperations=false, includeTopicAuthorizedOperations=false) to node 192.168.1.15:9092 (id: 0 rack: null)
2026-05-21T21:04:19.277+05:30 DEBUG 4847 --- [Fraud-Management] [kafka-producer-network-thread | Fraud-Management-producer-1] org.apache.kafka.clients.NetworkClient   : [Producer clientId=Fraud-Management-producer-1] Sending METADATA request with header RequestHeader(apiKey=METADATA, apiVersion=12, clientId=Fraud-Management-producer-1, correlationId=30, headerVersion=2) and timeout 30000 to node 0: MetadataRequestData(topics=[MetadataRequestTopic(topicId=AAAAAAAAAAAAAAAAAAAAAA, name='valid-transactions'), MetadataRequestTopic(topicId=AAAAAAAAAAAAAAAAAAAAAA, name='rollback-transactions')], allowAutoTopicCreation=true, includeClusterAuthorizedOperations=false, includeTopicAuthorizedOperations=false)
2026-05-21T21:04:19.291+05:30 DEBUG 4847 --- [Fraud-Management] [kafka-producer-network-thread | Fraud-Management-producer-1] org.apache.kafka.clients.NetworkClient   : [Producer clientId=Fraud-Management-producer-1] Received METADATA response from node 0 for request with header RequestHeader(apiKey=METADATA, apiVersion=12, clientId=Fraud-Management-producer-1, correlationId=30, headerVersion=2): MetadataResponseData(throttleTimeMs=0, brokers=[MetadataResponseBroker(nodeId=0, host='192.168.1.15', port=9092, rack=null)], clusterId='9YJeH9LiQPabFK2-ohTFOA', controllerId=0, topics=[MetadataResponseTopic(errorCode=0, name='valid-transactions', topicId=v31IJ8L6TVuEw05Yu2NFTg, isInternal=false, partitions=[MetadataResponsePartition(errorCode=0, partitionIndex=0, leaderId=0, leaderEpoch=0, replicaNodes=[0], isrNodes=[0], offlineReplicas=[])], topicAuthorizedOperations=-2147483648), MetadataResponseTopic(errorCode=0, name='rollback-transactions', topicId=l5_XOGu1T0C1Ywef7hcyoA, isInternal=false, partitions=[MetadataResponsePartition(errorCode=0, partitionIndex=0, leaderId=0, leaderEpoch=0, replicaNodes=[0], isrNodes=[0], offlineReplicas=[])], topicAuthorizedOperations=-2147483648)], clusterAuthorizedOperations=-2147483648)
2026-05-21T21:04:19.292+05:30 DEBUG 4847 --- [Fraud-Management] [kafka-producer-network-thread | Fraud-Management-producer-1] org.apache.kafka.clients.Metadata        : [Producer clientId=Fraud-Management-producer-1] Updating last seen epoch for partition valid-transactions-0 from 0 to epoch 0 from new metadata
2026-05-21T21:04:19.293+05:30 DEBUG 4847 --- [Fraud-Management] [kafka-producer-network-thread | Fraud-Management-producer-1] org.apache.kafka.clients.Metadata        : [Producer clientId=Fraud-Management-producer-1] Updating last seen epoch for partition rollback-transactions-0 from 0 to epoch 0 from new metadata
2026-05-21T21:04:19.298+05:30 DEBUG 4847 --- [Fraud-Management] [kafka-producer-network-thread | Fraud-Management-producer-1] org.apache.kafka.clients.Metadata        : [Producer clientId=Fraud-Management-producer-1] Updated cluster metadata updateVersion 12 to MetadataCache{clusterId='9YJeH9LiQPabFK2-ohTFOA', nodes={0=192.168.1.15:9092 (id: 0 rack: null)}, partitions=[PartitionMetadata(error=NONE, partition=valid-transactions-0, leader=Optional[0], leaderEpoch=Optional[0], replicas=0, isr=0, offlineReplicas=), PartitionMetadata(error=NONE, partition=rollback-transactions-0, leader=Optional[0], leaderEpoch=Optional[0], replicas=0, isr=0, offlineReplicas=)], controller=192.168.1.15:9092 (id: 0 rack: null)}
2026-05-21T21:05:04.195+05:30 DEBUG 4847 --- [Fraud-Management] [kafka-producer-network-thread | Fraud-Management-producer-1] o.a.k.c.t.i.ClientTelemetryReporter      : Creating telemetry subscription request with client instance id AAAAAAAAAAAAAAAAAAAAAA
2026-05-21T21:05:04.195+05:30 DEBUG 4847 --- [Fraud-Management] [kafka-producer-network-thread | Fraud-Management-producer-1] o.a.k.c.t.i.ClientTelemetryReporter      : Creating telemetry subscription request with client instance id AAAAAAAAAAAAAAAAAAAAAA
2026-05-21T21:05:04.198+05:30 DEBUG 4847 --- [Fraud-Management] [kafka-producer-network-thread | Fraud-Management-producer-1] o.a.k.c.t.i.ClientTelemetryReporter      : Setting telemetry state from SUBSCRIPTION_NEEDED to SUBSCRIPTION_IN_PROGRESS
2026-05-21T21:05:04.198+05:30 DEBUG 4847 --- [Fraud-Management] [kafka-producer-network-thread | Fraud-Management-producer-1] o.a.k.c.t.i.ClientTelemetryReporter      : Setting telemetry state from SUBSCRIPTION_NEEDED to SUBSCRIPTION_IN_PROGRESS
2026-05-21T21:05:04.201+05:30 DEBUG 4847 --- [Fraud-Management] [kafka-producer-network-thread | Fraud-Management-producer-1] org.apache.kafka.clients.NetworkClient   : [Producer clientId=Fraud-Management-producer-1] Version mismatch when attempting to send GetTelemetrySubscriptionsRequestData(clientInstanceId=AAAAAAAAAAAAAAAAAAAAAA) with correlation id 31 to 0

org.apache.kafka.common.errors.UnsupportedVersionException: The node does not support GET_TELEMETRY_SUBSCRIPTIONS

2026-05-21T21:05:04.201+05:30 DEBUG 4847 --- [Fraud-Management] [kafka-producer-network-thread | Fraud-Management-producer-1] org.apache.kafka.clients.NetworkClient   : [Producer clientId=Fraud-Management-producer-1] Version mismatch when attempting to send GetTelemetrySubscriptionsRequestData(clientInstanceId=AAAAAAAAAAAAAAAAAAAAAA) with correlation id 28 to 0

org.apache.kafka.common.errors.UnsupportedVersionException: The node does not support GET_TELEMETRY_SUBSCRIPTIONS

2026-05-21T21:05:04.207+05:30 DEBUG 4847 --- [Fraud-Management] [kafka-producer-network-thread | Fraud-Management-producer-1] o.a.k.c.t.i.ClientTelemetryReporter      : The broker generated an error for the get telemetry network API request

org.apache.kafka.common.errors.UnsupportedVersionException: The node does not support GET_TELEMETRY_SUBSCRIPTIONS

2026-05-21T21:05:04.208+05:30 DEBUG 4847 --- [Fraud-Management] [kafka-producer-network-thread | Fraud-Management-producer-1] o.a.k.c.t.i.ClientTelemetryReporter      : Updating intervalMs: 300000, lastRequestMs: 1779377704208
2026-05-21T21:05:04.208+05:30 DEBUG 4847 --- [Fraud-Management] [kafka-producer-network-thread | Fraud-Management-producer-1] o.a.k.c.t.i.ClientTelemetryReporter      : Setting telemetry state from SUBSCRIPTION_IN_PROGRESS to SUBSCRIPTION_NEEDED
2026-05-21T21:05:04.207+05:30 DEBUG 4847 --- [Fraud-Management] [kafka-producer-network-thread | Fraud-Management-producer-1] o.a.k.c.t.i.ClientTelemetryReporter      : The broker generated an error for the get telemetry network API request

org.apache.kafka.common.errors.UnsupportedVersionException: The node does not support GET_TELEMETRY_SUBSCRIPTIONS

2026-05-21T21:05:04.208+05:30 DEBUG 4847 --- [Fraud-Management] [kafka-producer-network-thread | Fraud-Management-producer-1] o.a.k.c.t.i.ClientTelemetryReporter      : Updating intervalMs: 300000, lastRequestMs: 1779377704208
2026-05-21T21:05:04.209+05:30 DEBUG 4847 --- [Fraud-Management] [kafka-producer-network-thread | Fraud-Management-producer-1] o.a.k.c.t.i.ClientTelemetryReporter      : Setting telemetry state from SUBSCRIPTION_IN_PROGRESS to SUBSCRIPTION_NEEDED
2026-05-21T21:05:52.111+05:30 DEBUG 4847 --- [Fraud-Management] [kafka-producer-network-thread | Fraud-Management-producer-1] org.apache.kafka.clients.NetworkClient   : [Producer clientId=Fraud-Management-producer-1] Sending metadata request MetadataRequestData(topics=[MetadataRequestTopic(topicId=AAAAAAAAAAAAAAAAAAAAAA, name='fraud-alerts')], allowAutoTopicCreation=true, includeClusterAuthorizedOperations=false, includeTopicAuthorizedOperations=false) to node 192.168.1.15:9092 (id: 0 rack: null)
2026-05-21T21:05:52.126+05:30 DEBUG 4847 --- [Fraud-Management] [kafka-producer-network-thread | Fraud-Management-producer-1] org.apache.kafka.clients.NetworkClient   : [Producer clientId=Fraud-Management-producer-1] Sending METADATA request with header RequestHeader(apiKey=METADATA, apiVersion=12, clientId=Fraud-Management-producer-1, correlationId=23, headerVersion=2) and timeout 30000 to node 0: MetadataRequestData(topics=[MetadataRequestTopic(topicId=AAAAAAAAAAAAAAAAAAAAAA, name='fraud-alerts')], allowAutoTopicCreation=true, includeClusterAuthorizedOperations=false, includeTopicAuthorizedOperations=false)
2026-05-21T21:05:52.139+05:30 DEBUG 4847 --- [Fraud-Management] [kafka-producer-network-thread | Fraud-Management-producer-1] org.apache.kafka.clients.NetworkClient   : [Producer clientId=Fraud-Management-producer-1] Received METADATA response from node 0 for request with header RequestHeader(apiKey=METADATA, apiVersion=12, clientId=Fraud-Management-producer-1, correlationId=23, headerVersion=2): MetadataResponseData(throttleTimeMs=0, brokers=[MetadataResponseBroker(nodeId=0, host='192.168.1.15', port=9092, rack=null)], clusterId='9YJeH9LiQPabFK2-ohTFOA', controllerId=0, topics=[MetadataResponseTopic(errorCode=0, name='fraud-alerts', topicId=igZ8IUrNQxqStOjnoWrz9A, isInternal=false, partitions=[MetadataResponsePartition(errorCode=0, partitionIndex=0, leaderId=0, leaderEpoch=0, replicaNodes=[0], isrNodes=[0], offlineReplicas=[])], topicAuthorizedOperations=-2147483648)], clusterAuthorizedOperations=-2147483648)
2026-05-21T21:05:52.141+05:30 DEBUG 4847 --- [Fraud-Management] [kafka-producer-network-thread | Fraud-Management-producer-1] org.apache.kafka.clients.Metadata        : [Producer clientId=Fraud-Management-producer-1] Updating last seen epoch for partition fraud-alerts-0 from 0 to epoch 0 from new metadata
2026-05-21T21:05:52.143+05:30 DEBUG 4847 --- [Fraud-Management] [kafka-producer-network-thread | Fraud-Management-producer-1] org.apache.kafka.clients.Metadata        : [Producer clientId=Fraud-Management-producer-1] Updated cluster metadata updateVersion 9 to MetadataCache{clusterId='9YJeH9LiQPabFK2-ohTFOA', nodes={0=192.168.1.15:9092 (id: 0 rack: null)}, partitions=[PartitionMetadata(error=NONE, partition=fraud-alerts-0, leader=Optional[0], leaderEpoch=Optional[0], replicas=0, isr=0, offlineReplicas=)], controller=192.168.1.15:9092 (id: 0 rack: null)}
2026-05-21T21:06:37.657+05:30 DEBUG 4847 --- [Fraud-Management] [kafka-producer-network-thread | Fraud-Management-producer-1] o.a.k.c.t.i.ClientTelemetryReporter      : Creating telemetry subscription request with client instance id AAAAAAAAAAAAAAAAAAAAAA
2026-05-21T21:06:37.660+05:30 DEBUG 4847 --- [Fraud-Management] [kafka-producer-network-thread | Fraud-Management-producer-1] o.a.k.c.t.i.ClientTelemetryReporter      : Setting telemetry state from SUBSCRIPTION_NEEDED to SUBSCRIPTION_IN_PROGRESS
2026-05-21T21:06:37.661+05:30 DEBUG 4847 --- [Fraud-Management] [kafka-producer-network-thread | Fraud-Management-producer-1] org.apache.kafka.clients.NetworkClient   : [Producer clientId=Fraud-Management-producer-1] Version mismatch when attempting to send GetTelemetrySubscriptionsRequestData(clientInstanceId=AAAAAAAAAAAAAAAAAAAAAA) with correlation id 24 to 0

org.apache.kafka.common.errors.UnsupportedVersionException: The node does not support GET_TELEMETRY_SUBSCRIPTIONS

2026-05-21T21:06:37.664+05:30 DEBUG 4847 --- [Fraud-Management] [kafka-producer-network-thread | Fraud-Management-producer-1] o.a.k.c.t.i.ClientTelemetryReporter      : The broker generated an error for the get telemetry network API request

org.apache.kafka.common.errors.UnsupportedVersionException: The node does not support GET_TELEMETRY_SUBSCRIPTIONS

2026-05-21T21:06:37.665+05:30 DEBUG 4847 --- [Fraud-Management] [kafka-producer-network-thread | Fraud-Management-producer-1] o.a.k.c.t.i.ClientTelemetryReporter      : Updating intervalMs: 300000, lastRequestMs: 1779377797665
2026-05-21T21:06:37.665+05:30 DEBUG 4847 --- [Fraud-Management] [kafka-producer-network-thread | Fraud-Management-producer-1] o.a.k.c.t.i.ClientTelemetryReporter      : Setting telemetry state from SUBSCRIPTION_IN_PROGRESS to SUBSCRIPTION_NEEDED
2026-05-21T21:08:00.820+05:30  INFO 4847 --- [Fraud-Management] [AsyncResolver-bootstrap-executor-%d] c.n.d.s.r.aws.ConfigClusterResolver      : Resolving eureka endpoints via configuration
2026-05-21T21:09:04.428+05:30 DEBUG 4847 --- [Fraud-Management] [kafka-producer-network-thread | Fraud-Management-producer-1] org.apache.kafka.clients.NetworkClient   : [Producer clientId=Fraud-Management-producer-1] Sending metadata request MetadataRequestData(topics=[MetadataRequestTopic(topicId=AAAAAAAAAAAAAAAAAAAAAA, name='notification')], allowAutoTopicCreation=true, includeClusterAuthorizedOperations=false, includeTopicAuthorizedOperations=false) to node 192.168.1.15:9092 (id: 0 rack: null)
2026-05-21T21:09:04.431+05:30 DEBUG 4847 --- [Fraud-Management] [kafka-producer-network-thread | Fraud-Management-producer-1] org.apache.kafka.clients.NetworkClient   : [Producer clientId=Fraud-Management-producer-1] Sending METADATA request with header RequestHeader(apiKey=METADATA, apiVersion=12, clientId=Fraud-Management-producer-1, correlationId=29, headerVersion=2) and timeout 30000 to node 0: MetadataRequestData(topics=[MetadataRequestTopic(topicId=AAAAAAAAAAAAAAAAAAAAAA, name='notification')], allowAutoTopicCreation=true, includeClusterAuthorizedOperations=false, includeTopicAuthorizedOperations=false)
2026-05-21T21:09:04.438+05:30 DEBUG 4847 --- [Fraud-Management] [kafka-producer-network-thread | Fraud-Management-producer-1] org.apache.kafka.clients.NetworkClient   : [Producer clientId=Fraud-Management-producer-1] Received METADATA response from node 0 for request with header RequestHeader(apiKey=METADATA, apiVersion=12, clientId=Fraud-Management-producer-1, correlationId=29, headerVersion=2): MetadataResponseData(throttleTimeMs=0, brokers=[MetadataResponseBroker(nodeId=0, host='192.168.1.15', port=9092, rack=null)], clusterId='9YJeH9LiQPabFK2-ohTFOA', controllerId=0, topics=[MetadataResponseTopic(errorCode=0, name='notification', topicId=DyxN5cIIS-KuhaJQv1O9gw, isInternal=false, partitions=[MetadataResponsePartition(errorCode=0, partitionIndex=0, leaderId=0, leaderEpoch=0, replicaNodes=[0], isrNodes=[0], offlineReplicas=[])], topicAuthorizedOperations=-2147483648)], clusterAuthorizedOperations=-2147483648)
2026-05-21T21:09:04.439+05:30 DEBUG 4847 --- [Fraud-Management] [kafka-producer-network-thread | Fraud-Management-producer-1] o.a.k.c.p.internals.ProducerMetadata     : [Producer clientId=Fraud-Management-producer-1] Removing unused topic notification from the metadata list, expiryMs 1779377825022 now 1779377944437
2026-05-21T21:09:04.440+05:30 DEBUG 4847 --- [Fraud-Management] [kafka-producer-network-thread | Fraud-Management-producer-1] org.apache.kafka.clients.Metadata        : [Producer clientId=Fraud-Management-producer-1] Updated cluster metadata updateVersion 10 to MetadataCache{clusterId='9YJeH9LiQPabFK2-ohTFOA', nodes={0=192.168.1.15:9092 (id: 0 rack: null)}, partitions=[], controller=192.168.1.15:9092 (id: 0 rack: null)}
2026-05-21T21:09:19.291+05:30 DEBUG 4847 --- [Fraud-Management] [kafka-producer-network-thread | Fraud-Management-producer-1] org.apache.kafka.clients.NetworkClient   : [Producer clientId=Fraud-Management-producer-1] Sending metadata request MetadataRequestData(topics=[MetadataRequestTopic(topicId=AAAAAAAAAAAAAAAAAAAAAA, name='valid-transactions'), MetadataRequestTopic(topicId=AAAAAAAAAAAAAAAAAAAAAA, name='rollback-transactions')], allowAutoTopicCreation=true, includeClusterAuthorizedOperations=false, includeTopicAuthorizedOperations=false) to node 192.168.1.15:9092 (id: 0 rack: null)
2026-05-21T21:09:19.292+05:30 DEBUG 4847 --- [Fraud-Management] [kafka-producer-network-thread | Fraud-Management-producer-1] org.apache.kafka.clients.NetworkClient   : [Producer clientId=Fraud-Management-producer-1] Sending METADATA request with header RequestHeader(apiKey=METADATA, apiVersion=12, clientId=Fraud-Management-producer-1, correlationId=32, headerVersion=2) and timeout 30000 to node 0: MetadataRequestData(topics=[MetadataRequestTopic(topicId=AAAAAAAAAAAAAAAAAAAAAA, name='valid-transactions'), MetadataRequestTopic(topicId=AAAAAAAAAAAAAAAAAAAAAA, name='rollback-transactions')], allowAutoTopicCreation=true, includeClusterAuthorizedOperations=false, includeTopicAuthorizedOperations=false)
2026-05-21T21:09:19.297+05:30 DEBUG 4847 --- [Fraud-Management] [kafka-producer-network-thread | Fraud-Management-producer-1] org.apache.kafka.clients.NetworkClient   : [Producer clientId=Fraud-Management-producer-1] Received METADATA response from node 0 for request with header RequestHeader(apiKey=METADATA, apiVersion=12, clientId=Fraud-Management-producer-1, correlationId=32, headerVersion=2): MetadataResponseData(throttleTimeMs=0, brokers=[MetadataResponseBroker(nodeId=0, host='192.168.1.15', port=9092, rack=null)], clusterId='9YJeH9LiQPabFK2-ohTFOA', controllerId=0, topics=[MetadataResponseTopic(errorCode=0, name='valid-transactions', topicId=v31IJ8L6TVuEw05Yu2NFTg, isInternal=false, partitions=[MetadataResponsePartition(errorCode=0, partitionIndex=0, leaderId=0, leaderEpoch=0, replicaNodes=[0], isrNodes=[0], offlineReplicas=[])], topicAuthorizedOperations=-2147483648), MetadataResponseTopic(errorCode=0, name='rollback-transactions', topicId=l5_XOGu1T0C1Ywef7hcyoA, isInternal=false, partitions=[MetadataResponsePartition(errorCode=0, partitionIndex=0, leaderId=0, leaderEpoch=0, replicaNodes=[0], isrNodes=[0], offlineReplicas=[])], topicAuthorizedOperations=-2147483648)], clusterAuthorizedOperations=-2147483648)
2026-05-21T21:09:19.298+05:30 DEBUG 4847 --- [Fraud-Management] [kafka-producer-network-thread | Fraud-Management-producer-1] o.a.k.c.p.internals.ProducerMetadata     : [Producer clientId=Fraud-Management-producer-1] Removing unused topic valid-transactions from the metadata list, expiryMs 1779377773887 now 1779377959296
2026-05-21T21:09:19.299+05:30 DEBUG 4847 --- [Fraud-Management] [kafka-producer-network-thread | Fraud-Management-producer-1] o.a.k.c.p.internals.ProducerMetadata     : [Producer clientId=Fraud-Management-producer-1] Removing unused topic rollback-transactions from the metadata list, expiryMs 1779377825034 now 1779377959296
2026-05-21T21:09:19.299+05:30 DEBUG 4847 --- [Fraud-Management] [kafka-producer-network-thread | Fraud-Management-producer-1] org.apache.kafka.clients.Metadata        : [Producer clientId=Fraud-Management-producer-1] Updated cluster metadata updateVersion 13 to MetadataCache{clusterId='9YJeH9LiQPabFK2-ohTFOA', nodes={0=192.168.1.15:9092 (id: 0 rack: null)}, partitions=[], controller=192.168.1.15:9092 (id: 0 rack: null)}
2026-05-21T21:10:04.210+05:30 DEBUG 4847 --- [Fraud-Management] [kafka-producer-network-thread | Fraud-Management-producer-1] o.a.k.c.t.i.ClientTelemetryReporter      : Creating telemetry subscription request with client instance id AAAAAAAAAAAAAAAAAAAAAA
2026-05-21T21:10:04.210+05:30 DEBUG 4847 --- [Fraud-Management] [kafka-producer-network-thread | Fraud-Management-producer-1] o.a.k.c.t.i.ClientTelemetryReporter      : Creating telemetry subscription request with client instance id AAAAAAAAAAAAAAAAAAAAAA
2026-05-21T21:10:04.211+05:30 DEBUG 4847 --- [Fraud-Management] [kafka-producer-network-thread | Fraud-Management-producer-1] o.a.k.c.t.i.ClientTelemetryReporter      : Setting telemetry state from SUBSCRIPTION_NEEDED to SUBSCRIPTION_IN_PROGRESS
2026-05-21T21:10:04.211+05:30 DEBUG 4847 --- [Fraud-Management] [kafka-producer-network-thread | Fraud-Management-producer-1] o.a.k.c.t.i.ClientTelemetryReporter      : Setting telemetry state from SUBSCRIPTION_NEEDED to SUBSCRIPTION_IN_PROGRESS
2026-05-21T21:10:04.212+05:30 DEBUG 4847 --- [Fraud-Management] [kafka-producer-network-thread | Fraud-Management-producer-1] org.apache.kafka.clients.NetworkClient   : [Producer clientId=Fraud-Management-producer-1] Version mismatch when attempting to send GetTelemetrySubscriptionsRequestData(clientInstanceId=AAAAAAAAAAAAAAAAAAAAAA) with correlation id 30 to 0

org.apache.kafka.common.errors.UnsupportedVersionException: The node does not support GET_TELEMETRY_SUBSCRIPTIONS

2026-05-21T21:10:04.212+05:30 DEBUG 4847 --- [Fraud-Management] [kafka-producer-network-thread | Fraud-Management-producer-1] org.apache.kafka.clients.NetworkClient   : [Producer clientId=Fraud-Management-producer-1] Version mismatch when attempting to send GetTelemetrySubscriptionsRequestData(clientInstanceId=AAAAAAAAAAAAAAAAAAAAAA) with correlation id 33 to 0

org.apache.kafka.common.errors.UnsupportedVersionException: The node does not support GET_TELEMETRY_SUBSCRIPTIONS

2026-05-21T21:10:04.213+05:30 DEBUG 4847 --- [Fraud-Management] [kafka-producer-network-thread | Fraud-Management-producer-1] o.a.k.c.t.i.ClientTelemetryReporter      : The broker generated an error for the get telemetry network API request

org.apache.kafka.common.errors.UnsupportedVersionException: The node does not support GET_TELEMETRY_SUBSCRIPTIONS

2026-05-21T21:10:04.213+05:30 DEBUG 4847 --- [Fraud-Management] [kafka-producer-network-thread | Fraud-Management-producer-1] o.a.k.c.t.i.ClientTelemetryReporter      : Updating intervalMs: 300000, lastRequestMs: 1779378004213
2026-05-21T21:10:04.213+05:30 DEBUG 4847 --- [Fraud-Management] [kafka-producer-network-thread | Fraud-Management-producer-1] o.a.k.c.t.i.ClientTelemetryReporter      : The broker generated an error for the get telemetry network API request

org.apache.kafka.common.errors.UnsupportedVersionException: The node does not support GET_TELEMETRY_SUBSCRIPTIONS

2026-05-21T21:10:04.214+05:30 DEBUG 4847 --- [Fraud-Management] [kafka-producer-network-thread | Fraud-Management-producer-1] o.a.k.c.t.i.ClientTelemetryReporter      : Setting telemetry state from SUBSCRIPTION_IN_PROGRESS to SUBSCRIPTION_NEEDED
2026-05-21T21:10:04.214+05:30 DEBUG 4847 --- [Fraud-Management] [kafka-producer-network-thread | Fraud-Management-producer-1] o.a.k.c.t.i.ClientTelemetryReporter      : Updating intervalMs: 300000, lastRequestMs: 1779378004214
2026-05-21T21:10:04.214+05:30 DEBUG 4847 --- [Fraud-Management] [kafka-producer-network-thread | Fraud-Management-producer-1] o.a.k.c.t.i.ClientTelemetryReporter      : Setting telemetry state from SUBSCRIPTION_IN_PROGRESS to SUBSCRIPTION_NEEDED
2026-05-21T21:10:27.606+05:30  INFO 4847 --- [Fraud-Management] [SpringApplicationShutdownHook] o.s.c.n.e.s.EurekaServiceRegistry        : Unregistering application FRAUD-MANAGEMENT with eureka with status DOWN
2026-05-21T21:10:27.608+05:30  INFO 4847 --- [Fraud-Management] [SpringApplicationShutdownHook] com.netflix.discovery.DiscoveryClient    : Saw local status change event StatusChangeEvent [timestamp=1779378027608, current=DOWN, previous=UP]
2026-05-21T21:10:27.610+05:30  INFO 4847 --- [Fraud-Management] [DiscoveryClient-InstanceInfoReplicator-%d] com.netflix.discovery.DiscoveryClient    : DiscoveryClient_FRAUD-MANAGEMENT/192.168.1.15:Fraud-Management:8082: registering service...
2026-05-21T21:10:27.677+05:30  INFO 4847 --- [Fraud-Management] [DiscoveryClient-InstanceInfoReplicator-%d] com.netflix.discovery.DiscoveryClient    : DiscoveryClient_FRAUD-MANAGEMENT/192.168.1.15:Fraud-Management:8082 - registration status: 204
2026-05-21T21:10:27.715+05:30  INFO 4847 --- [Fraud-Management] [SpringApplicationShutdownHook] o.s.b.w.e.tomcat.GracefulShutdown        : Commencing graceful shutdown. Waiting for active requests to complete
2026-05-21T21:10:29.746+05:30  INFO 4847 --- [Fraud-Management] [tomcat-shutdown] o.s.b.w.e.tomcat.GracefulShutdown        : Graceful shutdown complete
2026-05-21T21:10:29.772+05:30  INFO 4847 --- [Fraud-Management] [SpringApplicationShutdownHook] o.a.k.clients.producer.KafkaProducer     : [Producer clientId=Fraud-Management-producer-1] Closing the Kafka producer with timeoutMillis = 30000 ms.
2026-05-21T21:10:29.780+05:30 DEBUG 4847 --- [Fraud-Management] [kafka-producer-network-thread | Fraud-Management-producer-1] o.a.k.clients.producer.internals.Sender  : [Producer clientId=Fraud-Management-producer-1] Beginning shutdown of Kafka producer I/O thread, sending remaining records.
2026-05-21T21:10:29.799+05:30 DEBUG 4847 --- [Fraud-Management] [kafka-producer-network-thread | Fraud-Management-producer-1] o.a.k.c.t.i.KafkaMetricsCollector        : removing kafka metric : MetricName [name=connection-count, group=producer-metrics, description=The current number of active connections., tags={client-id=Fraud-Management-producer-1}]
2026-05-21T21:10:29.802+05:30 DEBUG 4847 --- [Fraud-Management] [kafka-producer-network-thread | Fraud-Management-producer-1] o.a.k.c.t.i.KafkaMetricsCollector        : removing kafka metric : MetricName [name=connection-close-total, group=producer-metrics, description=The total number of connections closed, tags={client-id=Fraud-Management-producer-1}]
2026-05-21T21:10:29.803+05:30 DEBUG 4847 --- [Fraud-Management] [kafka-producer-network-thread | Fraud-Management-producer-1] o.a.k.c.t.i.KafkaMetricsCollector        : removing kafka metric : MetricName [name=connection-close-rate, group=producer-metrics, description=The number of connections closed per second, tags={client-id=Fraud-Management-producer-1}]
2026-05-21T21:10:29.804+05:30 DEBUG 4847 --- [Fraud-Management] [kafka-producer-network-thread | Fraud-Management-producer-1] o.a.k.c.t.i.KafkaMetricsCollector        : removing kafka metric : MetricName [name=connection-creation-total, group=producer-metrics, description=The total number of new connections established, tags={client-id=Fraud-Management-producer-1}]
2026-05-21T21:10:29.804+05:30 DEBUG 4847 --- [Fraud-Management] [kafka-producer-network-thread | Fraud-Management-producer-1] o.a.k.c.t.i.KafkaMetricsCollector        : removing kafka metric : MetricName [name=connection-creation-rate, group=producer-metrics, description=The number of new connections established per second, tags={client-id=Fraud-Management-producer-1}]
2026-05-21T21:10:29.804+05:30 DEBUG 4847 --- [Fraud-Management] [kafka-producer-network-thread | Fraud-Management-producer-1] o.a.k.c.t.i.KafkaMetricsCollector        : removing kafka metric : MetricName [name=successful-authentication-total, group=producer-metrics, description=The total number of connections with successful authentication, tags={client-id=Fraud-Management-producer-1}]
2026-05-21T21:10:29.804+05:30 DEBUG 4847 --- [Fraud-Management] [kafka-producer-network-thread | Fraud-Management-producer-1] o.a.k.c.t.i.KafkaMetricsCollector        : removing kafka metric : MetricName [name=successful-authentication-rate, group=producer-metrics, description=The number of connections with successful authentication per second, tags={client-id=Fraud-Management-producer-1}]
2026-05-21T21:10:29.807+05:30 DEBUG 4847 --- [Fraud-Management] [kafka-producer-network-thread | Fraud-Management-producer-1] o.a.k.c.t.i.KafkaMetricsCollector        : removing kafka metric : MetricName [name=successful-reauthentication-total, group=producer-metrics, description=The total number of successful re-authentication of connections, tags={client-id=Fraud-Management-producer-1}]
2026-05-21T21:10:29.807+05:30 DEBUG 4847 --- [Fraud-Management] [kafka-producer-network-thread | Fraud-Management-producer-1] o.a.k.c.t.i.KafkaMetricsCollector        : removing kafka metric : MetricName [name=successful-reauthentication-rate, group=producer-metrics, description=The number of successful re-authentication of connections per second, tags={client-id=Fraud-Management-producer-1}]
2026-05-21T21:10:29.808+05:30 DEBUG 4847 --- [Fraud-Management] [kafka-producer-network-thread | Fraud-Management-producer-1] o.a.k.c.t.i.KafkaMetricsCollector        : removing kafka metric : MetricName [name=successful-authentication-no-reauth-total, group=producer-metrics, description=The total number of connections with successful authentication where the client does not support re-authentication, tags={client-id=Fraud-Management-producer-1}]
2026-05-21T21:10:29.808+05:30 DEBUG 4847 --- [Fraud-Management] [kafka-producer-network-thread | Fraud-Management-producer-1] o.a.k.c.t.i.KafkaMetricsCollector        : removing kafka metric : MetricName [name=failed-authentication-total, group=producer-metrics, description=The total number of connections with failed authentication, tags={client-id=Fraud-Management-producer-1}]
2026-05-21T21:10:29.808+05:30 DEBUG 4847 --- [Fraud-Management] [kafka-producer-network-thread | Fraud-Management-producer-1] o.a.k.c.t.i.KafkaMetricsCollector        : removing kafka metric : MetricName [name=failed-authentication-rate, group=producer-metrics, description=The number of connections with failed authentication per second, tags={client-id=Fraud-Management-producer-1}]
2026-05-21T21:10:29.808+05:30 DEBUG 4847 --- [Fraud-Management] [kafka-producer-network-thread | Fraud-Management-producer-1] o.a.k.c.t.i.KafkaMetricsCollector        : removing kafka metric : MetricName [name=failed-reauthentication-total, group=producer-metrics, description=The total number of failed re-authentication of connections, tags={client-id=Fraud-Management-producer-1}]
2026-05-21T21:10:29.809+05:30 DEBUG 4847 --- [Fraud-Management] [kafka-producer-network-thread | Fraud-Management-producer-1] o.a.k.c.t.i.KafkaMetricsCollector        : removing kafka metric : MetricName [name=failed-reauthentication-rate, group=producer-metrics, description=The number of failed re-authentication of connections per second, tags={client-id=Fraud-Management-producer-1}]
2026-05-21T21:10:29.809+05:30 DEBUG 4847 --- [Fraud-Management] [kafka-producer-network-thread | Fraud-Management-producer-1] o.a.k.c.t.i.KafkaMetricsCollector        : removing kafka metric : MetricName [name=reauthentication-latency-max, group=producer-metrics, description=The max latency observed due to re-authentication, tags={client-id=Fraud-Management-producer-1}]
2026-05-21T21:10:29.809+05:30 DEBUG 4847 --- [Fraud-Management] [kafka-producer-network-thread | Fraud-Management-producer-1] o.a.k.c.t.i.KafkaMetricsCollector        : removing kafka metric : MetricName [name=reauthentication-latency-avg, group=producer-metrics, description=The average latency observed due to re-authentication, tags={client-id=Fraud-Management-producer-1}]
2026-05-21T21:10:29.810+05:30 DEBUG 4847 --- [Fraud-Management] [kafka-producer-network-thread | Fraud-Management-producer-1] o.a.k.c.t.i.KafkaMetricsCollector        : removing kafka metric : MetricName [name=network-io-total, group=producer-metrics, description=The total number of network operations (reads or writes) on all connections, tags={client-id=Fraud-Management-producer-1}]
2026-05-21T21:10:29.810+05:30 DEBUG 4847 --- [Fraud-Management] [kafka-producer-network-thread | Fraud-Management-producer-1] o.a.k.c.t.i.KafkaMetricsCollector        : removing kafka metric : MetricName [name=network-io-rate, group=producer-metrics, description=The number of network operations (reads or writes) on all connections per second, tags={client-id=Fraud-Management-producer-1}]
2026-05-21T21:10:29.810+05:30 DEBUG 4847 --- [Fraud-Management] [kafka-producer-network-thread | Fraud-Management-producer-1] o.a.k.c.t.i.KafkaMetricsCollector        : removing kafka metric : MetricName [name=outgoing-byte-total, group=producer-metrics, description=The total number of outgoing bytes sent to all servers, tags={client-id=Fraud-Management-producer-1}]
2026-05-21T21:10:29.810+05:30 DEBUG 4847 --- [Fraud-Management] [kafka-producer-network-thread | Fraud-Management-producer-1] o.a.k.c.t.i.KafkaMetricsCollector        : removing kafka metric : MetricName [name=outgoing-byte-rate, group=producer-metrics, description=The number of outgoing bytes sent to all servers per second, tags={client-id=Fraud-Management-producer-1}]
2026-05-21T21:10:29.811+05:30 DEBUG 4847 --- [Fraud-Management] [kafka-producer-network-thread | Fraud-Management-producer-1] o.a.k.c.t.i.KafkaMetricsCollector        : removing kafka metric : MetricName [name=incoming-byte-total, group=producer-metrics, description=The total number of bytes read off all sockets, tags={client-id=Fraud-Management-producer-1}]
2026-05-21T21:10:29.812+05:30 DEBUG 4847 --- [Fraud-Management] [kafka-producer-network-thread | Fraud-Management-producer-1] o.a.k.c.t.i.KafkaMetricsCollector        : removing kafka metric : MetricName [name=incoming-byte-rate, group=producer-metrics, description=The number of bytes read off all sockets per second, tags={client-id=Fraud-Management-producer-1}]
2026-05-21T21:10:29.812+05:30 DEBUG 4847 --- [Fraud-Management] [kafka-producer-network-thread | Fraud-Management-producer-1] o.a.k.c.t.i.KafkaMetricsCollector        : removing kafka metric : MetricName [name=request-total, group=producer-metrics, description=The total number of requests sent, tags={client-id=Fraud-Management-producer-1}]
2026-05-21T21:10:29.812+05:30 DEBUG 4847 --- [Fraud-Management] [kafka-producer-network-thread | Fraud-Management-producer-1] o.a.k.c.t.i.KafkaMetricsCollector        : removing kafka metric : MetricName [name=request-rate, group=producer-metrics, description=The number of requests sent per second, tags={client-id=Fraud-Management-producer-1}]
2026-05-21T21:10:29.812+05:30 DEBUG 4847 --- [Fraud-Management] [kafka-producer-network-thread | Fraud-Management-producer-1] o.a.k.c.t.i.KafkaMetricsCollector        : removing kafka metric : MetricName [name=request-size-avg, group=producer-metrics, description=The average size of requests sent., tags={client-id=Fraud-Management-producer-1}]
2026-05-21T21:10:29.813+05:30 DEBUG 4847 --- [Fraud-Management] [kafka-producer-network-thread | Fraud-Management-producer-1] o.a.k.c.t.i.KafkaMetricsCollector        : removing kafka metric : MetricName [name=request-size-max, group=producer-metrics, description=The maximum size of any request sent., tags={client-id=Fraud-Management-producer-1}]
2026-05-21T21:10:29.814+05:30 DEBUG 4847 --- [Fraud-Management] [kafka-producer-network-thread | Fraud-Management-producer-1] o.a.k.c.t.i.KafkaMetricsCollector        : removing kafka metric : MetricName [name=response-total, group=producer-metrics, description=The total number of responses received, tags={client-id=Fraud-Management-producer-1}]
2026-05-21T21:10:29.814+05:30 DEBUG 4847 --- [Fraud-Management] [kafka-producer-network-thread | Fraud-Management-producer-1] o.a.k.c.t.i.KafkaMetricsCollector        : removing kafka metric : MetricName [name=response-rate, group=producer-metrics, description=The number of responses received per second, tags={client-id=Fraud-Management-producer-1}]
2026-05-21T21:10:29.815+05:30 DEBUG 4847 --- [Fraud-Management] [kafka-producer-network-thread | Fraud-Management-producer-1] o.a.k.c.t.i.KafkaMetricsCollector        : removing kafka metric : MetricName [name=select-total, group=producer-metrics, description=The total number of times the I/O layer checked for new I/O to perform, tags={client-id=Fraud-Management-producer-1}]
2026-05-21T21:10:29.816+05:30 DEBUG 4847 --- [Fraud-Management] [kafka-producer-network-thread | Fraud-Management-producer-1] o.a.k.c.t.i.KafkaMetricsCollector        : removing kafka metric : MetricName [name=select-rate, group=producer-metrics, description=The number of times the I/O layer checked for new I/O to perform per second, tags={client-id=Fraud-Management-producer-1}]
2026-05-21T21:10:29.816+05:30 DEBUG 4847 --- [Fraud-Management] [kafka-producer-network-thread | Fraud-Management-producer-1] o.a.k.c.t.i.KafkaMetricsCollector        : removing kafka metric : MetricName [name=io-wait-time-ns-avg, group=producer-metrics, description=The average length of time the I/O thread spent waiting for a socket ready for reads or writes in nanoseconds., tags={client-id=Fraud-Management-producer-1}]
2026-05-21T21:10:29.816+05:30 DEBUG 4847 --- [Fraud-Management] [kafka-producer-network-thread | Fraud-Management-producer-1] o.a.k.c.t.i.KafkaMetricsCollector        : removing kafka metric : MetricName [name=io-waittime-total, group=producer-metrics, description=*Deprecated* The total time the I/O thread spent waiting, tags={client-id=Fraud-Management-producer-1}]
2026-05-21T21:10:29.817+05:30 DEBUG 4847 --- [Fraud-Management] [kafka-producer-network-thread | Fraud-Management-producer-1] o.a.k.c.t.i.KafkaMetricsCollector        : removing kafka metric : MetricName [name=io-wait-ratio, group=producer-metrics, description=*Deprecated* The fraction of time the I/O thread spent waiting, tags={client-id=Fraud-Management-producer-1}]
2026-05-21T21:10:29.818+05:30 DEBUG 4847 --- [Fraud-Management] [kafka-producer-network-thread | Fraud-Management-producer-1] o.a.k.c.t.i.KafkaMetricsCollector        : removing kafka metric : MetricName [name=io-wait-time-ns-total, group=producer-metrics, description=The total time the I/O thread spent waiting, tags={client-id=Fraud-Management-producer-1}]
2026-05-21T21:10:29.819+05:30 DEBUG 4847 --- [Fraud-Management] [kafka-producer-network-thread | Fraud-Management-producer-1] o.a.k.c.t.i.KafkaMetricsCollector        : removing kafka metric : MetricName [name=io-time-ns-avg, group=producer-metrics, description=The average length of time for I/O per select call in nanoseconds., tags={client-id=Fraud-Management-producer-1}]
2026-05-21T21:10:29.819+05:30 DEBUG 4847 --- [Fraud-Management] [kafka-producer-network-thread | Fraud-Management-producer-1] o.a.k.c.t.i.KafkaMetricsCollector        : removing kafka metric : MetricName [name=iotime-total, group=producer-metrics, description=*Deprecated* The total time the I/O thread spent doing I/O, tags={client-id=Fraud-Management-producer-1}]
2026-05-21T21:10:29.820+05:30 DEBUG 4847 --- [Fraud-Management] [kafka-producer-network-thread | Fraud-Management-producer-1] o.a.k.c.t.i.KafkaMetricsCollector        : removing kafka metric : MetricName [name=io-ratio, group=producer-metrics, description=*Deprecated* The fraction of time the I/O thread spent doing I/O, tags={client-id=Fraud-Management-producer-1}]
2026-05-21T21:10:29.820+05:30 DEBUG 4847 --- [Fraud-Management] [kafka-producer-network-thread | Fraud-Management-producer-1] o.a.k.c.t.i.KafkaMetricsCollector        : removing kafka metric : MetricName [name=io-time-ns-total, group=producer-metrics, description=The total time the I/O thread spent doing I/O, tags={client-id=Fraud-Management-producer-1}]
2026-05-21T21:10:29.821+05:30 DEBUG 4847 --- [Fraud-Management] [kafka-producer-network-thread | Fraud-Management-producer-1] o.a.k.c.t.i.KafkaMetricsCollector        : removing kafka metric : MetricName [name=request-total, group=producer-node-metrics, description=The total number of requests sent, tags={client-id=Fraud-Management-producer-1, node-id=node--1}]
2026-05-21T21:10:29.821+05:30 DEBUG 4847 --- [Fraud-Management] [kafka-producer-network-thread | Fraud-Management-producer-1] o.a.k.c.t.i.KafkaMetricsCollector        : removing kafka metric : MetricName [name=request-rate, group=producer-node-metrics, description=The number of requests sent per second, tags={client-id=Fraud-Management-producer-1, node-id=node--1}]
2026-05-21T21:10:29.822+05:30 DEBUG 4847 --- [Fraud-Management] [kafka-producer-network-thread | Fraud-Management-producer-1] o.a.k.c.t.i.KafkaMetricsCollector        : removing kafka metric : MetricName [name=request-size-avg, group=producer-node-metrics, description=The average size of requests sent., tags={client-id=Fraud-Management-producer-1, node-id=node--1}]
2026-05-21T21:10:29.822+05:30 DEBUG 4847 --- [Fraud-Management] [kafka-producer-network-thread | Fraud-Management-producer-1] o.a.k.c.t.i.KafkaMetricsCollector        : removing kafka metric : MetricName [name=request-size-max, group=producer-node-metrics, description=The maximum size of any request sent., tags={client-id=Fraud-Management-producer-1, node-id=node--1}]
2026-05-21T21:10:29.822+05:30 DEBUG 4847 --- [Fraud-Management] [kafka-producer-network-thread | Fraud-Management-producer-1] o.a.k.c.t.i.KafkaMetricsCollector        : removing kafka metric : MetricName [name=outgoing-byte-total, group=producer-node-metrics, description=The total number of outgoing bytes, tags={client-id=Fraud-Management-producer-1, node-id=node--1}]
2026-05-21T21:10:29.822+05:30 DEBUG 4847 --- [Fraud-Management] [kafka-producer-network-thread | Fraud-Management-producer-1] o.a.k.c.t.i.KafkaMetricsCollector        : removing kafka metric : MetricName [name=outgoing-byte-rate, group=producer-node-metrics, description=The number of outgoing bytes per second, tags={client-id=Fraud-Management-producer-1, node-id=node--1}]
2026-05-21T21:10:29.822+05:30 DEBUG 4847 --- [Fraud-Management] [kafka-producer-network-thread | Fraud-Management-producer-1] o.a.k.c.t.i.KafkaMetricsCollector        : removing kafka metric : MetricName [name=response-total, group=producer-node-metrics, description=The total number of responses received, tags={client-id=Fraud-Management-producer-1, node-id=node--1}]
2026-05-21T21:10:29.823+05:30 DEBUG 4847 --- [Fraud-Management] [kafka-producer-network-thread | Fraud-Management-producer-1] o.a.k.c.t.i.KafkaMetricsCollector        : removing kafka metric : MetricName [name=response-rate, group=producer-node-metrics, description=The number of responses received per second, tags={client-id=Fraud-Management-producer-1, node-id=node--1}]
2026-05-21T21:10:29.823+05:30 DEBUG 4847 --- [Fraud-Management] [kafka-producer-network-thread | Fraud-Management-producer-1] o.a.k.c.t.i.KafkaMetricsCollector        : removing kafka metric : MetricName [name=incoming-byte-total, group=producer-node-metrics, description=The total number of incoming bytes, tags={client-id=Fraud-Management-producer-1, node-id=node--1}]
2026-05-21T21:10:29.823+05:30 DEBUG 4847 --- [Fraud-Management] [kafka-producer-network-thread | Fraud-Management-producer-1] o.a.k.c.t.i.KafkaMetricsCollector        : removing kafka metric : MetricName [name=incoming-byte-rate, group=producer-node-metrics, description=The number of incoming bytes per second, tags={client-id=Fraud-Management-producer-1, node-id=node--1}]
2026-05-21T21:10:29.824+05:30 DEBUG 4847 --- [Fraud-Management] [kafka-producer-network-thread | Fraud-Management-producer-1] o.a.k.c.t.i.KafkaMetricsCollector        : removing kafka metric : MetricName [name=request-latency-avg, group=producer-node-metrics, description=, tags={client-id=Fraud-Management-producer-1, node-id=node--1}]
2026-05-21T21:10:29.824+05:30 DEBUG 4847 --- [Fraud-Management] [kafka-producer-network-thread | Fraud-Management-producer-1] o.a.k.c.t.i.KafkaMetricsCollector        : removing kafka metric : MetricName [name=request-latency-max, group=producer-node-metrics, description=, tags={client-id=Fraud-Management-producer-1, node-id=node--1}]
2026-05-21T21:10:29.824+05:30 DEBUG 4847 --- [Fraud-Management] [kafka-producer-network-thread | Fraud-Management-producer-1] o.a.k.c.t.i.KafkaMetricsCollector        : removing kafka metric : MetricName [name=request-total, group=producer-node-metrics, description=The total number of requests sent, tags={client-id=Fraud-Management-producer-1, node-id=node-0}]
2026-05-21T21:10:29.825+05:30 DEBUG 4847 --- [Fraud-Management] [kafka-producer-network-thread | Fraud-Management-producer-1] o.a.k.c.t.i.KafkaMetricsCollector        : removing kafka metric : MetricName [name=request-rate, group=producer-node-metrics, description=The number of requests sent per second, tags={client-id=Fraud-Management-producer-1, node-id=node-0}]
2026-05-21T21:10:29.825+05:30 DEBUG 4847 --- [Fraud-Management] [kafka-producer-network-thread | Fraud-Management-producer-1] o.a.k.c.t.i.KafkaMetricsCollector        : removing kafka metric : MetricName [name=request-size-avg, group=producer-node-metrics, description=The average size of requests sent., tags={client-id=Fraud-Management-producer-1, node-id=node-0}]
2026-05-21T21:10:29.825+05:30 DEBUG 4847 --- [Fraud-Management] [kafka-producer-network-thread | Fraud-Management-producer-1] o.a.k.c.t.i.KafkaMetricsCollector        : removing kafka metric : MetricName [name=request-size-max, group=producer-node-metrics, description=The maximum size of any request sent., tags={client-id=Fraud-Management-producer-1, node-id=node-0}]
2026-05-21T21:10:29.826+05:30 DEBUG 4847 --- [Fraud-Management] [kafka-producer-network-thread | Fraud-Management-producer-1] o.a.k.c.t.i.KafkaMetricsCollector        : removing kafka metric : MetricName [name=outgoing-byte-total, group=producer-node-metrics, description=The total number of outgoing bytes, tags={client-id=Fraud-Management-producer-1, node-id=node-0}]
2026-05-21T21:10:29.826+05:30 DEBUG 4847 --- [Fraud-Management] [kafka-producer-network-thread | Fraud-Management-producer-1] o.a.k.c.t.i.KafkaMetricsCollector        : removing kafka metric : MetricName [name=outgoing-byte-rate, group=producer-node-metrics, description=The number of outgoing bytes per second, tags={client-id=Fraud-Management-producer-1, node-id=node-0}]
2026-05-21T21:10:29.827+05:30 DEBUG 4847 --- [Fraud-Management] [kafka-producer-network-thread | Fraud-Management-producer-1] o.a.k.c.t.i.KafkaMetricsCollector        : removing kafka metric : MetricName [name=response-total, group=producer-node-metrics, description=The total number of responses received, tags={client-id=Fraud-Management-producer-1, node-id=node-0}]
2026-05-21T21:10:29.827+05:30 DEBUG 4847 --- [Fraud-Management] [kafka-producer-network-thread | Fraud-Management-producer-1] o.a.k.c.t.i.KafkaMetricsCollector        : removing kafka metric : MetricName [name=response-rate, group=producer-node-metrics, description=The number of responses received per second, tags={client-id=Fraud-Management-producer-1, node-id=node-0}]
2026-05-21T21:10:29.827+05:30 DEBUG 4847 --- [Fraud-Management] [kafka-producer-network-thread | Fraud-Management-producer-1] o.a.k.c.t.i.KafkaMetricsCollector        : removing kafka metric : MetricName [name=incoming-byte-total, group=producer-node-metrics, description=The total number of incoming bytes, tags={client-id=Fraud-Management-producer-1, node-id=node-0}]
2026-05-21T21:10:29.827+05:30 DEBUG 4847 --- [Fraud-Management] [kafka-producer-network-thread | Fraud-Management-producer-1] o.a.k.c.t.i.KafkaMetricsCollector        : removing kafka metric : MetricName [name=incoming-byte-rate, group=producer-node-metrics, description=The number of incoming bytes per second, tags={client-id=Fraud-Management-producer-1, node-id=node-0}]
2026-05-21T21:10:29.828+05:30 DEBUG 4847 --- [Fraud-Management] [kafka-producer-network-thread | Fraud-Management-producer-1] o.a.k.c.t.i.KafkaMetricsCollector        : removing kafka metric : MetricName [name=request-latency-avg, group=producer-node-metrics, description=, tags={client-id=Fraud-Management-producer-1, node-id=node-0}]
2026-05-21T21:10:29.828+05:30 DEBUG 4847 --- [Fraud-Management] [kafka-producer-network-thread | Fraud-Management-producer-1] o.a.k.c.t.i.KafkaMetricsCollector        : removing kafka metric : MetricName [name=request-latency-max, group=producer-node-metrics, description=, tags={client-id=Fraud-Management-producer-1, node-id=node-0}]
2026-05-21T21:10:29.828+05:30 DEBUG 4847 --- [Fraud-Management] [kafka-producer-network-thread | Fraud-Management-producer-1] o.a.k.c.t.i.ClientTelemetryReporter      : close telemetry sender for client telemetry reporter instance
2026-05-21T21:10:29.828+05:30 DEBUG 4847 --- [Fraud-Management] [kafka-producer-network-thread | Fraud-Management-producer-1] o.a.k.c.t.i.ClientTelemetryReporter      : Setting telemetry state from SUBSCRIPTION_NEEDED to TERMINATED
2026-05-21T21:10:29.828+05:30 DEBUG 4847 --- [Fraud-Management] [kafka-producer-network-thread | Fraud-Management-producer-1] o.a.k.clients.producer.internals.Sender  : [Producer clientId=Fraud-Management-producer-1] Shutdown of Kafka producer I/O thread has completed.
2026-05-21T21:10:29.830+05:30 DEBUG 4847 --- [Fraud-Management] [SpringApplicationShutdownHook] o.a.k.c.t.i.ClientTelemetryReporter      : Initiate close of ClientTelemetryReporter
2026-05-21T21:10:29.830+05:30 DEBUG 4847 --- [Fraud-Management] [SpringApplicationShutdownHook] o.a.k.c.t.i.ClientTelemetryReporter      : initiate close for client telemetry, check if terminal push required. Timeout 29950 ms.
2026-05-21T21:10:29.831+05:30 DEBUG 4847 --- [Fraud-Management] [SpringApplicationShutdownHook] o.a.k.c.t.i.ClientTelemetryReporter      : Ignoring subsequent initiateClose
2026-05-21T21:10:29.831+05:30 DEBUG 4847 --- [Fraud-Management] [SpringApplicationShutdownHook] o.a.k.c.t.i.KafkaMetricsCollector        : removing kafka metric : MetricName [name=flush-time-ns-total, group=producer-metrics, description=Total time producer has spent in flush in nanoseconds., tags={client-id=Fraud-Management-producer-1}]
2026-05-21T21:10:29.832+05:30 DEBUG 4847 --- [Fraud-Management] [SpringApplicationShutdownHook] o.a.k.c.t.i.KafkaMetricsCollector        : removing kafka metric : MetricName [name=txn-init-time-ns-total, group=producer-metrics, description=Total time producer has spent in initTransactions in nanoseconds., tags={client-id=Fraud-Management-producer-1}]
2026-05-21T21:10:29.832+05:30 DEBUG 4847 --- [Fraud-Management] [SpringApplicationShutdownHook] o.a.k.c.t.i.KafkaMetricsCollector        : removing kafka metric : MetricName [name=txn-begin-time-ns-total, group=producer-metrics, description=Total time producer has spent in beginTransaction in nanoseconds., tags={client-id=Fraud-Management-producer-1}]
2026-05-21T21:10:29.832+05:30 DEBUG 4847 --- [Fraud-Management] [SpringApplicationShutdownHook] o.a.k.c.t.i.KafkaMetricsCollector        : removing kafka metric : MetricName [name=txn-send-offsets-time-ns-total, group=producer-metrics, description=Total time producer has spent in sendOffsetsToTransaction in nanoseconds., tags={client-id=Fraud-Management-producer-1}]
2026-05-21T21:10:29.833+05:30 DEBUG 4847 --- [Fraud-Management] [SpringApplicationShutdownHook] o.a.k.c.t.i.KafkaMetricsCollector        : removing kafka metric : MetricName [name=txn-commit-time-ns-total, group=producer-metrics, description=Total time producer has spent in commitTransaction in nanoseconds., tags={client-id=Fraud-Management-producer-1}]
2026-05-21T21:10:29.833+05:30 DEBUG 4847 --- [Fraud-Management] [SpringApplicationShutdownHook] o.a.k.c.t.i.KafkaMetricsCollector        : removing kafka metric : MetricName [name=txn-abort-time-ns-total, group=producer-metrics, description=Total time producer has spent in abortTransaction in nanoseconds., tags={client-id=Fraud-Management-producer-1}]
2026-05-21T21:10:29.834+05:30 DEBUG 4847 --- [Fraud-Management] [SpringApplicationShutdownHook] o.a.k.c.t.i.KafkaMetricsCollector        : removing kafka metric : MetricName [name=metadata-wait-time-ns-total, group=producer-metrics, description=Total time producer has spent waiting on topic metadata in nanoseconds., tags={client-id=Fraud-Management-producer-1}]
2026-05-21T21:10:29.834+05:30  INFO 4847 --- [Fraud-Management] [SpringApplicationShutdownHook] o.apache.kafka.common.metrics.Metrics    : Metrics scheduler closed
2026-05-21T21:10:29.834+05:30  INFO 4847 --- [Fraud-Management] [SpringApplicationShutdownHook] o.apache.kafka.common.metrics.Metrics    : Closing reporter org.apache.kafka.common.metrics.JmxReporter
2026-05-21T21:10:29.834+05:30  INFO 4847 --- [Fraud-Management] [SpringApplicationShutdownHook] o.apache.kafka.common.metrics.Metrics    : Closing reporter org.apache.kafka.common.telemetry.internals.ClientTelemetryReporter
2026-05-21T21:10:29.834+05:30 DEBUG 4847 --- [Fraud-Management] [SpringApplicationShutdownHook] o.a.k.c.t.i.ClientTelemetryReporter      : Stopping ClientTelemetryReporter
2026-05-21T21:10:29.835+05:30 DEBUG 4847 --- [Fraud-Management] [SpringApplicationShutdownHook] o.a.k.c.t.i.ClientTelemetryReporter      : close telemetry sender for client telemetry reporter instance
2026-05-21T21:10:29.835+05:30 DEBUG 4847 --- [Fraud-Management] [SpringApplicationShutdownHook] o.a.k.c.t.i.ClientTelemetryReporter      : Ignoring subsequent close
2026-05-21T21:10:29.835+05:30  INFO 4847 --- [Fraud-Management] [SpringApplicationShutdownHook] o.apache.kafka.common.metrics.Metrics    : Metrics reporters closed
2026-05-21T21:10:29.836+05:30 DEBUG 4847 --- [Fraud-Management] [SpringApplicationShutdownHook] o.a.k.c.t.i.ClientTelemetryReporter      : Stopping ClientTelemetryReporter
2026-05-21T21:10:29.836+05:30 DEBUG 4847 --- [Fraud-Management] [SpringApplicationShutdownHook] o.a.k.c.t.i.ClientTelemetryReporter      : close telemetry sender for client telemetry reporter instance
2026-05-21T21:10:29.836+05:30 DEBUG 4847 --- [Fraud-Management] [SpringApplicationShutdownHook] o.a.k.c.t.i.ClientTelemetryReporter      : Ignoring subsequent close
2026-05-21T21:10:29.836+05:30  INFO 4847 --- [Fraud-Management] [SpringApplicationShutdownHook] o.a.kafka.common.utils.AppInfoParser     : App info kafka.producer for Fraud-Management-producer-1 unregistered
2026-05-21T21:10:29.837+05:30 DEBUG 4847 --- [Fraud-Management] [SpringApplicationShutdownHook] o.a.k.clients.producer.KafkaProducer     : [Producer clientId=Fraud-Management-producer-1] Kafka producer has been closed
2026-05-21T21:10:29.840+05:30  INFO 4847 --- [Fraud-Management] [SpringApplicationShutdownHook] o.a.k.clients.producer.KafkaProducer     : [Producer clientId=Fraud-Management-producer-1] Closing the Kafka producer with timeoutMillis = 30000 ms.
2026-05-21T21:10:29.841+05:30 DEBUG 4847 --- [Fraud-Management] [kafka-producer-network-thread | Fraud-Management-producer-1] o.a.k.clients.producer.internals.Sender  : [Producer clientId=Fraud-Management-producer-1] Beginning shutdown of Kafka producer I/O thread, sending remaining records.
2026-05-21T21:10:29.841+05:30 DEBUG 4847 --- [Fraud-Management] [kafka-producer-network-thread | Fraud-Management-producer-1] o.a.k.c.t.i.KafkaMetricsCollector        : removing kafka metric : MetricName [name=connection-count, group=producer-metrics, description=The current number of active connections., tags={client-id=Fraud-Management-producer-1}]
2026-05-21T21:10:29.842+05:30 DEBUG 4847 --- [Fraud-Management] [kafka-producer-network-thread | Fraud-Management-producer-1] o.a.k.c.t.i.KafkaMetricsCollector        : removing kafka metric : MetricName [name=connection-close-total, group=producer-metrics, description=The total number of connections closed, tags={client-id=Fraud-Management-producer-1}]
2026-05-21T21:10:29.842+05:30 DEBUG 4847 --- [Fraud-Management] [kafka-producer-network-thread | Fraud-Management-producer-1] o.a.k.c.t.i.KafkaMetricsCollector        : removing kafka metric : MetricName [name=connection-close-rate, group=producer-metrics, description=The number of connections closed per second, tags={client-id=Fraud-Management-producer-1}]
2026-05-21T21:10:29.842+05:30 DEBUG 4847 --- [Fraud-Management] [kafka-producer-network-thread | Fraud-Management-producer-1] o.a.k.c.t.i.KafkaMetricsCollector        : removing kafka metric : MetricName [name=connection-creation-total, group=producer-metrics, description=The total number of new connections established, tags={client-id=Fraud-Management-producer-1}]
2026-05-21T21:10:29.842+05:30 DEBUG 4847 --- [Fraud-Management] [kafka-producer-network-thread | Fraud-Management-producer-1] o.a.k.c.t.i.KafkaMetricsCollector        : removing kafka metric : MetricName [name=connection-creation-rate, group=producer-metrics, description=The number of new connections established per second, tags={client-id=Fraud-Management-producer-1}]
2026-05-21T21:10:29.842+05:30 DEBUG 4847 --- [Fraud-Management] [kafka-producer-network-thread | Fraud-Management-producer-1] o.a.k.c.t.i.KafkaMetricsCollector        : removing kafka metric : MetricName [name=successful-authentication-total, group=producer-metrics, description=The total number of connections with successful authentication, tags={client-id=Fraud-Management-producer-1}]
2026-05-21T21:10:29.843+05:30 DEBUG 4847 --- [Fraud-Management] [kafka-producer-network-thread | Fraud-Management-producer-1] o.a.k.c.t.i.KafkaMetricsCollector        : removing kafka metric : MetricName [name=successful-authentication-rate, group=producer-metrics, description=The number of connections with successful authentication per second, tags={client-id=Fraud-Management-producer-1}]
2026-05-21T21:10:29.843+05:30 DEBUG 4847 --- [Fraud-Management] [kafka-producer-network-thread | Fraud-Management-producer-1] o.a.k.c.t.i.KafkaMetricsCollector        : removing kafka metric : MetricName [name=successful-reauthentication-total, group=producer-metrics, description=The total number of successful re-authentication of connections, tags={client-id=Fraud-Management-producer-1}]
2026-05-21T21:10:29.843+05:30 DEBUG 4847 --- [Fraud-Management] [kafka-producer-network-thread | Fraud-Management-producer-1] o.a.k.c.t.i.KafkaMetricsCollector        : removing kafka metric : MetricName [name=successful-reauthentication-rate, group=producer-metrics, description=The number of successful re-authentication of connections per second, tags={client-id=Fraud-Management-producer-1}]
2026-05-21T21:10:29.843+05:30 DEBUG 4847 --- [Fraud-Management] [kafka-producer-network-thread | Fraud-Management-producer-1] o.a.k.c.t.i.KafkaMetricsCollector        : removing kafka metric : MetricName [name=successful-authentication-no-reauth-total, group=producer-metrics, description=The total number of connections with successful authentication where the client does not support re-authentication, tags={client-id=Fraud-Management-producer-1}]
2026-05-21T21:10:29.843+05:30 DEBUG 4847 --- [Fraud-Management] [kafka-producer-network-thread | Fraud-Management-producer-1] o.a.k.c.t.i.KafkaMetricsCollector        : removing kafka metric : MetricName [name=failed-authentication-total, group=producer-metrics, description=The total number of connections with failed authentication, tags={client-id=Fraud-Management-producer-1}]
2026-05-21T21:10:29.843+05:30 DEBUG 4847 --- [Fraud-Management] [kafka-producer-network-thread | Fraud-Management-producer-1] o.a.k.c.t.i.KafkaMetricsCollector        : removing kafka metric : MetricName [name=failed-authentication-rate, group=producer-metrics, description=The number of connections with failed authentication per second, tags={client-id=Fraud-Management-producer-1}]
2026-05-21T21:10:29.843+05:30 DEBUG 4847 --- [Fraud-Management] [kafka-producer-network-thread | Fraud-Management-producer-1] o.a.k.c.t.i.KafkaMetricsCollector        : removing kafka metric : MetricName [name=failed-reauthentication-total, group=producer-metrics, description=The total number of failed re-authentication of connections, tags={client-id=Fraud-Management-producer-1}]
2026-05-21T21:10:29.843+05:30 DEBUG 4847 --- [Fraud-Management] [kafka-producer-network-thread | Fraud-Management-producer-1] o.a.k.c.t.i.KafkaMetricsCollector        : removing kafka metric : MetricName [name=failed-reauthentication-rate, group=producer-metrics, description=The number of failed re-authentication of connections per second, tags={client-id=Fraud-Management-producer-1}]
2026-05-21T21:10:29.843+05:30 DEBUG 4847 --- [Fraud-Management] [kafka-producer-network-thread | Fraud-Management-producer-1] o.a.k.c.t.i.KafkaMetricsCollector        : removing kafka metric : MetricName [name=reauthentication-latency-max, group=producer-metrics, description=The max latency observed due to re-authentication, tags={client-id=Fraud-Management-producer-1}]
2026-05-21T21:10:29.844+05:30 DEBUG 4847 --- [Fraud-Management] [kafka-producer-network-thread | Fraud-Management-producer-1] o.a.k.c.t.i.KafkaMetricsCollector        : removing kafka metric : MetricName [name=reauthentication-latency-avg, group=producer-metrics, description=The average latency observed due to re-authentication, tags={client-id=Fraud-Management-producer-1}]
2026-05-21T21:10:29.844+05:30 DEBUG 4847 --- [Fraud-Management] [kafka-producer-network-thread | Fraud-Management-producer-1] o.a.k.c.t.i.KafkaMetricsCollector        : removing kafka metric : MetricName [name=network-io-total, group=producer-metrics, description=The total number of network operations (reads or writes) on all connections, tags={client-id=Fraud-Management-producer-1}]
2026-05-21T21:10:29.844+05:30 DEBUG 4847 --- [Fraud-Management] [kafka-producer-network-thread | Fraud-Management-producer-1] o.a.k.c.t.i.KafkaMetricsCollector        : removing kafka metric : MetricName [name=network-io-rate, group=producer-metrics, description=The number of network operations (reads or writes) on all connections per second, tags={client-id=Fraud-Management-producer-1}]
2026-05-21T21:10:29.844+05:30 DEBUG 4847 --- [Fraud-Management] [kafka-producer-network-thread | Fraud-Management-producer-1] o.a.k.c.t.i.KafkaMetricsCollector        : removing kafka metric : MetricName [name=outgoing-byte-total, group=producer-metrics, description=The total number of outgoing bytes sent to all servers, tags={client-id=Fraud-Management-producer-1}]
2026-05-21T21:10:29.844+05:30 DEBUG 4847 --- [Fraud-Management] [kafka-producer-network-thread | Fraud-Management-producer-1] o.a.k.c.t.i.KafkaMetricsCollector        : removing kafka metric : MetricName [name=outgoing-byte-rate, group=producer-metrics, description=The number of outgoing bytes sent to all servers per second, tags={client-id=Fraud-Management-producer-1}]
2026-05-21T21:10:29.844+05:30 DEBUG 4847 --- [Fraud-Management] [kafka-producer-network-thread | Fraud-Management-producer-1] o.a.k.c.t.i.KafkaMetricsCollector        : removing kafka metric : MetricName [name=incoming-byte-total, group=producer-metrics, description=The total number of bytes read off all sockets, tags={client-id=Fraud-Management-producer-1}]
2026-05-21T21:10:29.844+05:30 DEBUG 4847 --- [Fraud-Management] [kafka-producer-network-thread | Fraud-Management-producer-1] o.a.k.c.t.i.KafkaMetricsCollector        : removing kafka metric : MetricName [name=incoming-byte-rate, group=producer-metrics, description=The number of bytes read off all sockets per second, tags={client-id=Fraud-Management-producer-1}]
2026-05-21T21:10:29.845+05:30 DEBUG 4847 --- [Fraud-Management] [kafka-producer-network-thread | Fraud-Management-producer-1] o.a.k.c.t.i.KafkaMetricsCollector        : removing kafka metric : MetricName [name=request-total, group=producer-metrics, description=The total number of requests sent, tags={client-id=Fraud-Management-producer-1}]
2026-05-21T21:10:29.845+05:30 DEBUG 4847 --- [Fraud-Management] [kafka-producer-network-thread | Fraud-Management-producer-1] o.a.k.c.t.i.KafkaMetricsCollector        : removing kafka metric : MetricName [name=request-rate, group=producer-metrics, description=The number of requests sent per second, tags={client-id=Fraud-Management-producer-1}]
2026-05-21T21:10:29.845+05:30 DEBUG 4847 --- [Fraud-Management] [kafka-producer-network-thread | Fraud-Management-producer-1] o.a.k.c.t.i.KafkaMetricsCollector        : removing kafka metric : MetricName [name=request-size-avg, group=producer-metrics, description=The average size of requests sent., tags={client-id=Fraud-Management-producer-1}]
2026-05-21T21:10:29.845+05:30 DEBUG 4847 --- [Fraud-Management] [kafka-producer-network-thread | Fraud-Management-producer-1] o.a.k.c.t.i.KafkaMetricsCollector        : removing kafka metric : MetricName [name=request-size-max, group=producer-metrics, description=The maximum size of any request sent., tags={client-id=Fraud-Management-producer-1}]
2026-05-21T21:10:29.845+05:30 DEBUG 4847 --- [Fraud-Management] [kafka-producer-network-thread | Fraud-Management-producer-1] o.a.k.c.t.i.KafkaMetricsCollector        : removing kafka metric : MetricName [name=response-total, group=producer-metrics, description=The total number of responses received, tags={client-id=Fraud-Management-producer-1}]
2026-05-21T21:10:29.845+05:30 DEBUG 4847 --- [Fraud-Management] [kafka-producer-network-thread | Fraud-Management-producer-1] o.a.k.c.t.i.KafkaMetricsCollector        : removing kafka metric : MetricName [name=response-rate, group=producer-metrics, description=The number of responses received per second, tags={client-id=Fraud-Management-producer-1}]
2026-05-21T21:10:29.845+05:30 DEBUG 4847 --- [Fraud-Management] [kafka-producer-network-thread | Fraud-Management-producer-1] o.a.k.c.t.i.KafkaMetricsCollector        : removing kafka metric : MetricName [name=select-total, group=producer-metrics, description=The total number of times the I/O layer checked for new I/O to perform, tags={client-id=Fraud-Management-producer-1}]
2026-05-21T21:10:29.846+05:30 DEBUG 4847 --- [Fraud-Management] [kafka-producer-network-thread | Fraud-Management-producer-1] o.a.k.c.t.i.KafkaMetricsCollector        : removing kafka metric : MetricName [name=select-rate, group=producer-metrics, description=The number of times the I/O layer checked for new I/O to perform per second, tags={client-id=Fraud-Management-producer-1}]
2026-05-21T21:10:29.846+05:30 DEBUG 4847 --- [Fraud-Management] [kafka-producer-network-thread | Fraud-Management-producer-1] o.a.k.c.t.i.KafkaMetricsCollector        : removing kafka metric : MetricName [name=io-wait-time-ns-avg, group=producer-metrics, description=The average length of time the I/O thread spent waiting for a socket ready for reads or writes in nanoseconds., tags={client-id=Fraud-Management-producer-1}]
2026-05-21T21:10:29.846+05:30 DEBUG 4847 --- [Fraud-Management] [kafka-producer-network-thread | Fraud-Management-producer-1] o.a.k.c.t.i.KafkaMetricsCollector        : removing kafka metric : MetricName [name=io-waittime-total, group=producer-metrics, description=*Deprecated* The total time the I/O thread spent waiting, tags={client-id=Fraud-Management-producer-1}]
2026-05-21T21:10:29.847+05:30 DEBUG 4847 --- [Fraud-Management] [kafka-producer-network-thread | Fraud-Management-producer-1] o.a.k.c.t.i.KafkaMetricsCollector        : removing kafka metric : MetricName [name=io-wait-ratio, group=producer-metrics, description=*Deprecated* The fraction of time the I/O thread spent waiting, tags={client-id=Fraud-Management-producer-1}]
2026-05-21T21:10:29.847+05:30 DEBUG 4847 --- [Fraud-Management] [kafka-producer-network-thread | Fraud-Management-producer-1] o.a.k.c.t.i.KafkaMetricsCollector        : removing kafka metric : MetricName [name=io-wait-time-ns-total, group=producer-metrics, description=The total time the I/O thread spent waiting, tags={client-id=Fraud-Management-producer-1}]
2026-05-21T21:10:29.847+05:30 DEBUG 4847 --- [Fraud-Management] [kafka-producer-network-thread | Fraud-Management-producer-1] o.a.k.c.t.i.KafkaMetricsCollector        : removing kafka metric : MetricName [name=io-time-ns-avg, group=producer-metrics, description=The average length of time for I/O per select call in nanoseconds., tags={client-id=Fraud-Management-producer-1}]
2026-05-21T21:10:29.847+05:30 DEBUG 4847 --- [Fraud-Management] [kafka-producer-network-thread | Fraud-Management-producer-1] o.a.k.c.t.i.KafkaMetricsCollector        : removing kafka metric : MetricName [name=iotime-total, group=producer-metrics, description=*Deprecated* The total time the I/O thread spent doing I/O, tags={client-id=Fraud-Management-producer-1}]
2026-05-21T21:10:29.847+05:30 DEBUG 4847 --- [Fraud-Management] [kafka-producer-network-thread | Fraud-Management-producer-1] o.a.k.c.t.i.KafkaMetricsCollector        : removing kafka metric : MetricName [name=io-ratio, group=producer-metrics, description=*Deprecated* The fraction of time the I/O thread spent doing I/O, tags={client-id=Fraud-Management-producer-1}]
2026-05-21T21:10:29.847+05:30 DEBUG 4847 --- [Fraud-Management] [kafka-producer-network-thread | Fraud-Management-producer-1] o.a.k.c.t.i.KafkaMetricsCollector        : removing kafka metric : MetricName [name=io-time-ns-total, group=producer-metrics, description=The total time the I/O thread spent doing I/O, tags={client-id=Fraud-Management-producer-1}]
2026-05-21T21:10:29.848+05:30 DEBUG 4847 --- [Fraud-Management] [kafka-producer-network-thread | Fraud-Management-producer-1] o.a.k.c.t.i.KafkaMetricsCollector        : removing kafka metric : MetricName [name=request-total, group=producer-node-metrics, description=The total number of requests sent, tags={client-id=Fraud-Management-producer-1, node-id=node--1}]
2026-05-21T21:10:29.848+05:30 DEBUG 4847 --- [Fraud-Management] [kafka-producer-network-thread | Fraud-Management-producer-1] o.a.k.c.t.i.KafkaMetricsCollector        : removing kafka metric : MetricName [name=request-rate, group=producer-node-metrics, description=The number of requests sent per second, tags={client-id=Fraud-Management-producer-1, node-id=node--1}]
2026-05-21T21:10:29.848+05:30 DEBUG 4847 --- [Fraud-Management] [kafka-producer-network-thread | Fraud-Management-producer-1] o.a.k.c.t.i.KafkaMetricsCollector        : removing kafka metric : MetricName [name=request-size-avg, group=producer-node-metrics, description=The average size of requests sent., tags={client-id=Fraud-Management-producer-1, node-id=node--1}]
2026-05-21T21:10:29.849+05:30 DEBUG 4847 --- [Fraud-Management] [kafka-producer-network-thread | Fraud-Management-producer-1] o.a.k.c.t.i.KafkaMetricsCollector        : removing kafka metric : MetricName [name=request-size-max, group=producer-node-metrics, description=The maximum size of any request sent., tags={client-id=Fraud-Management-producer-1, node-id=node--1}]
2026-05-21T21:10:29.849+05:30 DEBUG 4847 --- [Fraud-Management] [kafka-producer-network-thread | Fraud-Management-producer-1] o.a.k.c.t.i.KafkaMetricsCollector        : removing kafka metric : MetricName [name=outgoing-byte-total, group=producer-node-metrics, description=The total number of outgoing bytes, tags={client-id=Fraud-Management-producer-1, node-id=node--1}]
2026-05-21T21:10:29.849+05:30 DEBUG 4847 --- [Fraud-Management] [kafka-producer-network-thread | Fraud-Management-producer-1] o.a.k.c.t.i.KafkaMetricsCollector        : removing kafka metric : MetricName [name=outgoing-byte-rate, group=producer-node-metrics, description=The number of outgoing bytes per second, tags={client-id=Fraud-Management-producer-1, node-id=node--1}]
2026-05-21T21:10:29.849+05:30 DEBUG 4847 --- [Fraud-Management] [kafka-producer-network-thread | Fraud-Management-producer-1] o.a.k.c.t.i.KafkaMetricsCollector        : removing kafka metric : MetricName [name=response-total, group=producer-node-metrics, description=The total number of responses received, tags={client-id=Fraud-Management-producer-1, node-id=node--1}]
2026-05-21T21:10:29.850+05:30 DEBUG 4847 --- [Fraud-Management] [kafka-producer-network-thread | Fraud-Management-producer-1] o.a.k.c.t.i.KafkaMetricsCollector        : removing kafka metric : MetricName [name=response-rate, group=producer-node-metrics, description=The number of responses received per second, tags={client-id=Fraud-Management-producer-1, node-id=node--1}]
2026-05-21T21:10:29.850+05:30 DEBUG 4847 --- [Fraud-Management] [kafka-producer-network-thread | Fraud-Management-producer-1] o.a.k.c.t.i.KafkaMetricsCollector        : removing kafka metric : MetricName [name=incoming-byte-total, group=producer-node-metrics, description=The total number of incoming bytes, tags={client-id=Fraud-Management-producer-1, node-id=node--1}]
2026-05-21T21:10:29.850+05:30 DEBUG 4847 --- [Fraud-Management] [kafka-producer-network-thread | Fraud-Management-producer-1] o.a.k.c.t.i.KafkaMetricsCollector        : removing kafka metric : MetricName [name=incoming-byte-rate, group=producer-node-metrics, description=The number of incoming bytes per second, tags={client-id=Fraud-Management-producer-1, node-id=node--1}]
2026-05-21T21:10:29.851+05:30 DEBUG 4847 --- [Fraud-Management] [kafka-producer-network-thread | Fraud-Management-producer-1] o.a.k.c.t.i.KafkaMetricsCollector        : removing kafka metric : MetricName [name=request-latency-avg, group=producer-node-metrics, description=, tags={client-id=Fraud-Management-producer-1, node-id=node--1}]
2026-05-21T21:10:29.851+05:30 DEBUG 4847 --- [Fraud-Management] [kafka-producer-network-thread | Fraud-Management-producer-1] o.a.k.c.t.i.KafkaMetricsCollector        : removing kafka metric : MetricName [name=request-latency-max, group=producer-node-metrics, description=, tags={client-id=Fraud-Management-producer-1, node-id=node--1}]
2026-05-21T21:10:29.851+05:30 DEBUG 4847 --- [Fraud-Management] [kafka-producer-network-thread | Fraud-Management-producer-1] o.a.k.c.t.i.KafkaMetricsCollector        : removing kafka metric : MetricName [name=request-total, group=producer-node-metrics, description=The total number of requests sent, tags={client-id=Fraud-Management-producer-1, node-id=node-0}]
2026-05-21T21:10:29.851+05:30 DEBUG 4847 --- [Fraud-Management] [kafka-producer-network-thread | Fraud-Management-producer-1] o.a.k.c.t.i.KafkaMetricsCollector        : removing kafka metric : MetricName [name=request-rate, group=producer-node-metrics, description=The number of requests sent per second, tags={client-id=Fraud-Management-producer-1, node-id=node-0}]
2026-05-21T21:10:29.852+05:30 DEBUG 4847 --- [Fraud-Management] [kafka-producer-network-thread | Fraud-Management-producer-1] o.a.k.c.t.i.KafkaMetricsCollector        : removing kafka metric : MetricName [name=request-size-avg, group=producer-node-metrics, description=The average size of requests sent., tags={client-id=Fraud-Management-producer-1, node-id=node-0}]
2026-05-21T21:10:29.852+05:30 DEBUG 4847 --- [Fraud-Management] [kafka-producer-network-thread | Fraud-Management-producer-1] o.a.k.c.t.i.KafkaMetricsCollector        : removing kafka metric : MetricName [name=request-size-max, group=producer-node-metrics, description=The maximum size of any request sent., tags={client-id=Fraud-Management-producer-1, node-id=node-0}]
2026-05-21T21:10:29.852+05:30 DEBUG 4847 --- [Fraud-Management] [kafka-producer-network-thread | Fraud-Management-producer-1] o.a.k.c.t.i.KafkaMetricsCollector        : removing kafka metric : MetricName [name=outgoing-byte-total, group=producer-node-metrics, description=The total number of outgoing bytes, tags={client-id=Fraud-Management-producer-1, node-id=node-0}]
2026-05-21T21:10:29.852+05:30 DEBUG 4847 --- [Fraud-Management] [kafka-producer-network-thread | Fraud-Management-producer-1] o.a.k.c.t.i.KafkaMetricsCollector        : removing kafka metric : MetricName [name=outgoing-byte-rate, group=producer-node-metrics, description=The number of outgoing bytes per second, tags={client-id=Fraud-Management-producer-1, node-id=node-0}]
2026-05-21T21:10:29.852+05:30 DEBUG 4847 --- [Fraud-Management] [kafka-producer-network-thread | Fraud-Management-producer-1] o.a.k.c.t.i.KafkaMetricsCollector        : removing kafka metric : MetricName [name=response-total, group=producer-node-metrics, description=The total number of responses received, tags={client-id=Fraud-Management-producer-1, node-id=node-0}]
2026-05-21T21:10:29.853+05:30 DEBUG 4847 --- [Fraud-Management] [kafka-producer-network-thread | Fraud-Management-producer-1] o.a.k.c.t.i.KafkaMetricsCollector        : removing kafka metric : MetricName [name=response-rate, group=producer-node-metrics, description=The number of responses received per second, tags={client-id=Fraud-Management-producer-1, node-id=node-0}]
2026-05-21T21:10:29.853+05:30 DEBUG 4847 --- [Fraud-Management] [kafka-producer-network-thread | Fraud-Management-producer-1] o.a.k.c.t.i.KafkaMetricsCollector        : removing kafka metric : MetricName [name=incoming-byte-total, group=producer-node-metrics, description=The total number of incoming bytes, tags={client-id=Fraud-Management-producer-1, node-id=node-0}]
2026-05-21T21:10:29.853+05:30 DEBUG 4847 --- [Fraud-Management] [kafka-producer-network-thread | Fraud-Management-producer-1] o.a.k.c.t.i.KafkaMetricsCollector        : removing kafka metric : MetricName [name=incoming-byte-rate, group=producer-node-metrics, description=The number of incoming bytes per second, tags={client-id=Fraud-Management-producer-1, node-id=node-0}]
2026-05-21T21:10:29.854+05:30 DEBUG 4847 --- [Fraud-Management] [kafka-producer-network-thread | Fraud-Management-producer-1] o.a.k.c.t.i.KafkaMetricsCollector        : removing kafka metric : MetricName [name=request-latency-avg, group=producer-node-metrics, description=, tags={client-id=Fraud-Management-producer-1, node-id=node-0}]
2026-05-21T21:10:29.854+05:30 DEBUG 4847 --- [Fraud-Management] [kafka-producer-network-thread | Fraud-Management-producer-1] o.a.k.c.t.i.KafkaMetricsCollector        : removing kafka metric : MetricName [name=request-latency-max, group=producer-node-metrics, description=, tags={client-id=Fraud-Management-producer-1, node-id=node-0}]
2026-05-21T21:10:29.854+05:30 DEBUG 4847 --- [Fraud-Management] [kafka-producer-network-thread | Fraud-Management-producer-1] o.a.k.c.t.i.ClientTelemetryReporter      : close telemetry sender for client telemetry reporter instance
2026-05-21T21:10:29.854+05:30 DEBUG 4847 --- [Fraud-Management] [kafka-producer-network-thread | Fraud-Management-producer-1] o.a.k.c.t.i.ClientTelemetryReporter      : Setting telemetry state from SUBSCRIPTION_NEEDED to TERMINATED
2026-05-21T21:10:29.854+05:30 DEBUG 4847 --- [Fraud-Management] [kafka-producer-network-thread | Fraud-Management-producer-1] o.a.k.clients.producer.internals.Sender  : [Producer clientId=Fraud-Management-producer-1] Shutdown of Kafka producer I/O thread has completed.
2026-05-21T21:10:29.854+05:30 DEBUG 4847 --- [Fraud-Management] [SpringApplicationShutdownHook] o.a.k.c.t.i.ClientTelemetryReporter      : Initiate close of ClientTelemetryReporter
2026-05-21T21:10:29.854+05:30 DEBUG 4847 --- [Fraud-Management] [SpringApplicationShutdownHook] o.a.k.c.t.i.ClientTelemetryReporter      : initiate close for client telemetry, check if terminal push required. Timeout 29986 ms.
2026-05-21T21:10:29.854+05:30 DEBUG 4847 --- [Fraud-Management] [SpringApplicationShutdownHook] o.a.k.c.t.i.ClientTelemetryReporter      : Ignoring subsequent initiateClose
2026-05-21T21:10:29.854+05:30 DEBUG 4847 --- [Fraud-Management] [SpringApplicationShutdownHook] o.a.k.c.t.i.KafkaMetricsCollector        : removing kafka metric : MetricName [name=flush-time-ns-total, group=producer-metrics, description=Total time producer has spent in flush in nanoseconds., tags={client-id=Fraud-Management-producer-1}]
2026-05-21T21:10:29.855+05:30 DEBUG 4847 --- [Fraud-Management] [SpringApplicationShutdownHook] o.a.k.c.t.i.KafkaMetricsCollector        : removing kafka metric : MetricName [name=txn-init-time-ns-total, group=producer-metrics, description=Total time producer has spent in initTransactions in nanoseconds., tags={client-id=Fraud-Management-producer-1}]
2026-05-21T21:10:29.855+05:30 DEBUG 4847 --- [Fraud-Management] [SpringApplicationShutdownHook] o.a.k.c.t.i.KafkaMetricsCollector        : removing kafka metric : MetricName [name=txn-begin-time-ns-total, group=producer-metrics, description=Total time producer has spent in beginTransaction in nanoseconds., tags={client-id=Fraud-Management-producer-1}]
2026-05-21T21:10:29.855+05:30 DEBUG 4847 --- [Fraud-Management] [SpringApplicationShutdownHook] o.a.k.c.t.i.KafkaMetricsCollector        : removing kafka metric : MetricName [name=txn-send-offsets-time-ns-total, group=producer-metrics, description=Total time producer has spent in sendOffsetsToTransaction in nanoseconds., tags={client-id=Fraud-Management-producer-1}]
2026-05-21T21:10:29.855+05:30 DEBUG 4847 --- [Fraud-Management] [SpringApplicationShutdownHook] o.a.k.c.t.i.KafkaMetricsCollector        : removing kafka metric : MetricName [name=txn-commit-time-ns-total, group=producer-metrics, description=Total time producer has spent in commitTransaction in nanoseconds., tags={client-id=Fraud-Management-producer-1}]
2026-05-21T21:10:29.855+05:30 DEBUG 4847 --- [Fraud-Management] [SpringApplicationShutdownHook] o.a.k.c.t.i.KafkaMetricsCollector        : removing kafka metric : MetricName [name=txn-abort-time-ns-total, group=producer-metrics, description=Total time producer has spent in abortTransaction in nanoseconds., tags={client-id=Fraud-Management-producer-1}]
2026-05-21T21:10:29.856+05:30 DEBUG 4847 --- [Fraud-Management] [SpringApplicationShutdownHook] o.a.k.c.t.i.KafkaMetricsCollector        : removing kafka metric : MetricName [name=metadata-wait-time-ns-total, group=producer-metrics, description=Total time producer has spent waiting on topic metadata in nanoseconds., tags={client-id=Fraud-Management-producer-1}]
2026-05-21T21:10:29.856+05:30  INFO 4847 --- [Fraud-Management] [SpringApplicationShutdownHook] o.apache.kafka.common.metrics.Metrics    : Metrics scheduler closed
2026-05-21T21:10:29.856+05:30  INFO 4847 --- [Fraud-Management] [SpringApplicationShutdownHook] o.apache.kafka.common.metrics.Metrics    : Closing reporter org.apache.kafka.common.metrics.JmxReporter
2026-05-21T21:10:29.856+05:30  INFO 4847 --- [Fraud-Management] [SpringApplicationShutdownHook] o.apache.kafka.common.metrics.Metrics    : Closing reporter org.apache.kafka.common.telemetry.internals.ClientTelemetryReporter
2026-05-21T21:10:29.856+05:30 DEBUG 4847 --- [Fraud-Management] [SpringApplicationShutdownHook] o.a.k.c.t.i.ClientTelemetryReporter      : Stopping ClientTelemetryReporter
2026-05-21T21:10:29.856+05:30 DEBUG 4847 --- [Fraud-Management] [SpringApplicationShutdownHook] o.a.k.c.t.i.ClientTelemetryReporter      : close telemetry sender for client telemetry reporter instance
2026-05-21T21:10:29.856+05:30 DEBUG 4847 --- [Fraud-Management] [SpringApplicationShutdownHook] o.a.k.c.t.i.ClientTelemetryReporter      : Ignoring subsequent close
2026-05-21T21:10:29.856+05:30  INFO 4847 --- [Fraud-Management] [SpringApplicationShutdownHook] o.apache.kafka.common.metrics.Metrics    : Metrics reporters closed
2026-05-21T21:10:29.857+05:30 DEBUG 4847 --- [Fraud-Management] [SpringApplicationShutdownHook] o.a.k.c.t.i.ClientTelemetryReporter      : Stopping ClientTelemetryReporter
2026-05-21T21:10:29.857+05:30 DEBUG 4847 --- [Fraud-Management] [SpringApplicationShutdownHook] o.a.k.c.t.i.ClientTelemetryReporter      : close telemetry sender for client telemetry reporter instance
2026-05-21T21:10:29.857+05:30 DEBUG 4847 --- [Fraud-Management] [SpringApplicationShutdownHook] o.a.k.c.t.i.ClientTelemetryReporter      : Ignoring subsequent close
2026-05-21T21:10:29.857+05:30  INFO 4847 --- [Fraud-Management] [SpringApplicationShutdownHook] o.a.kafka.common.utils.AppInfoParser     : App info kafka.producer for Fraud-Management-producer-1 unregistered
2026-05-21T21:10:29.857+05:30 DEBUG 4847 --- [Fraud-Management] [SpringApplicationShutdownHook] o.a.k.clients.producer.KafkaProducer     : [Producer clientId=Fraud-Management-producer-1] Kafka producer has been closed
2026-05-21T21:10:29.857+05:30  INFO 4847 --- [Fraud-Management] [SpringApplicationShutdownHook] o.a.k.clients.producer.KafkaProducer     : [Producer clientId=Fraud-Management-producer-1] Closing the Kafka producer with timeoutMillis = 30000 ms.
2026-05-21T21:10:29.857+05:30 DEBUG 4847 --- [Fraud-Management] [kafka-producer-network-thread | Fraud-Management-producer-1] o.a.k.clients.producer.internals.Sender  : [Producer clientId=Fraud-Management-producer-1] Beginning shutdown of Kafka producer I/O thread, sending remaining records.
2026-05-21T21:10:29.858+05:30 DEBUG 4847 --- [Fraud-Management] [kafka-producer-network-thread | Fraud-Management-producer-1] o.a.k.c.t.i.KafkaMetricsCollector        : removing kafka metric : MetricName [name=connection-count, group=producer-metrics, description=The current number of active connections., tags={client-id=Fraud-Management-producer-1}]
2026-05-21T21:10:29.859+05:30 DEBUG 4847 --- [Fraud-Management] [kafka-producer-network-thread | Fraud-Management-producer-1] o.a.k.c.t.i.KafkaMetricsCollector        : removing kafka metric : MetricName [name=connection-close-total, group=producer-metrics, description=The total number of connections closed, tags={client-id=Fraud-Management-producer-1}]
2026-05-21T21:10:29.859+05:30 DEBUG 4847 --- [Fraud-Management] [kafka-producer-network-thread | Fraud-Management-producer-1] o.a.k.c.t.i.KafkaMetricsCollector        : removing kafka metric : MetricName [name=connection-close-rate, group=producer-metrics, description=The number of connections closed per second, tags={client-id=Fraud-Management-producer-1}]
2026-05-21T21:10:29.859+05:30 DEBUG 4847 --- [Fraud-Management] [kafka-producer-network-thread | Fraud-Management-producer-1] o.a.k.c.t.i.KafkaMetricsCollector        : removing kafka metric : MetricName [name=connection-creation-total, group=producer-metrics, description=The total number of new connections established, tags={client-id=Fraud-Management-producer-1}]
2026-05-21T21:10:29.860+05:30 DEBUG 4847 --- [Fraud-Management] [kafka-producer-network-thread | Fraud-Management-producer-1] o.a.k.c.t.i.KafkaMetricsCollector        : removing kafka metric : MetricName [name=connection-creation-rate, group=producer-metrics, description=The number of new connections established per second, tags={client-id=Fraud-Management-producer-1}]
2026-05-21T21:10:29.860+05:30 DEBUG 4847 --- [Fraud-Management] [kafka-producer-network-thread | Fraud-Management-producer-1] o.a.k.c.t.i.KafkaMetricsCollector        : removing kafka metric : MetricName [name=successful-authentication-total, group=producer-metrics, description=The total number of connections with successful authentication, tags={client-id=Fraud-Management-producer-1}]
2026-05-21T21:10:29.860+05:30 DEBUG 4847 --- [Fraud-Management] [kafka-producer-network-thread | Fraud-Management-producer-1] o.a.k.c.t.i.KafkaMetricsCollector        : removing kafka metric : MetricName [name=successful-authentication-rate, group=producer-metrics, description=The number of connections with successful authentication per second, tags={client-id=Fraud-Management-producer-1}]
2026-05-21T21:10:29.860+05:30 DEBUG 4847 --- [Fraud-Management] [kafka-producer-network-thread | Fraud-Management-producer-1] o.a.k.c.t.i.KafkaMetricsCollector        : removing kafka metric : MetricName [name=successful-reauthentication-total, group=producer-metrics, description=The total number of successful re-authentication of connections, tags={client-id=Fraud-Management-producer-1}]
2026-05-21T21:10:29.861+05:30 DEBUG 4847 --- [Fraud-Management] [kafka-producer-network-thread | Fraud-Management-producer-1] o.a.k.c.t.i.KafkaMetricsCollector        : removing kafka metric : MetricName [name=successful-reauthentication-rate, group=producer-metrics, description=The number of successful re-authentication of connections per second, tags={client-id=Fraud-Management-producer-1}]
2026-05-21T21:10:29.861+05:30 DEBUG 4847 --- [Fraud-Management] [kafka-producer-network-thread | Fraud-Management-producer-1] o.a.k.c.t.i.KafkaMetricsCollector        : removing kafka metric : MetricName [name=successful-authentication-no-reauth-total, group=producer-metrics, description=The total number of connections with successful authentication where the client does not support re-authentication, tags={client-id=Fraud-Management-producer-1}]
2026-05-21T21:10:29.861+05:30 DEBUG 4847 --- [Fraud-Management] [kafka-producer-network-thread | Fraud-Management-producer-1] o.a.k.c.t.i.KafkaMetricsCollector        : removing kafka metric : MetricName [name=failed-authentication-total, group=producer-metrics, description=The total number of connections with failed authentication, tags={client-id=Fraud-Management-producer-1}]
2026-05-21T21:10:29.861+05:30 DEBUG 4847 --- [Fraud-Management] [kafka-producer-network-thread | Fraud-Management-producer-1] o.a.k.c.t.i.KafkaMetricsCollector        : removing kafka metric : MetricName [name=failed-authentication-rate, group=producer-metrics, description=The number of connections with failed authentication per second, tags={client-id=Fraud-Management-producer-1}]
2026-05-21T21:10:29.862+05:30 DEBUG 4847 --- [Fraud-Management] [kafka-producer-network-thread | Fraud-Management-producer-1] o.a.k.c.t.i.KafkaMetricsCollector        : removing kafka metric : MetricName [name=failed-reauthentication-total, group=producer-metrics, description=The total number of failed re-authentication of connections, tags={client-id=Fraud-Management-producer-1}]
2026-05-21T21:10:29.862+05:30 DEBUG 4847 --- [Fraud-Management] [kafka-producer-network-thread | Fraud-Management-producer-1] o.a.k.c.t.i.KafkaMetricsCollector        : removing kafka metric : MetricName [name=failed-reauthentication-rate, group=producer-metrics, description=The number of failed re-authentication of connections per second, tags={client-id=Fraud-Management-producer-1}]
2026-05-21T21:10:29.862+05:30 DEBUG 4847 --- [Fraud-Management] [kafka-producer-network-thread | Fraud-Management-producer-1] o.a.k.c.t.i.KafkaMetricsCollector        : removing kafka metric : MetricName [name=reauthentication-latency-max, group=producer-metrics, description=The max latency observed due to re-authentication, tags={client-id=Fraud-Management-producer-1}]
2026-05-21T21:10:29.862+05:30 DEBUG 4847 --- [Fraud-Management] [kafka-producer-network-thread | Fraud-Management-producer-1] o.a.k.c.t.i.KafkaMetricsCollector        : removing kafka metric : MetricName [name=reauthentication-latency-avg, group=producer-metrics, description=The average latency observed due to re-authentication, tags={client-id=Fraud-Management-producer-1}]
2026-05-21T21:10:29.862+05:30 DEBUG 4847 --- [Fraud-Management] [kafka-producer-network-thread | Fraud-Management-producer-1] o.a.k.c.t.i.KafkaMetricsCollector        : removing kafka metric : MetricName [name=network-io-total, group=producer-metrics, description=The total number of network operations (reads or writes) on all connections, tags={client-id=Fraud-Management-producer-1}]
2026-05-21T21:10:29.862+05:30 DEBUG 4847 --- [Fraud-Management] [kafka-producer-network-thread | Fraud-Management-producer-1] o.a.k.c.t.i.KafkaMetricsCollector        : removing kafka metric : MetricName [name=network-io-rate, group=producer-metrics, description=The number of network operations (reads or writes) on all connections per second, tags={client-id=Fraud-Management-producer-1}]
2026-05-21T21:10:29.863+05:30 DEBUG 4847 --- [Fraud-Management] [kafka-producer-network-thread | Fraud-Management-producer-1] o.a.k.c.t.i.KafkaMetricsCollector        : removing kafka metric : MetricName [name=outgoing-byte-total, group=producer-metrics, description=The total number of outgoing bytes sent to all servers, tags={client-id=Fraud-Management-producer-1}]
2026-05-21T21:10:29.863+05:30 DEBUG 4847 --- [Fraud-Management] [kafka-producer-network-thread | Fraud-Management-producer-1] o.a.k.c.t.i.KafkaMetricsCollector        : removing kafka metric : MetricName [name=outgoing-byte-rate, group=producer-metrics, description=The number of outgoing bytes sent to all servers per second, tags={client-id=Fraud-Management-producer-1}]
2026-05-21T21:10:29.863+05:30 DEBUG 4847 --- [Fraud-Management] [kafka-producer-network-thread | Fraud-Management-producer-1] o.a.k.c.t.i.KafkaMetricsCollector        : removing kafka metric : MetricName [name=incoming-byte-total, group=producer-metrics, description=The total number of bytes read off all sockets, tags={client-id=Fraud-Management-producer-1}]
2026-05-21T21:10:29.863+05:30 DEBUG 4847 --- [Fraud-Management] [kafka-producer-network-thread | Fraud-Management-producer-1] o.a.k.c.t.i.KafkaMetricsCollector        : removing kafka metric : MetricName [name=incoming-byte-rate, group=producer-metrics, description=The number of bytes read off all sockets per second, tags={client-id=Fraud-Management-producer-1}]
2026-05-21T21:10:29.864+05:30 DEBUG 4847 --- [Fraud-Management] [kafka-producer-network-thread | Fraud-Management-producer-1] o.a.k.c.t.i.KafkaMetricsCollector        : removing kafka metric : MetricName [name=request-total, group=producer-metrics, description=The total number of requests sent, tags={client-id=Fraud-Management-producer-1}]
2026-05-21T21:10:29.864+05:30 DEBUG 4847 --- [Fraud-Management] [kafka-producer-network-thread | Fraud-Management-producer-1] o.a.k.c.t.i.KafkaMetricsCollector        : removing kafka metric : MetricName [name=request-rate, group=producer-metrics, description=The number of requests sent per second, tags={client-id=Fraud-Management-producer-1}]
2026-05-21T21:10:29.864+05:30 DEBUG 4847 --- [Fraud-Management] [kafka-producer-network-thread | Fraud-Management-producer-1] o.a.k.c.t.i.KafkaMetricsCollector        : removing kafka metric : MetricName [name=request-size-avg, group=producer-metrics, description=The average size of requests sent., tags={client-id=Fraud-Management-producer-1}]
2026-05-21T21:10:29.864+05:30 DEBUG 4847 --- [Fraud-Management] [kafka-producer-network-thread | Fraud-Management-producer-1] o.a.k.c.t.i.KafkaMetricsCollector        : removing kafka metric : MetricName [name=request-size-max, group=producer-metrics, description=The maximum size of any request sent., tags={client-id=Fraud-Management-producer-1}]
2026-05-21T21:10:29.865+05:30 DEBUG 4847 --- [Fraud-Management] [kafka-producer-network-thread | Fraud-Management-producer-1] o.a.k.c.t.i.KafkaMetricsCollector        : removing kafka metric : MetricName [name=response-total, group=producer-metrics, description=The total number of responses received, tags={client-id=Fraud-Management-producer-1}]
2026-05-21T21:10:29.865+05:30 DEBUG 4847 --- [Fraud-Management] [kafka-producer-network-thread | Fraud-Management-producer-1] o.a.k.c.t.i.KafkaMetricsCollector        : removing kafka metric : MetricName [name=response-rate, group=producer-metrics, description=The number of responses received per second, tags={client-id=Fraud-Management-producer-1}]
2026-05-21T21:10:29.865+05:30 DEBUG 4847 --- [Fraud-Management] [kafka-producer-network-thread | Fraud-Management-producer-1] o.a.k.c.t.i.KafkaMetricsCollector        : removing kafka metric : MetricName [name=select-total, group=producer-metrics, description=The total number of times the I/O layer checked for new I/O to perform, tags={client-id=Fraud-Management-producer-1}]
2026-05-21T21:10:29.865+05:30 DEBUG 4847 --- [Fraud-Management] [kafka-producer-network-thread | Fraud-Management-producer-1] o.a.k.c.t.i.KafkaMetricsCollector        : removing kafka metric : MetricName [name=select-rate, group=producer-metrics, description=The number of times the I/O layer checked for new I/O to perform per second, tags={client-id=Fraud-Management-producer-1}]
2026-05-21T21:10:29.866+05:30 DEBUG 4847 --- [Fraud-Management] [kafka-producer-network-thread | Fraud-Management-producer-1] o.a.k.c.t.i.KafkaMetricsCollector        : removing kafka metric : MetricName [name=io-wait-time-ns-avg, group=producer-metrics, description=The average length of time the I/O thread spent waiting for a socket ready for reads or writes in nanoseconds., tags={client-id=Fraud-Management-producer-1}]
2026-05-21T21:10:29.866+05:30 DEBUG 4847 --- [Fraud-Management] [kafka-producer-network-thread | Fraud-Management-producer-1] o.a.k.c.t.i.KafkaMetricsCollector        : removing kafka metric : MetricName [name=io-waittime-total, group=producer-metrics, description=*Deprecated* The total time the I/O thread spent waiting, tags={client-id=Fraud-Management-producer-1}]
2026-05-21T21:10:29.866+05:30 DEBUG 4847 --- [Fraud-Management] [kafka-producer-network-thread | Fraud-Management-producer-1] o.a.k.c.t.i.KafkaMetricsCollector        : removing kafka metric : MetricName [name=io-wait-ratio, group=producer-metrics, description=*Deprecated* The fraction of time the I/O thread spent waiting, tags={client-id=Fraud-Management-producer-1}]
2026-05-21T21:10:29.866+05:30 DEBUG 4847 --- [Fraud-Management] [kafka-producer-network-thread | Fraud-Management-producer-1] o.a.k.c.t.i.KafkaMetricsCollector        : removing kafka metric : MetricName [name=io-wait-time-ns-total, group=producer-metrics, description=The total time the I/O thread spent waiting, tags={client-id=Fraud-Management-producer-1}]
2026-05-21T21:10:29.866+05:30 DEBUG 4847 --- [Fraud-Management] [kafka-producer-network-thread | Fraud-Management-producer-1] o.a.k.c.t.i.KafkaMetricsCollector        : removing kafka metric : MetricName [name=io-time-ns-avg, group=producer-metrics, description=The average length of time for I/O per select call in nanoseconds., tags={client-id=Fraud-Management-producer-1}]
2026-05-21T21:10:29.866+05:30 DEBUG 4847 --- [Fraud-Management] [kafka-producer-network-thread | Fraud-Management-producer-1] o.a.k.c.t.i.KafkaMetricsCollector        : removing kafka metric : MetricName [name=iotime-total, group=producer-metrics, description=*Deprecated* The total time the I/O thread spent doing I/O, tags={client-id=Fraud-Management-producer-1}]
2026-05-21T21:10:29.866+05:30 DEBUG 4847 --- [Fraud-Management] [kafka-producer-network-thread | Fraud-Management-producer-1] o.a.k.c.t.i.KafkaMetricsCollector        : removing kafka metric : MetricName [name=io-ratio, group=producer-metrics, description=*Deprecated* The fraction of time the I/O thread spent doing I/O, tags={client-id=Fraud-Management-producer-1}]
2026-05-21T21:10:29.866+05:30 DEBUG 4847 --- [Fraud-Management] [kafka-producer-network-thread | Fraud-Management-producer-1] o.a.k.c.t.i.KafkaMetricsCollector        : removing kafka metric : MetricName [name=io-time-ns-total, group=producer-metrics, description=The total time the I/O thread spent doing I/O, tags={client-id=Fraud-Management-producer-1}]
2026-05-21T21:10:29.867+05:30 DEBUG 4847 --- [Fraud-Management] [kafka-producer-network-thread | Fraud-Management-producer-1] o.a.k.c.t.i.KafkaMetricsCollector        : removing kafka metric : MetricName [name=request-total, group=producer-node-metrics, description=The total number of requests sent, tags={client-id=Fraud-Management-producer-1, node-id=node--1}]
2026-05-21T21:10:29.867+05:30 DEBUG 4847 --- [Fraud-Management] [kafka-producer-network-thread | Fraud-Management-producer-1] o.a.k.c.t.i.KafkaMetricsCollector        : removing kafka metric : MetricName [name=request-rate, group=producer-node-metrics, description=The number of requests sent per second, tags={client-id=Fraud-Management-producer-1, node-id=node--1}]
2026-05-21T21:10:29.867+05:30 DEBUG 4847 --- [Fraud-Management] [kafka-producer-network-thread | Fraud-Management-producer-1] o.a.k.c.t.i.KafkaMetricsCollector        : removing kafka metric : MetricName [name=request-size-avg, group=producer-node-metrics, description=The average size of requests sent., tags={client-id=Fraud-Management-producer-1, node-id=node--1}]
2026-05-21T21:10:29.867+05:30 DEBUG 4847 --- [Fraud-Management] [kafka-producer-network-thread | Fraud-Management-producer-1] o.a.k.c.t.i.KafkaMetricsCollector        : removing kafka metric : MetricName [name=request-size-max, group=producer-node-metrics, description=The maximum size of any request sent., tags={client-id=Fraud-Management-producer-1, node-id=node--1}]
2026-05-21T21:10:29.868+05:30 DEBUG 4847 --- [Fraud-Management] [kafka-producer-network-thread | Fraud-Management-producer-1] o.a.k.c.t.i.KafkaMetricsCollector        : removing kafka metric : MetricName [name=outgoing-byte-total, group=producer-node-metrics, description=The total number of outgoing bytes, tags={client-id=Fraud-Management-producer-1, node-id=node--1}]
2026-05-21T21:10:29.868+05:30 DEBUG 4847 --- [Fraud-Management] [kafka-producer-network-thread | Fraud-Management-producer-1] o.a.k.c.t.i.KafkaMetricsCollector        : removing kafka metric : MetricName [name=outgoing-byte-rate, group=producer-node-metrics, description=The number of outgoing bytes per second, tags={client-id=Fraud-Management-producer-1, node-id=node--1}]
2026-05-21T21:10:29.868+05:30 DEBUG 4847 --- [Fraud-Management] [kafka-producer-network-thread | Fraud-Management-producer-1] o.a.k.c.t.i.KafkaMetricsCollector        : removing kafka metric : MetricName [name=response-total, group=producer-node-metrics, description=The total number of responses received, tags={client-id=Fraud-Management-producer-1, node-id=node--1}]
2026-05-21T21:10:29.869+05:30 DEBUG 4847 --- [Fraud-Management] [kafka-producer-network-thread | Fraud-Management-producer-1] o.a.k.c.t.i.KafkaMetricsCollector        : removing kafka metric : MetricName [name=response-rate, group=producer-node-metrics, description=The number of responses received per second, tags={client-id=Fraud-Management-producer-1, node-id=node--1}]
2026-05-21T21:10:29.869+05:30 DEBUG 4847 --- [Fraud-Management] [kafka-producer-network-thread | Fraud-Management-producer-1] o.a.k.c.t.i.KafkaMetricsCollector        : removing kafka metric : MetricName [name=incoming-byte-total, group=producer-node-metrics, description=The total number of incoming bytes, tags={client-id=Fraud-Management-producer-1, node-id=node--1}]
2026-05-21T21:10:29.869+05:30 DEBUG 4847 --- [Fraud-Management] [kafka-producer-network-thread | Fraud-Management-producer-1] o.a.k.c.t.i.KafkaMetricsCollector        : removing kafka metric : MetricName [name=incoming-byte-rate, group=producer-node-metrics, description=The number of incoming bytes per second, tags={client-id=Fraud-Management-producer-1, node-id=node--1}]
2026-05-21T21:10:29.869+05:30 DEBUG 4847 --- [Fraud-Management] [kafka-producer-network-thread | Fraud-Management-producer-1] o.a.k.c.t.i.KafkaMetricsCollector        : removing kafka metric : MetricName [name=request-latency-avg, group=producer-node-metrics, description=, tags={client-id=Fraud-Management-producer-1, node-id=node--1}]
2026-05-21T21:10:29.870+05:30 DEBUG 4847 --- [Fraud-Management] [kafka-producer-network-thread | Fraud-Management-producer-1] o.a.k.c.t.i.KafkaMetricsCollector        : removing kafka metric : MetricName [name=request-latency-max, group=producer-node-metrics, description=, tags={client-id=Fraud-Management-producer-1, node-id=node--1}]
2026-05-21T21:10:29.870+05:30 DEBUG 4847 --- [Fraud-Management] [kafka-producer-network-thread | Fraud-Management-producer-1] o.a.k.c.t.i.KafkaMetricsCollector        : removing kafka metric : MetricName [name=request-total, group=producer-node-metrics, description=The total number of requests sent, tags={client-id=Fraud-Management-producer-1, node-id=node-0}]
2026-05-21T21:10:29.870+05:30 DEBUG 4847 --- [Fraud-Management] [kafka-producer-network-thread | Fraud-Management-producer-1] o.a.k.c.t.i.KafkaMetricsCollector        : removing kafka metric : MetricName [name=request-rate, group=producer-node-metrics, description=The number of requests sent per second, tags={client-id=Fraud-Management-producer-1, node-id=node-0}]
2026-05-21T21:10:29.871+05:30 DEBUG 4847 --- [Fraud-Management] [kafka-producer-network-thread | Fraud-Management-producer-1] o.a.k.c.t.i.KafkaMetricsCollector        : removing kafka metric : MetricName [name=request-size-avg, group=producer-node-metrics, description=The average size of requests sent., tags={client-id=Fraud-Management-producer-1, node-id=node-0}]
2026-05-21T21:10:29.871+05:30 DEBUG 4847 --- [Fraud-Management] [kafka-producer-network-thread | Fraud-Management-producer-1] o.a.k.c.t.i.KafkaMetricsCollector        : removing kafka metric : MetricName [name=request-size-max, group=producer-node-metrics, description=The maximum size of any request sent., tags={client-id=Fraud-Management-producer-1, node-id=node-0}]
2026-05-21T21:10:29.871+05:30 DEBUG 4847 --- [Fraud-Management] [kafka-producer-network-thread | Fraud-Management-producer-1] o.a.k.c.t.i.KafkaMetricsCollector        : removing kafka metric : MetricName [name=outgoing-byte-total, group=producer-node-metrics, description=The total number of outgoing bytes, tags={client-id=Fraud-Management-producer-1, node-id=node-0}]
2026-05-21T21:10:29.872+05:30 DEBUG 4847 --- [Fraud-Management] [kafka-producer-network-thread | Fraud-Management-producer-1] o.a.k.c.t.i.KafkaMetricsCollector        : removing kafka metric : MetricName [name=outgoing-byte-rate, group=producer-node-metrics, description=The number of outgoing bytes per second, tags={client-id=Fraud-Management-producer-1, node-id=node-0}]
2026-05-21T21:10:29.872+05:30 DEBUG 4847 --- [Fraud-Management] [kafka-producer-network-thread | Fraud-Management-producer-1] o.a.k.c.t.i.KafkaMetricsCollector        : removing kafka metric : MetricName [name=response-total, group=producer-node-metrics, description=The total number of responses received, tags={client-id=Fraud-Management-producer-1, node-id=node-0}]
2026-05-21T21:10:29.872+05:30 DEBUG 4847 --- [Fraud-Management] [kafka-producer-network-thread | Fraud-Management-producer-1] o.a.k.c.t.i.KafkaMetricsCollector        : removing kafka metric : MetricName [name=response-rate, group=producer-node-metrics, description=The number of responses received per second, tags={client-id=Fraud-Management-producer-1, node-id=node-0}]
2026-05-21T21:10:29.872+05:30 DEBUG 4847 --- [Fraud-Management] [kafka-producer-network-thread | Fraud-Management-producer-1] o.a.k.c.t.i.KafkaMetricsCollector        : removing kafka metric : MetricName [name=incoming-byte-total, group=producer-node-metrics, description=The total number of incoming bytes, tags={client-id=Fraud-Management-producer-1, node-id=node-0}]
2026-05-21T21:10:29.873+05:30 DEBUG 4847 --- [Fraud-Management] [kafka-producer-network-thread | Fraud-Management-producer-1] o.a.k.c.t.i.KafkaMetricsCollector        : removing kafka metric : MetricName [name=incoming-byte-rate, group=producer-node-metrics, description=The number of incoming bytes per second, tags={client-id=Fraud-Management-producer-1, node-id=node-0}]
2026-05-21T21:10:29.873+05:30 DEBUG 4847 --- [Fraud-Management] [kafka-producer-network-thread | Fraud-Management-producer-1] o.a.k.c.t.i.KafkaMetricsCollector        : removing kafka metric : MetricName [name=request-latency-avg, group=producer-node-metrics, description=, tags={client-id=Fraud-Management-producer-1, node-id=node-0}]
2026-05-21T21:10:29.873+05:30 DEBUG 4847 --- [Fraud-Management] [kafka-producer-network-thread | Fraud-Management-producer-1] o.a.k.c.t.i.KafkaMetricsCollector        : removing kafka metric : MetricName [name=request-latency-max, group=producer-node-metrics, description=, tags={client-id=Fraud-Management-producer-1, node-id=node-0}]
2026-05-21T21:10:29.873+05:30 DEBUG 4847 --- [Fraud-Management] [kafka-producer-network-thread | Fraud-Management-producer-1] o.a.k.c.t.i.ClientTelemetryReporter      : close telemetry sender for client telemetry reporter instance
2026-05-21T21:10:29.873+05:30 DEBUG 4847 --- [Fraud-Management] [kafka-producer-network-thread | Fraud-Management-producer-1] o.a.k.c.t.i.ClientTelemetryReporter      : Setting telemetry state from SUBSCRIPTION_NEEDED to TERMINATED
2026-05-21T21:10:29.873+05:30 DEBUG 4847 --- [Fraud-Management] [kafka-producer-network-thread | Fraud-Management-producer-1] o.a.k.clients.producer.internals.Sender  : [Producer clientId=Fraud-Management-producer-1] Shutdown of Kafka producer I/O thread has completed.
2026-05-21T21:10:29.874+05:30 DEBUG 4847 --- [Fraud-Management] [SpringApplicationShutdownHook] o.a.k.c.t.i.ClientTelemetryReporter      : Initiate close of ClientTelemetryReporter
2026-05-21T21:10:29.874+05:30 DEBUG 4847 --- [Fraud-Management] [SpringApplicationShutdownHook] o.a.k.c.t.i.ClientTelemetryReporter      : initiate close for client telemetry, check if terminal push required. Timeout 29984 ms.
2026-05-21T21:10:29.874+05:30 DEBUG 4847 --- [Fraud-Management] [SpringApplicationShutdownHook] o.a.k.c.t.i.ClientTelemetryReporter      : Ignoring subsequent initiateClose
2026-05-21T21:10:29.874+05:30 DEBUG 4847 --- [Fraud-Management] [SpringApplicationShutdownHook] o.a.k.c.t.i.KafkaMetricsCollector        : removing kafka metric : MetricName [name=flush-time-ns-total, group=producer-metrics, description=Total time producer has spent in flush in nanoseconds., tags={client-id=Fraud-Management-producer-1}]
2026-05-21T21:10:29.874+05:30 DEBUG 4847 --- [Fraud-Management] [SpringApplicationShutdownHook] o.a.k.c.t.i.KafkaMetricsCollector        : removing kafka metric : MetricName [name=txn-init-time-ns-total, group=producer-metrics, description=Total time producer has spent in initTransactions in nanoseconds., tags={client-id=Fraud-Management-producer-1}]
2026-05-21T21:10:29.874+05:30 DEBUG 4847 --- [Fraud-Management] [SpringApplicationShutdownHook] o.a.k.c.t.i.KafkaMetricsCollector        : removing kafka metric : MetricName [name=txn-begin-time-ns-total, group=producer-metrics, description=Total time producer has spent in beginTransaction in nanoseconds., tags={client-id=Fraud-Management-producer-1}]
2026-05-21T21:10:29.874+05:30 DEBUG 4847 --- [Fraud-Management] [SpringApplicationShutdownHook] o.a.k.c.t.i.KafkaMetricsCollector        : removing kafka metric : MetricName [name=txn-send-offsets-time-ns-total, group=producer-metrics, description=Total time producer has spent in sendOffsetsToTransaction in nanoseconds., tags={client-id=Fraud-Management-producer-1}]
2026-05-21T21:10:29.875+05:30 DEBUG 4847 --- [Fraud-Management] [SpringApplicationShutdownHook] o.a.k.c.t.i.KafkaMetricsCollector        : removing kafka metric : MetricName [name=txn-commit-time-ns-total, group=producer-metrics, description=Total time producer has spent in commitTransaction in nanoseconds., tags={client-id=Fraud-Management-producer-1}]
2026-05-21T21:10:29.875+05:30 DEBUG 4847 --- [Fraud-Management] [SpringApplicationShutdownHook] o.a.k.c.t.i.KafkaMetricsCollector        : removing kafka metric : MetricName [name=txn-abort-time-ns-total, group=producer-metrics, description=Total time producer has spent in abortTransaction in nanoseconds., tags={client-id=Fraud-Management-producer-1}]
2026-05-21T21:10:29.875+05:30 DEBUG 4847 --- [Fraud-Management] [SpringApplicationShutdownHook] o.a.k.c.t.i.KafkaMetricsCollector        : removing kafka metric : MetricName [name=metadata-wait-time-ns-total, group=producer-metrics, description=Total time producer has spent waiting on topic metadata in nanoseconds., tags={client-id=Fraud-Management-producer-1}]
2026-05-21T21:10:29.875+05:30  INFO 4847 --- [Fraud-Management] [SpringApplicationShutdownHook] o.apache.kafka.common.metrics.Metrics    : Metrics scheduler closed
2026-05-21T21:10:29.875+05:30  INFO 4847 --- [Fraud-Management] [SpringApplicationShutdownHook] o.apache.kafka.common.metrics.Metrics    : Closing reporter org.apache.kafka.common.metrics.JmxReporter
2026-05-21T21:10:29.875+05:30  INFO 4847 --- [Fraud-Management] [SpringApplicationShutdownHook] o.apache.kafka.common.metrics.Metrics    : Closing reporter org.apache.kafka.common.telemetry.internals.ClientTelemetryReporter
2026-05-21T21:10:29.875+05:30 DEBUG 4847 --- [Fraud-Management] [SpringApplicationShutdownHook] o.a.k.c.t.i.ClientTelemetryReporter      : Stopping ClientTelemetryReporter
2026-05-21T21:10:29.875+05:30 DEBUG 4847 --- [Fraud-Management] [SpringApplicationShutdownHook] o.a.k.c.t.i.ClientTelemetryReporter      : close telemetry sender for client telemetry reporter instance
2026-05-21T21:10:29.875+05:30 DEBUG 4847 --- [Fraud-Management] [SpringApplicationShutdownHook] o.a.k.c.t.i.ClientTelemetryReporter      : Ignoring subsequent close
2026-05-21T21:10:29.875+05:30  INFO 4847 --- [Fraud-Management] [SpringApplicationShutdownHook] o.apache.kafka.common.metrics.Metrics    : Metrics reporters closed
2026-05-21T21:10:29.875+05:30 DEBUG 4847 --- [Fraud-Management] [SpringApplicationShutdownHook] o.a.k.c.t.i.ClientTelemetryReporter      : Stopping ClientTelemetryReporter
2026-05-21T21:10:29.875+05:30 DEBUG 4847 --- [Fraud-Management] [SpringApplicationShutdownHook] o.a.k.c.t.i.ClientTelemetryReporter      : close telemetry sender for client telemetry reporter instance
2026-05-21T21:10:29.875+05:30 DEBUG 4847 --- [Fraud-Management] [SpringApplicationShutdownHook] o.a.k.c.t.i.ClientTelemetryReporter      : Ignoring subsequent close
2026-05-21T21:10:29.876+05:30 DEBUG 4847 --- [Fraud-Management] [SpringApplicationShutdownHook] o.a.k.c.t.i.KafkaMetricsCollector        : removing kafka metric : MetricName [name=version, group=app-info, description=Metric indicating version, tags={client-id=Fraud-Management-producer-1}]
2026-05-21T21:10:29.876+05:30 DEBUG 4847 --- [Fraud-Management] [SpringApplicationShutdownHook] o.a.k.c.t.i.KafkaMetricsCollector        : removing kafka metric : MetricName [name=commit-id, group=app-info, description=Metric indicating commit-id, tags={client-id=Fraud-Management-producer-1}]
2026-05-21T21:10:29.876+05:30 DEBUG 4847 --- [Fraud-Management] [SpringApplicationShutdownHook] o.a.k.c.t.i.KafkaMetricsCollector        : removing kafka metric : MetricName [name=start-time-ms, group=app-info, description=Metric indicating start-time-ms, tags={client-id=Fraud-Management-producer-1}]
2026-05-21T21:10:29.876+05:30  INFO 4847 --- [Fraud-Management] [SpringApplicationShutdownHook] o.a.kafka.common.utils.AppInfoParser     : App info kafka.producer for Fraud-Management-producer-1 unregistered
2026-05-21T21:10:29.876+05:30 DEBUG 4847 --- [Fraud-Management] [SpringApplicationShutdownHook] o.a.k.clients.producer.KafkaProducer     : [Producer clientId=Fraud-Management-producer-1] Kafka producer has been closed
2026-05-21T21:10:30.191+05:30  INFO 4847 --- [Fraud-Management] [SpringApplicationShutdownHook] j.LocalContainerEntityManagerFactoryBean : Closing JPA EntityManagerFactory for persistence unit 'default'
2026-05-21T21:10:30.216+05:30  INFO 4847 --- [Fraud-Management] [SpringApplicationShutdownHook] com.zaxxer.hikari.HikariDataSource       : HikariPool-1 - Shutdown initiated...
2026-05-21T21:10:30.222+05:30  INFO 4847 --- [Fraud-Management] [SpringApplicationShutdownHook] com.zaxxer.hikari.HikariDataSource       : HikariPool-1 - Shutdown completed.
2026-05-21T21:10:30.225+05:30  INFO 4847 --- [Fraud-Management] [SpringApplicationShutdownHook] com.netflix.discovery.DiscoveryClient    : Shutting down DiscoveryClient ...
2026-05-21T21:10:33.232+05:30  INFO 4847 --- [Fraud-Management] [SpringApplicationShutdownHook] com.netflix.discovery.DiscoveryClient    : Unregistering ...
2026-05-21T21:10:33.288+05:30  INFO 4847 --- [Fraud-Management] [SpringApplicationShutdownHook] com.netflix.discovery.DiscoveryClient    : DiscoveryClient_FRAUD-MANAGEMENT/192.168.1.15:Fraud-Management:8082 - deregister  status: 200
2026-05-21T21:10:33.289+05:30  INFO 4847 --- [Fraud-Management] [SpringApplicationShutdownHook] com.netflix.discovery.DiscoveryClient    : Completed shut down of DiscoveryClient
2026-05-21T22:06:36.704+05:30  INFO 8760 --- [Fraud-Management] [restartedMain] c.f.F.FraudManagementApplication         : Starting FraudManagementApplication using Java 17.0.10 with PID 8760 (/Users/himanshudevi/Desktop/doc/BITS_study_doc/Dissertation/AI_DRIVEN_FRAUD_MONITORING_PRODUCT/Fraud-Management/target/classes started by himanshudevi in /Users/himanshudevi/Desktop/doc/BITS_study_doc/Dissertation/AI_DRIVEN_FRAUD_MONITORING_PRODUCT/Fraud-Management)
2026-05-21T22:06:36.708+05:30 DEBUG 8760 --- [Fraud-Management] [restartedMain] c.f.F.FraudManagementApplication         : Running with Spring Boot v3.4.4, Spring v6.2.5
2026-05-21T22:06:36.709+05:30  INFO 8760 --- [Fraud-Management] [restartedMain] c.f.F.FraudManagementApplication         : The following 1 profile is active: "local"
2026-05-21T22:06:36.771+05:30  INFO 8760 --- [Fraud-Management] [restartedMain] o.s.b.devtools.restart.ChangeableUrls    : The Class-Path manifest attribute in /Users/himanshudevi/.m2/repository/org/apache/kafka/kafka-clients/3.7.0/kafka-clients-3.7.0.jar referenced one or more files that do not exist: file:/Users/himanshudevi/.m2/repository/org/apache/kafka/kafka-clients/3.7.0/zstd-jni-1.5.5-6.jar,file:/Users/himanshudevi/.m2/repository/org/apache/kafka/kafka-clients/3.7.0/lz4-java-1.8.0.jar,file:/Users/himanshudevi/.m2/repository/org/apache/kafka/kafka-clients/3.7.0/snappy-java-1.1.10.5.jar,file:/Users/himanshudevi/.m2/repository/org/apache/kafka/kafka-clients/3.7.0/slf4j-api-1.7.36.jar
2026-05-21T22:06:36.771+05:30  INFO 8760 --- [Fraud-Management] [restartedMain] .e.DevToolsPropertyDefaultsPostProcessor : Devtools property defaults active! Set 'spring.devtools.add-properties' to 'false' to disable
2026-05-21T22:06:36.771+05:30  INFO 8760 --- [Fraud-Management] [restartedMain] .e.DevToolsPropertyDefaultsPostProcessor : For additional web related logging consider setting the 'logging.level.web' property to 'DEBUG'
2026-05-21T22:06:37.909+05:30  INFO 8760 --- [Fraud-Management] [restartedMain] .s.d.r.c.RepositoryConfigurationDelegate : Bootstrapping Spring Data JPA repositories in DEFAULT mode.
2026-05-21T22:06:38.046+05:30  INFO 8760 --- [Fraud-Management] [restartedMain] .s.d.r.c.RepositoryConfigurationDelegate : Finished Spring Data repository scanning in 129 ms. Found 6 JPA repository interfaces.
2026-05-21T22:06:38.349+05:30  INFO 8760 --- [Fraud-Management] [restartedMain] o.s.cloud.context.scope.GenericScope     : BeanFactory id=e20747d0-2e54-3449-808a-dad8cc159ac2
2026-05-21T22:06:39.027+05:30  INFO 8760 --- [Fraud-Management] [restartedMain] o.s.b.w.embedded.tomcat.TomcatWebServer  : Tomcat initialized with port 8082 (http)
2026-05-21T22:06:39.038+05:30  INFO 8760 --- [Fraud-Management] [restartedMain] o.apache.catalina.core.StandardService   : Starting service [Tomcat]
2026-05-21T22:06:39.038+05:30  INFO 8760 --- [Fraud-Management] [restartedMain] o.apache.catalina.core.StandardEngine    : Starting Servlet engine: [Apache Tomcat/10.1.39]
2026-05-21T22:06:39.082+05:30  INFO 8760 --- [Fraud-Management] [restartedMain] o.a.c.c.C.[Tomcat].[localhost].[/]       : Initializing Spring embedded WebApplicationContext
2026-05-21T22:06:39.083+05:30  INFO 8760 --- [Fraud-Management] [restartedMain] w.s.c.ServletWebServerApplicationContext : Root WebApplicationContext: initialization completed in 2311 ms
2026-05-21T22:06:39.401+05:30  INFO 8760 --- [Fraud-Management] [restartedMain] o.hibernate.jpa.internal.util.LogHelper  : HHH000204: Processing PersistenceUnitInfo [name: default]
2026-05-21T22:06:39.457+05:30  INFO 8760 --- [Fraud-Management] [restartedMain] org.hibernate.Version                    : HHH000412: Hibernate ORM core version 6.4.4.Final
2026-05-21T22:06:39.485+05:30  INFO 8760 --- [Fraud-Management] [restartedMain] o.h.c.internal.RegionFactoryInitiator    : HHH000026: Second-level cache disabled
2026-05-21T22:06:39.640+05:30  INFO 8760 --- [Fraud-Management] [restartedMain] o.s.o.j.p.SpringPersistenceUnitInfo      : No LoadTimeWeaver setup: ignoring JPA class transformer
2026-05-21T22:06:39.660+05:30  INFO 8760 --- [Fraud-Management] [restartedMain] com.zaxxer.hikari.HikariDataSource       : HikariPool-1 - Starting...
2026-05-21T22:06:39.749+05:30  INFO 8760 --- [Fraud-Management] [restartedMain] com.zaxxer.hikari.pool.HikariPool        : HikariPool-1 - Added connection org.postgresql.jdbc.PgConnection@7bf9acf
2026-05-21T22:06:39.750+05:30  INFO 8760 --- [Fraud-Management] [restartedMain] com.zaxxer.hikari.HikariDataSource       : HikariPool-1 - Start completed.
2026-05-21T22:06:39.785+05:30  WARN 8760 --- [Fraud-Management] [restartedMain] org.hibernate.orm.deprecation            : HHH90000025: PostgreSQLDialect does not need to be specified explicitly using 'hibernate.dialect' (remove the property setting and it will be selected by default)
2026-05-21T22:06:40.323+05:30  INFO 8760 --- [Fraud-Management] [restartedMain] o.h.m.i.EntityInstantiatorPojoStandard   : HHH000182: No default (no-argument) constructor for class: com.fraud_detection.Fraud_Management.entity.Transaction (class must be instantiated by Interceptor)
2026-05-21T22:06:40.479+05:30  INFO 8760 --- [Fraud-Management] [restartedMain] o.h.e.t.j.p.i.JtaPlatformInitiator       : HHH000489: No JTA platform available (set 'hibernate.transaction.jta.platform' to enable JTA platform integration)
2026-05-21T22:06:40.539+05:30  INFO 8760 --- [Fraud-Management] [restartedMain] j.LocalContainerEntityManagerFactoryBean : Initialized JPA EntityManagerFactory for persistence unit 'default'
2026-05-21T22:06:41.245+05:30  WARN 8760 --- [Fraud-Management] [restartedMain] JpaBaseConfiguration$JpaWebConfiguration : spring.jpa.open-in-view is enabled by default. Therefore, database queries may be performed during view rendering. Explicitly configure spring.jpa.open-in-view to disable this warning
2026-05-21T22:06:42.110+05:30  INFO 8760 --- [Fraud-Management] [restartedMain] o.s.b.d.a.OptionalLiveReloadServer       : LiveReload server is running on port 35729
2026-05-21T22:06:42.142+05:30  INFO 8760 --- [Fraud-Management] [restartedMain] DiscoveryClientOptionalArgsConfiguration : Eureka HTTP Client uses RestTemplate.
2026-05-21T22:06:42.198+05:30  WARN 8760 --- [Fraud-Management] [restartedMain] iguration$LoadBalancerCaffeineWarnLogger : Spring Cloud LoadBalancer is currently working with the default cache. While this cache implementation is useful for development and tests, it's recommended to use Caffeine cache in production.You can switch to using Caffeine cache, by adding it and org.springframework.cache.caffeine.CaffeineCacheManager to the classpath.
2026-05-21T22:06:42.206+05:30  INFO 8760 --- [Fraud-Management] [restartedMain] o.s.b.a.e.web.EndpointLinksResolver      : Exposing 1 endpoint beneath base path '/actuator'
2026-05-21T22:06:42.278+05:30  INFO 8760 --- [Fraud-Management] [restartedMain] o.s.c.n.eureka.InstanceInfoFactory       : Setting initial instance status as: STARTING
2026-05-21T22:06:42.297+05:30  INFO 8760 --- [Fraud-Management] [restartedMain] com.netflix.discovery.DiscoveryClient    : Initializing Eureka in region us-east-1
2026-05-21T22:06:42.300+05:30  INFO 8760 --- [Fraud-Management] [restartedMain] c.n.d.s.r.aws.ConfigClusterResolver      : Resolving eureka endpoints via configuration
2026-05-21T22:06:42.306+05:30  INFO 8760 --- [Fraud-Management] [restartedMain] com.netflix.discovery.DiscoveryClient    : Disable delta property : false
2026-05-21T22:06:42.306+05:30  INFO 8760 --- [Fraud-Management] [restartedMain] com.netflix.discovery.DiscoveryClient    : Single vip registry refresh property : null
2026-05-21T22:06:42.306+05:30  INFO 8760 --- [Fraud-Management] [restartedMain] com.netflix.discovery.DiscoveryClient    : Force full registry fetch : false
2026-05-21T22:06:42.307+05:30  INFO 8760 --- [Fraud-Management] [restartedMain] com.netflix.discovery.DiscoveryClient    : Application is null : false
2026-05-21T22:06:42.307+05:30  INFO 8760 --- [Fraud-Management] [restartedMain] com.netflix.discovery.DiscoveryClient    : Registered Applications size is zero : true
2026-05-21T22:06:42.307+05:30  INFO 8760 --- [Fraud-Management] [restartedMain] com.netflix.discovery.DiscoveryClient    : Application version is -1: true
2026-05-21T22:06:42.307+05:30  INFO 8760 --- [Fraud-Management] [restartedMain] com.netflix.discovery.DiscoveryClient    : Getting all instance registry info from the eureka server
2026-05-21T22:06:42.718+05:30  INFO 8760 --- [Fraud-Management] [restartedMain] com.netflix.discovery.DiscoveryClient    : The response status is 200
2026-05-21T22:06:42.721+05:30  INFO 8760 --- [Fraud-Management] [restartedMain] com.netflix.discovery.DiscoveryClient    : Starting heartbeat executor: renew interval is: 30
2026-05-21T22:06:42.723+05:30  INFO 8760 --- [Fraud-Management] [restartedMain] c.n.discovery.InstanceInfoReplicator     : InstanceInfoReplicator onDemand update allowed rate per min is 4
2026-05-21T22:06:42.725+05:30  INFO 8760 --- [Fraud-Management] [restartedMain] com.netflix.discovery.DiscoveryClient    : Discovery Client initialized at timestamp 1779381402725 with initial instances count: 4
2026-05-21T22:06:42.736+05:30  INFO 8760 --- [Fraud-Management] [restartedMain] o.s.c.n.e.s.EurekaServiceRegistry        : Registering application FRAUD-MANAGEMENT with eureka with status UP
2026-05-21T22:06:42.737+05:30  INFO 8760 --- [Fraud-Management] [restartedMain] com.netflix.discovery.DiscoveryClient    : Saw local status change event StatusChangeEvent [timestamp=1779381402736, current=UP, previous=STARTING]
2026-05-21T22:06:42.738+05:30  INFO 8760 --- [Fraud-Management] [DiscoveryClient-InstanceInfoReplicator-%d] com.netflix.discovery.DiscoveryClient    : DiscoveryClient_FRAUD-MANAGEMENT/192.168.1.15:Fraud-Management:8082: registering service...
2026-05-21T22:06:42.753+05:30  INFO 8760 --- [Fraud-Management] [restartedMain] o.s.b.w.embedded.tomcat.TomcatWebServer  : Tomcat started on port 8082 (http) with context path '/'
2026-05-21T22:06:42.754+05:30  INFO 8760 --- [Fraud-Management] [restartedMain] .s.c.n.e.s.EurekaAutoServiceRegistration : Updating port to 8082
2026-05-21T22:06:42.786+05:30  INFO 8760 --- [Fraud-Management] [DiscoveryClient-InstanceInfoReplicator-%d] com.netflix.discovery.DiscoveryClient    : DiscoveryClient_FRAUD-MANAGEMENT/192.168.1.15:Fraud-Management:8082 - registration status: 204
2026-05-21T22:06:42.798+05:30  INFO 8760 --- [Fraud-Management] [restartedMain] c.f.F.FraudManagementApplication         : Started FraudManagementApplication in 7.131 seconds (process running for 8.903)
2026-05-21T22:11:42.311+05:30  INFO 8760 --- [Fraud-Management] [AsyncResolver-bootstrap-executor-%d] c.n.d.s.r.aws.ConfigClusterResolver      : Resolving eureka endpoints via configuration
2026-05-21T22:16:42.329+05:30  INFO 8760 --- [Fraud-Management] [AsyncResolver-bootstrap-executor-%d] c.n.d.s.r.aws.ConfigClusterResolver      : Resolving eureka endpoints via configuration
2026-05-21T22:21:42.350+05:30  INFO 8760 --- [Fraud-Management] [AsyncResolver-bootstrap-executor-%d] c.n.d.s.r.aws.ConfigClusterResolver      : Resolving eureka endpoints via configuration
2026-05-21T22:26:42.374+05:30  INFO 8760 --- [Fraud-Management] [AsyncResolver-bootstrap-executor-%d] c.n.d.s.r.aws.ConfigClusterResolver      : Resolving eureka endpoints via configuration
2026-05-21T22:31:42.380+05:30  INFO 8760 --- [Fraud-Management] [AsyncResolver-bootstrap-executor-%d] c.n.d.s.r.aws.ConfigClusterResolver      : Resolving eureka endpoints via configuration
2026-05-21T22:36:42.393+05:30  INFO 8760 --- [Fraud-Management] [AsyncResolver-bootstrap-executor-%d] c.n.d.s.r.aws.ConfigClusterResolver      : Resolving eureka endpoints via configuration
2026-05-21T22:41:42.410+05:30  INFO 8760 --- [Fraud-Management] [AsyncResolver-bootstrap-executor-%d] c.n.d.s.r.aws.ConfigClusterResolver      : Resolving eureka endpoints via configuration
2026-05-21T22:46:42.430+05:30  INFO 8760 --- [Fraud-Management] [AsyncResolver-bootstrap-executor-%d] c.n.d.s.r.aws.ConfigClusterResolver      : Resolving eureka endpoints via configuration
2026-05-21T22:47:14.643+05:30  INFO 8760 --- [Fraud-Management] [SpringApplicationShutdownHook] o.s.c.n.e.s.EurekaServiceRegistry        : Unregistering application FRAUD-MANAGEMENT with eureka with status DOWN
2026-05-21T22:47:14.645+05:30  INFO 8760 --- [Fraud-Management] [SpringApplicationShutdownHook] com.netflix.discovery.DiscoveryClient    : Saw local status change event StatusChangeEvent [timestamp=1779383834645, current=DOWN, previous=UP]
2026-05-21T22:47:14.646+05:30  INFO 8760 --- [Fraud-Management] [DiscoveryClient-InstanceInfoReplicator-%d] com.netflix.discovery.DiscoveryClient    : DiscoveryClient_FRAUD-MANAGEMENT/192.168.1.15:Fraud-Management:8082: registering service...
2026-05-21T22:47:14.693+05:30  INFO 8760 --- [Fraud-Management] [DiscoveryClient-InstanceInfoReplicator-%d] com.netflix.discovery.DiscoveryClient    : DiscoveryClient_FRAUD-MANAGEMENT/192.168.1.15:Fraud-Management:8082 - registration status: 204
2026-05-21T22:47:14.728+05:30  INFO 8760 --- [Fraud-Management] [SpringApplicationShutdownHook] o.s.b.w.e.tomcat.GracefulShutdown        : Commencing graceful shutdown. Waiting for active requests to complete
2026-05-21T22:47:16.778+05:30  INFO 8760 --- [Fraud-Management] [tomcat-shutdown] o.s.b.w.e.tomcat.GracefulShutdown        : Graceful shutdown complete
2026-05-21T22:47:17.149+05:30  INFO 8760 --- [Fraud-Management] [SpringApplicationShutdownHook] j.LocalContainerEntityManagerFactoryBean : Closing JPA EntityManagerFactory for persistence unit 'default'
2026-05-21T22:47:17.204+05:30  INFO 8760 --- [Fraud-Management] [SpringApplicationShutdownHook] com.zaxxer.hikari.HikariDataSource       : HikariPool-1 - Shutdown initiated...
2026-05-21T22:47:17.218+05:30  INFO 8760 --- [Fraud-Management] [SpringApplicationShutdownHook] com.zaxxer.hikari.HikariDataSource       : HikariPool-1 - Shutdown completed.
2026-05-21T22:47:17.224+05:30  INFO 8760 --- [Fraud-Management] [SpringApplicationShutdownHook] com.netflix.discovery.DiscoveryClient    : Shutting down DiscoveryClient ...
2026-05-21T22:47:20.232+05:30  INFO 8760 --- [Fraud-Management] [SpringApplicationShutdownHook] com.netflix.discovery.DiscoveryClient    : Unregistering ...
2026-05-21T22:47:20.237+05:30  WARN 8760 --- [Fraud-Management] [DiscoveryClient-%d] c.netflix.discovery.TimedSupervisorTask  : task supervisor shutting down, can't accept the task
2026-05-21T22:47:20.297+05:30  INFO 8760 --- [Fraud-Management] [SpringApplicationShutdownHook] com.netflix.discovery.DiscoveryClient    : DiscoveryClient_FRAUD-MANAGEMENT/192.168.1.15:Fraud-Management:8082 - deregister  status: 200
2026-05-21T22:47:20.299+05:30  INFO 8760 --- [Fraud-Management] [SpringApplicationShutdownHook] com.netflix.discovery.DiscoveryClient    : Completed shut down of DiscoveryClient
2026-05-21T22:47:37.968+05:30  INFO 11716 --- [Fraud-Management] [restartedMain] c.f.F.FraudManagementApplication         : Starting FraudManagementApplication using Java 17.0.10 with PID 11716 (/Users/himanshudevi/Desktop/doc/BITS_study_doc/Dissertation/AI_DRIVEN_FRAUD_MONITORING_PRODUCT/Fraud-Management/target/classes started by himanshudevi in /Users/himanshudevi/Desktop/doc/BITS_study_doc/Dissertation/AI_DRIVEN_FRAUD_MONITORING_PRODUCT/Fraud-Management)
2026-05-21T22:47:37.980+05:30 DEBUG 11716 --- [Fraud-Management] [restartedMain] c.f.F.FraudManagementApplication         : Running with Spring Boot v3.4.4, Spring v6.2.5
2026-05-21T22:47:37.981+05:30  INFO 11716 --- [Fraud-Management] [restartedMain] c.f.F.FraudManagementApplication         : The following 1 profile is active: "local"
2026-05-21T22:47:38.112+05:30  INFO 11716 --- [Fraud-Management] [restartedMain] o.s.b.devtools.restart.ChangeableUrls    : The Class-Path manifest attribute in /Users/himanshudevi/.m2/repository/org/apache/kafka/kafka-clients/3.7.0/kafka-clients-3.7.0.jar referenced one or more files that do not exist: file:/Users/himanshudevi/.m2/repository/org/apache/kafka/kafka-clients/3.7.0/zstd-jni-1.5.5-6.jar,file:/Users/himanshudevi/.m2/repository/org/apache/kafka/kafka-clients/3.7.0/lz4-java-1.8.0.jar,file:/Users/himanshudevi/.m2/repository/org/apache/kafka/kafka-clients/3.7.0/snappy-java-1.1.10.5.jar,file:/Users/himanshudevi/.m2/repository/org/apache/kafka/kafka-clients/3.7.0/slf4j-api-1.7.36.jar
2026-05-21T22:47:38.114+05:30  INFO 11716 --- [Fraud-Management] [restartedMain] .e.DevToolsPropertyDefaultsPostProcessor : Devtools property defaults active! Set 'spring.devtools.add-properties' to 'false' to disable
2026-05-21T22:47:38.114+05:30  INFO 11716 --- [Fraud-Management] [restartedMain] .e.DevToolsPropertyDefaultsPostProcessor : For additional web related logging consider setting the 'logging.level.web' property to 'DEBUG'
2026-05-21T22:47:42.071+05:30  INFO 11716 --- [Fraud-Management] [restartedMain] .s.d.r.c.RepositoryConfigurationDelegate : Bootstrapping Spring Data JPA repositories in DEFAULT mode.
2026-05-21T22:47:42.440+05:30  INFO 11716 --- [Fraud-Management] [restartedMain] .s.d.r.c.RepositoryConfigurationDelegate : Finished Spring Data repository scanning in 348 ms. Found 6 JPA repository interfaces.
2026-05-21T22:47:43.002+05:30  INFO 11716 --- [Fraud-Management] [restartedMain] o.s.cloud.context.scope.GenericScope     : BeanFactory id=e20747d0-2e54-3449-808a-dad8cc159ac2
2026-05-21T22:47:44.392+05:30  INFO 11716 --- [Fraud-Management] [restartedMain] o.s.b.w.embedded.tomcat.TomcatWebServer  : Tomcat initialized with port 8082 (http)
2026-05-21T22:47:44.417+05:30  INFO 11716 --- [Fraud-Management] [restartedMain] o.apache.catalina.core.StandardService   : Starting service [Tomcat]
2026-05-21T22:47:44.418+05:30  INFO 11716 --- [Fraud-Management] [restartedMain] o.apache.catalina.core.StandardEngine    : Starting Servlet engine: [Apache Tomcat/10.1.39]
2026-05-21T22:47:44.533+05:30  INFO 11716 --- [Fraud-Management] [restartedMain] o.a.c.c.C.[Tomcat].[localhost].[/]       : Initializing Spring embedded WebApplicationContext
2026-05-21T22:47:44.533+05:30  INFO 11716 --- [Fraud-Management] [restartedMain] w.s.c.ServletWebServerApplicationContext : Root WebApplicationContext: initialization completed in 6417 ms
2026-05-21T22:47:46.153+05:30  INFO 11716 --- [Fraud-Management] [restartedMain] o.hibernate.jpa.internal.util.LogHelper  : HHH000204: Processing PersistenceUnitInfo [name: default]
2026-05-21T22:47:46.247+05:30  INFO 11716 --- [Fraud-Management] [restartedMain] org.hibernate.Version                    : HHH000412: Hibernate ORM core version 6.4.4.Final
2026-05-21T22:47:46.297+05:30  INFO 11716 --- [Fraud-Management] [restartedMain] o.h.c.internal.RegionFactoryInitiator    : HHH000026: Second-level cache disabled
2026-05-21T22:47:46.655+05:30  INFO 11716 --- [Fraud-Management] [restartedMain] o.s.o.j.p.SpringPersistenceUnitInfo      : No LoadTimeWeaver setup: ignoring JPA class transformer
2026-05-21T22:47:46.698+05:30  INFO 11716 --- [Fraud-Management] [restartedMain] com.zaxxer.hikari.HikariDataSource       : HikariPool-1 - Starting...
2026-05-21T22:47:46.896+05:30  INFO 11716 --- [Fraud-Management] [restartedMain] com.zaxxer.hikari.pool.HikariPool        : HikariPool-1 - Added connection org.postgresql.jdbc.PgConnection@3b482e5f
2026-05-21T22:47:46.899+05:30  INFO 11716 --- [Fraud-Management] [restartedMain] com.zaxxer.hikari.HikariDataSource       : HikariPool-1 - Start completed.
2026-05-21T22:47:46.957+05:30  WARN 11716 --- [Fraud-Management] [restartedMain] org.hibernate.orm.deprecation            : HHH90000025: PostgreSQLDialect does not need to be specified explicitly using 'hibernate.dialect' (remove the property setting and it will be selected by default)
2026-05-21T22:47:48.303+05:30  INFO 11716 --- [Fraud-Management] [restartedMain] o.h.m.i.EntityInstantiatorPojoStandard   : HHH000182: No default (no-argument) constructor for class: com.fraud_detection.Fraud_Management.entity.Transaction (class must be instantiated by Interceptor)
2026-05-21T22:47:48.677+05:30  INFO 11716 --- [Fraud-Management] [restartedMain] o.h.e.t.j.p.i.JtaPlatformInitiator       : HHH000489: No JTA platform available (set 'hibernate.transaction.jta.platform' to enable JTA platform integration)
2026-05-21T22:47:48.786+05:30  INFO 11716 --- [Fraud-Management] [restartedMain] j.LocalContainerEntityManagerFactoryBean : Initialized JPA EntityManagerFactory for persistence unit 'default'
2026-05-21T22:47:50.205+05:30  WARN 11716 --- [Fraud-Management] [restartedMain] JpaBaseConfiguration$JpaWebConfiguration : spring.jpa.open-in-view is enabled by default. Therefore, database queries may be performed during view rendering. Explicitly configure spring.jpa.open-in-view to disable this warning
2026-05-21T22:47:51.615+05:30  INFO 11716 --- [Fraud-Management] [restartedMain] o.s.b.d.a.OptionalLiveReloadServer       : LiveReload server is running on port 35729
2026-05-21T22:47:51.673+05:30  INFO 11716 --- [Fraud-Management] [restartedMain] DiscoveryClientOptionalArgsConfiguration : Eureka HTTP Client uses RestTemplate.
2026-05-21T22:47:51.764+05:30  WARN 11716 --- [Fraud-Management] [restartedMain] iguration$LoadBalancerCaffeineWarnLogger : Spring Cloud LoadBalancer is currently working with the default cache. While this cache implementation is useful for development and tests, it's recommended to use Caffeine cache in production.You can switch to using Caffeine cache, by adding it and org.springframework.cache.caffeine.CaffeineCacheManager to the classpath.
2026-05-21T22:47:51.776+05:30  INFO 11716 --- [Fraud-Management] [restartedMain] o.s.b.a.e.web.EndpointLinksResolver      : Exposing 1 endpoint beneath base path '/actuator'
2026-05-21T22:47:51.892+05:30  INFO 11716 --- [Fraud-Management] [restartedMain] o.s.c.n.eureka.InstanceInfoFactory       : Setting initial instance status as: STARTING
2026-05-21T22:47:51.920+05:30  INFO 11716 --- [Fraud-Management] [restartedMain] com.netflix.discovery.DiscoveryClient    : Initializing Eureka in region us-east-1
2026-05-21T22:47:51.924+05:30  INFO 11716 --- [Fraud-Management] [restartedMain] c.n.d.s.r.aws.ConfigClusterResolver      : Resolving eureka endpoints via configuration
2026-05-21T22:47:51.933+05:30  INFO 11716 --- [Fraud-Management] [restartedMain] com.netflix.discovery.DiscoveryClient    : Disable delta property : false
2026-05-21T22:47:51.933+05:30  INFO 11716 --- [Fraud-Management] [restartedMain] com.netflix.discovery.DiscoveryClient    : Single vip registry refresh property : null
2026-05-21T22:47:51.933+05:30  INFO 11716 --- [Fraud-Management] [restartedMain] com.netflix.discovery.DiscoveryClient    : Force full registry fetch : false
2026-05-21T22:47:51.933+05:30  INFO 11716 --- [Fraud-Management] [restartedMain] com.netflix.discovery.DiscoveryClient    : Application is null : false
2026-05-21T22:47:51.933+05:30  INFO 11716 --- [Fraud-Management] [restartedMain] com.netflix.discovery.DiscoveryClient    : Registered Applications size is zero : true
2026-05-21T22:47:51.933+05:30  INFO 11716 --- [Fraud-Management] [restartedMain] com.netflix.discovery.DiscoveryClient    : Application version is -1: true
2026-05-21T22:47:51.934+05:30  INFO 11716 --- [Fraud-Management] [restartedMain] com.netflix.discovery.DiscoveryClient    : Getting all instance registry info from the eureka server
2026-05-21T22:47:52.385+05:30  INFO 11716 --- [Fraud-Management] [restartedMain] com.netflix.discovery.DiscoveryClient    : The response status is 200
2026-05-21T22:47:52.387+05:30  INFO 11716 --- [Fraud-Management] [restartedMain] com.netflix.discovery.DiscoveryClient    : Starting heartbeat executor: renew interval is: 30
2026-05-21T22:47:52.390+05:30  INFO 11716 --- [Fraud-Management] [restartedMain] c.n.discovery.InstanceInfoReplicator     : InstanceInfoReplicator onDemand update allowed rate per min is 4
2026-05-21T22:47:52.400+05:30  INFO 11716 --- [Fraud-Management] [restartedMain] com.netflix.discovery.DiscoveryClient    : Discovery Client initialized at timestamp 1779383872398 with initial instances count: 5
2026-05-21T22:47:52.417+05:30  INFO 11716 --- [Fraud-Management] [restartedMain] o.s.c.n.e.s.EurekaServiceRegistry        : Registering application FRAUD-MANAGEMENT with eureka with status UP
2026-05-21T22:47:52.418+05:30  INFO 11716 --- [Fraud-Management] [restartedMain] com.netflix.discovery.DiscoveryClient    : Saw local status change event StatusChangeEvent [timestamp=1779383872418, current=UP, previous=STARTING]
2026-05-21T22:47:52.420+05:30  INFO 11716 --- [Fraud-Management] [DiscoveryClient-InstanceInfoReplicator-%d] com.netflix.discovery.DiscoveryClient    : DiscoveryClient_FRAUD-MANAGEMENT/192.168.1.15:Fraud-Management:8082: registering service...
2026-05-21T22:47:52.441+05:30  INFO 11716 --- [Fraud-Management] [restartedMain] o.s.b.w.embedded.tomcat.TomcatWebServer  : Tomcat started on port 8082 (http) with context path '/'
2026-05-21T22:47:52.443+05:30  INFO 11716 --- [Fraud-Management] [restartedMain] .s.c.n.e.s.EurekaAutoServiceRegistration : Updating port to 8082
2026-05-21T22:47:52.504+05:30  INFO 11716 --- [Fraud-Management] [restartedMain] c.f.F.FraudManagementApplication         : Started FraudManagementApplication in 15.573 seconds (process running for 17.159)
2026-05-21T22:47:52.504+05:30  INFO 11716 --- [Fraud-Management] [DiscoveryClient-InstanceInfoReplicator-%d] com.netflix.discovery.DiscoveryClient    : DiscoveryClient_FRAUD-MANAGEMENT/192.168.1.15:Fraud-Management:8082 - registration status: 204
2026-05-21T22:48:30.320+05:30  INFO 11716 --- [Fraud-Management] [http-nio-8082-exec-1] o.a.c.c.C.[Tomcat].[localhost].[/]       : Initializing Spring DispatcherServlet 'dispatcherServlet'
2026-05-21T22:48:30.321+05:30  INFO 11716 --- [Fraud-Management] [http-nio-8082-exec-1] o.s.web.servlet.DispatcherServlet        : Initializing Servlet 'dispatcherServlet'
2026-05-21T22:48:30.328+05:30  INFO 11716 --- [Fraud-Management] [http-nio-8082-exec-1] o.s.web.servlet.DispatcherServlet        : Completed initialization in 7 ms
2026-05-21T22:52:51.957+05:30  INFO 11716 --- [Fraud-Management] [AsyncResolver-bootstrap-executor-%d] c.n.d.s.r.aws.ConfigClusterResolver      : Resolving eureka endpoints via configuration
2026-05-21T22:57:51.979+05:30  INFO 11716 --- [Fraud-Management] [AsyncResolver-bootstrap-executor-%d] c.n.d.s.r.aws.ConfigClusterResolver      : Resolving eureka endpoints via configuration
2026-05-21T23:02:51.991+05:30  INFO 11716 --- [Fraud-Management] [AsyncResolver-bootstrap-executor-%d] c.n.d.s.r.aws.ConfigClusterResolver      : Resolving eureka endpoints via configuration
2026-05-21T23:07:51.998+05:30  INFO 11716 --- [Fraud-Management] [AsyncResolver-bootstrap-executor-%d] c.n.d.s.r.aws.ConfigClusterResolver      : Resolving eureka endpoints via configuration
2026-05-21T23:12:52.008+05:30  INFO 11716 --- [Fraud-Management] [AsyncResolver-bootstrap-executor-%d] c.n.d.s.r.aws.ConfigClusterResolver      : Resolving eureka endpoints via configuration
2026-05-21T23:17:52.013+05:30  INFO 11716 --- [Fraud-Management] [AsyncResolver-bootstrap-executor-%d] c.n.d.s.r.aws.ConfigClusterResolver      : Resolving eureka endpoints via configuration
2026-05-21T23:22:52.035+05:30  INFO 11716 --- [Fraud-Management] [AsyncResolver-bootstrap-executor-%d] c.n.d.s.r.aws.ConfigClusterResolver      : Resolving eureka endpoints via configuration
2026-05-21T23:25:02.300+05:30  INFO 11716 --- [Fraud-Management] [SpringApplicationShutdownHook] o.s.c.n.e.s.EurekaServiceRegistry        : Unregistering application FRAUD-MANAGEMENT with eureka with status DOWN
2026-05-21T23:25:02.303+05:30  INFO 11716 --- [Fraud-Management] [SpringApplicationShutdownHook] com.netflix.discovery.DiscoveryClient    : Saw local status change event StatusChangeEvent [timestamp=1779386102303, current=DOWN, previous=UP]
2026-05-21T23:25:02.304+05:30  INFO 11716 --- [Fraud-Management] [DiscoveryClient-InstanceInfoReplicator-%d] com.netflix.discovery.DiscoveryClient    : DiscoveryClient_FRAUD-MANAGEMENT/192.168.1.15:Fraud-Management:8082: registering service...
2026-05-21T23:25:02.329+05:30  INFO 11716 --- [Fraud-Management] [SpringApplicationShutdownHook] o.s.b.w.e.tomcat.GracefulShutdown        : Commencing graceful shutdown. Waiting for active requests to complete
2026-05-21T23:25:02.346+05:30  INFO 11716 --- [Fraud-Management] [DiscoveryClient-InstanceInfoReplicator-%d] com.netflix.discovery.DiscoveryClient    : DiscoveryClient_FRAUD-MANAGEMENT/192.168.1.15:Fraud-Management:8082 - registration status: 204
2026-05-21T23:25:04.344+05:30  INFO 11716 --- [Fraud-Management] [tomcat-shutdown] o.s.b.w.e.tomcat.GracefulShutdown        : Graceful shutdown complete
2026-05-21T23:25:04.592+05:30  INFO 11716 --- [Fraud-Management] [SpringApplicationShutdownHook] j.LocalContainerEntityManagerFactoryBean : Closing JPA EntityManagerFactory for persistence unit 'default'
2026-05-21T23:25:04.601+05:30  INFO 11716 --- [Fraud-Management] [SpringApplicationShutdownHook] com.zaxxer.hikari.HikariDataSource       : HikariPool-1 - Shutdown initiated...
2026-05-21T23:25:04.604+05:30  INFO 11716 --- [Fraud-Management] [SpringApplicationShutdownHook] com.zaxxer.hikari.HikariDataSource       : HikariPool-1 - Shutdown completed.
2026-05-21T23:25:04.606+05:30  INFO 11716 --- [Fraud-Management] [SpringApplicationShutdownHook] com.netflix.discovery.DiscoveryClient    : Shutting down DiscoveryClient ...
2026-05-21T23:25:07.613+05:30  INFO 11716 --- [Fraud-Management] [SpringApplicationShutdownHook] com.netflix.discovery.DiscoveryClient    : Unregistering ...
2026-05-21T23:25:07.629+05:30  INFO 11716 --- [Fraud-Management] [SpringApplicationShutdownHook] o.a.h.c.h.i.c.HttpRequestRetryExec       : Recoverable I/O exception (org.apache.hc.core5.http.NoHttpResponseException) caught when processing request to {}->[http://localhost:8761]
2026-05-21T23:25:07.649+05:30  INFO 11716 --- [Fraud-Management] [SpringApplicationShutdownHook] c.n.d.s.t.d.RedirectingEurekaHttpClient  : Request execution error. endpoint=DefaultEndpoint{ serviceUrl='http://localhost:8761/eureka/} exception=I/O error on DELETE request for "http://localhost:8761/eureka/apps/FRAUD-MANAGEMENT/192.168.1.15:Fraud-Management:8082": localhost:8761 failed to respond stacktrace=org.springframework.web.client.ResourceAccessException: I/O error on DELETE request for "http://localhost:8761/eureka/apps/FRAUD-MANAGEMENT/192.168.1.15:Fraud-Management:8082": localhost:8761 failed to respond
	at org.springframework.web.client.RestTemplate.createResourceAccessException(RestTemplate.java:926)
	at org.springframework.web.client.RestTemplate.doExecute(RestTemplate.java:906)
	at org.springframework.web.client.RestTemplate.execute(RestTemplate.java:841)
	at org.springframework.web.client.RestTemplate.exchange(RestTemplate.java:702)
	at org.springframework.cloud.netflix.eureka.http.RestTemplateEurekaHttpClient.cancel(RestTemplateEurekaHttpClient.java:100)
	at com.netflix.discovery.shared.transport.decorator.EurekaHttpClientDecorator$2.execute(EurekaHttpClientDecorator.java:74)
	at com.netflix.discovery.shared.transport.decorator.RedirectingEurekaHttpClient.execute(RedirectingEurekaHttpClient.java:91)
	at com.netflix.discovery.shared.transport.decorator.EurekaHttpClientDecorator.cancel(EurekaHttpClientDecorator.java:71)
	at com.netflix.discovery.shared.transport.decorator.EurekaHttpClientDecorator$2.execute(EurekaHttpClientDecorator.java:74)
	at com.netflix.discovery.shared.transport.decorator.RetryableEurekaHttpClient.execute(RetryableEurekaHttpClient.java:120)
	at com.netflix.discovery.shared.transport.decorator.EurekaHttpClientDecorator.cancel(EurekaHttpClientDecorator.java:71)
	at com.netflix.discovery.shared.transport.decorator.EurekaHttpClientDecorator$2.execute(EurekaHttpClientDecorator.java:74)
	at com.netflix.discovery.shared.transport.decorator.SessionedEurekaHttpClient.execute(SessionedEurekaHttpClient.java:76)
	at com.netflix.discovery.shared.transport.decorator.EurekaHttpClientDecorator.cancel(EurekaHttpClientDecorator.java:71)
	at com.netflix.discovery.DiscoveryClient.unregister(DiscoveryClient.java:919)
	at com.netflix.discovery.DiscoveryClient.shutdown(DiscoveryClient.java:900)
	at java.base/jdk.internal.reflect.NativeMethodAccessorImpl.invoke0(Native Method)
	at java.base/jdk.internal.reflect.NativeMethodAccessorImpl.invoke(NativeMethodAccessorImpl.java:77)
	at java.base/jdk.internal.reflect.DelegatingMethodAccessorImpl.invoke(DelegatingMethodAccessorImpl.java:43)
	at java.base/java.lang.reflect.Method.invoke(Method.java:568)
	at org.springframework.beans.factory.annotation.InitDestroyAnnotationBeanPostProcessor$LifecycleMethod.invoke(InitDestroyAnnotationBeanPostProcessor.java:457)
	at org.springframework.beans.factory.annotation.InitDestroyAnnotationBeanPostProcessor$LifecycleMetadata.invokeDestroyMethods(InitDestroyAnnotationBeanPostProcessor.java:415)
	at org.springframework.beans.factory.annotation.InitDestroyAnnotationBeanPostProcessor.postProcessBeforeDestruction(InitDestroyAnnotationBeanPostProcessor.java:239)
	at org.springframework.beans.factory.support.DisposableBeanAdapter.destroy(DisposableBeanAdapter.java:202)
	at org.springframework.beans.factory.support.DisposableBeanAdapter.run(DisposableBeanAdapter.java:195)
	at org.springframework.cloud.context.scope.GenericScope$BeanLifecycleWrapper.destroy(GenericScope.java:389)
	at org.springframework.cloud.context.scope.GenericScope.destroy(GenericScope.java:136)
	at org.springframework.beans.factory.support.DisposableBeanAdapter.destroy(DisposableBeanAdapter.java:211)
	at org.springframework.beans.factory.support.DefaultSingletonBeanRegistry.destroyBean(DefaultSingletonBeanRegistry.java:745)
	at org.springframework.beans.factory.support.DefaultSingletonBeanRegistry.destroySingleton(DefaultSingletonBeanRegistry.java:702)
	at org.springframework.beans.factory.support.DefaultListableBeanFactory.destroySingleton(DefaultListableBeanFactory.java:1401)
	at org.springframework.beans.factory.support.DefaultSingletonBeanRegistry.destroySingletons(DefaultSingletonBeanRegistry.java:661)
	at org.springframework.beans.factory.support.DefaultListableBeanFactory.destroySingletons(DefaultListableBeanFactory.java:1394)
	at org.springframework.context.support.AbstractApplicationContext.destroyBeans(AbstractApplicationContext.java:1219)
	at org.springframework.context.support.AbstractApplicationContext.doClose(AbstractApplicationContext.java:1180)
	at org.springframework.boot.web.servlet.context.ServletWebServerApplicationContext.doClose(ServletWebServerApplicationContext.java:179)
	at org.springframework.context.support.AbstractApplicationContext.close(AbstractApplicationContext.java:1126)
	at org.springframework.boot.SpringApplicationShutdownHook.closeAndWait(SpringApplicationShutdownHook.java:147)
	at java.base/java.lang.Iterable.forEach(Iterable.java:75)
	at org.springframework.boot.SpringApplicationShutdownHook.run(SpringApplicationShutdownHook.java:116)
	at java.base/java.lang.Thread.run(Thread.java:840)
Caused by: org.apache.hc.core5.http.NoHttpResponseException: localhost:8761 failed to respond
	at org.apache.hc.core5.http.impl.io.DefaultBHttpClientConnection.receiveResponseHeader(DefaultBHttpClientConnection.java:333)
	at org.apache.hc.core5.http.impl.io.HttpRequestExecutor.execute(HttpRequestExecutor.java:196)
	at org.apache.hc.client5.http.impl.classic.InternalExecRuntime.lambda$execute$0(InternalExecRuntime.java:236)
	at org.apache.hc.client5.http.impl.io.PoolingHttpClientConnectionManager$InternalConnectionEndpoint.execute(PoolingHttpClientConnectionManager.java:791)
	at org.apache.hc.client5.http.impl.classic.InternalExecRuntime.execute(InternalExecRuntime.java:233)
	at org.apache.hc.client5.http.impl.classic.MainClientExec.execute(MainClientExec.java:120)
	at org.apache.hc.client5.http.impl.classic.ExecChainElement.execute(ExecChainElement.java:51)
	at org.apache.hc.client5.http.impl.classic.ConnectExec.execute(ConnectExec.java:198)
	at org.apache.hc.client5.http.impl.classic.ExecChainElement.execute(ExecChainElement.java:51)
	at org.apache.hc.client5.http.impl.classic.ProtocolExec.execute(ProtocolExec.java:192)
	at org.apache.hc.client5.http.impl.classic.ExecChainElement.execute(ExecChainElement.java:51)
	at org.apache.hc.client5.http.impl.classic.ContentCompressionExec.execute(ContentCompressionExec.java:150)
	at org.apache.hc.client5.http.impl.classic.ExecChainElement.execute(ExecChainElement.java:51)
	at org.apache.hc.client5.http.impl.classic.HttpRequestRetryExec.execute(HttpRequestRetryExec.java:113)
	at org.apache.hc.client5.http.impl.classic.ExecChainElement.execute(ExecChainElement.java:51)
	at org.apache.hc.client5.http.impl.classic.RedirectExec.execute(RedirectExec.java:110)
	at org.apache.hc.client5.http.impl.classic.ExecChainElement.execute(ExecChainElement.java:51)
	at org.apache.hc.client5.http.impl.classic.InternalHttpClient.doExecute(InternalHttpClient.java:174)
	at org.apache.hc.client5.http.impl.classic.CloseableHttpClient.execute(CloseableHttpClient.java:87)
	at org.apache.hc.client5.http.impl.classic.CloseableHttpClient.execute(CloseableHttpClient.java:55)
	at org.apache.hc.client5.http.classic.HttpClient.executeOpen(HttpClient.java:183)
	at org.springframework.http.client.HttpComponentsClientHttpRequest.executeInternal(HttpComponentsClientHttpRequest.java:99)
	at org.springframework.http.client.AbstractStreamingClientHttpRequest.executeInternal(AbstractStreamingClientHttpRequest.java:71)
	at org.springframework.http.client.AbstractClientHttpRequest.execute(AbstractClientHttpRequest.java:81)
	at org.springframework.http.client.InterceptingClientHttpRequest$InterceptingRequestExecution.execute(InterceptingClientHttpRequest.java:117)
	at org.springframework.cloud.netflix.eureka.http.RestTemplateTransportClientFactory.lambda$restTemplate$2(RestTemplateTransportClientFactory.java:145)
	at org.springframework.http.client.InterceptingClientHttpRequest$InterceptingRequestExecution.execute(InterceptingClientHttpRequest.java:88)
	at org.springframework.http.client.InterceptingClientHttpRequest.executeInternal(InterceptingClientHttpRequest.java:72)
	at org.springframework.http.client.AbstractBufferingClientHttpRequest.executeInternal(AbstractBufferingClientHttpRequest.java:48)
	at org.springframework.http.client.AbstractClientHttpRequest.execute(AbstractClientHttpRequest.java:81)
	at org.springframework.web.client.RestTemplate.doExecute(RestTemplate.java:900)
	... 39 more

2026-05-21T23:25:07.649+05:30  WARN 11716 --- [Fraud-Management] [SpringApplicationShutdownHook] c.n.d.s.t.d.RetryableEurekaHttpClient    : Request execution failed with message: I/O error on DELETE request for "http://localhost:8761/eureka/apps/FRAUD-MANAGEMENT/192.168.1.15:Fraud-Management:8082": localhost:8761 failed to respond
2026-05-21T23:25:07.674+05:30  INFO 11716 --- [Fraud-Management] [SpringApplicationShutdownHook] c.n.d.s.t.d.RedirectingEurekaHttpClient  : Request execution error. endpoint=DefaultEndpoint{ serviceUrl='http://localhost:8761/eureka/}, exception=I/O error on DELETE request for "http://localhost:8761/eureka/apps/FRAUD-MANAGEMENT/192.168.1.15:Fraud-Management:8082": Connect to http://localhost:8761 [localhost/127.0.0.1, localhost/0:0:0:0:0:0:0:1] failed: Connection refused stacktrace=org.springframework.web.client.ResourceAccessException: I/O error on DELETE request for "http://localhost:8761/eureka/apps/FRAUD-MANAGEMENT/192.168.1.15:Fraud-Management:8082": Connect to http://localhost:8761 [localhost/127.0.0.1, localhost/0:0:0:0:0:0:0:1] failed: Connection refused
	at org.springframework.web.client.RestTemplate.createResourceAccessException(RestTemplate.java:926)
	at org.springframework.web.client.RestTemplate.doExecute(RestTemplate.java:906)
	at org.springframework.web.client.RestTemplate.execute(RestTemplate.java:841)
	at org.springframework.web.client.RestTemplate.exchange(RestTemplate.java:702)
	at org.springframework.cloud.netflix.eureka.http.RestTemplateEurekaHttpClient.cancel(RestTemplateEurekaHttpClient.java:100)
	at com.netflix.discovery.shared.transport.decorator.EurekaHttpClientDecorator$2.execute(EurekaHttpClientDecorator.java:74)
	at com.netflix.discovery.shared.transport.decorator.RedirectingEurekaHttpClient.executeOnNewServer(RedirectingEurekaHttpClient.java:121)
	at com.netflix.discovery.shared.transport.decorator.RedirectingEurekaHttpClient.execute(RedirectingEurekaHttpClient.java:80)
	at com.netflix.discovery.shared.transport.decorator.EurekaHttpClientDecorator.cancel(EurekaHttpClientDecorator.java:71)
	at com.netflix.discovery.shared.transport.decorator.EurekaHttpClientDecorator$2.execute(EurekaHttpClientDecorator.java:74)
	at com.netflix.discovery.shared.transport.decorator.RetryableEurekaHttpClient.execute(RetryableEurekaHttpClient.java:120)
	at com.netflix.discovery.shared.transport.decorator.EurekaHttpClientDecorator.cancel(EurekaHttpClientDecorator.java:71)
	at com.netflix.discovery.shared.transport.decorator.EurekaHttpClientDecorator$2.execute(EurekaHttpClientDecorator.java:74)
	at com.netflix.discovery.shared.transport.decorator.SessionedEurekaHttpClient.execute(SessionedEurekaHttpClient.java:76)
	at com.netflix.discovery.shared.transport.decorator.EurekaHttpClientDecorator.cancel(EurekaHttpClientDecorator.java:71)
	at com.netflix.discovery.DiscoveryClient.unregister(DiscoveryClient.java:919)
	at com.netflix.discovery.DiscoveryClient.shutdown(DiscoveryClient.java:900)
	at java.base/jdk.internal.reflect.NativeMethodAccessorImpl.invoke0(Native Method)
	at java.base/jdk.internal.reflect.NativeMethodAccessorImpl.invoke(NativeMethodAccessorImpl.java:77)
	at java.base/jdk.internal.reflect.DelegatingMethodAccessorImpl.invoke(DelegatingMethodAccessorImpl.java:43)
	at java.base/java.lang.reflect.Method.invoke(Method.java:568)
	at org.springframework.beans.factory.annotation.InitDestroyAnnotationBeanPostProcessor$LifecycleMethod.invoke(InitDestroyAnnotationBeanPostProcessor.java:457)
	at org.springframework.beans.factory.annotation.InitDestroyAnnotationBeanPostProcessor$LifecycleMetadata.invokeDestroyMethods(InitDestroyAnnotationBeanPostProcessor.java:415)
	at org.springframework.beans.factory.annotation.InitDestroyAnnotationBeanPostProcessor.postProcessBeforeDestruction(InitDestroyAnnotationBeanPostProcessor.java:239)
	at org.springframework.beans.factory.support.DisposableBeanAdapter.destroy(DisposableBeanAdapter.java:202)
	at org.springframework.beans.factory.support.DisposableBeanAdapter.run(DisposableBeanAdapter.java:195)
	at org.springframework.cloud.context.scope.GenericScope$BeanLifecycleWrapper.destroy(GenericScope.java:389)
	at org.springframework.cloud.context.scope.GenericScope.destroy(GenericScope.java:136)
	at org.springframework.beans.factory.support.DisposableBeanAdapter.destroy(DisposableBeanAdapter.java:211)
	at org.springframework.beans.factory.support.DefaultSingletonBeanRegistry.destroyBean(DefaultSingletonBeanRegistry.java:745)
	at org.springframework.beans.factory.support.DefaultSingletonBeanRegistry.destroySingleton(DefaultSingletonBeanRegistry.java:702)
	at org.springframework.beans.factory.support.DefaultListableBeanFactory.destroySingleton(DefaultListableBeanFactory.java:1401)
	at org.springframework.beans.factory.support.DefaultSingletonBeanRegistry.destroySingletons(DefaultSingletonBeanRegistry.java:661)
	at org.springframework.beans.factory.support.DefaultListableBeanFactory.destroySingletons(DefaultListableBeanFactory.java:1394)
	at org.springframework.context.support.AbstractApplicationContext.destroyBeans(AbstractApplicationContext.java:1219)
	at org.springframework.context.support.AbstractApplicationContext.doClose(AbstractApplicationContext.java:1180)
	at org.springframework.boot.web.servlet.context.ServletWebServerApplicationContext.doClose(ServletWebServerApplicationContext.java:179)
	at org.springframework.context.support.AbstractApplicationContext.close(AbstractApplicationContext.java:1126)
	at org.springframework.boot.SpringApplicationShutdownHook.closeAndWait(SpringApplicationShutdownHook.java:147)
	at java.base/java.lang.Iterable.forEach(Iterable.java:75)
	at org.springframework.boot.SpringApplicationShutdownHook.run(SpringApplicationShutdownHook.java:116)
	at java.base/java.lang.Thread.run(Thread.java:840)
Caused by: org.apache.hc.client5.http.HttpHostConnectException: Connect to http://localhost:8761 [localhost/127.0.0.1, localhost/0:0:0:0:0:0:0:1] failed: Connection refused
	at java.base/sun.nio.ch.Net.pollConnect(Native Method)
	at java.base/sun.nio.ch.Net.pollConnectNow(Net.java:672)
	at java.base/sun.nio.ch.NioSocketImpl.timedFinishConnect(NioSocketImpl.java:554)
	at java.base/sun.nio.ch.NioSocketImpl.connect(NioSocketImpl.java:602)
	at java.base/java.net.SocksSocketImpl.connect(SocksSocketImpl.java:327)
	at java.base/java.net.Socket.connect(Socket.java:633)
	at org.apache.hc.client5.http.impl.io.DefaultHttpClientConnectionOperator.connect(DefaultHttpClientConnectionOperator.java:216)
	at org.apache.hc.client5.http.impl.io.PoolingHttpClientConnectionManager.connect(PoolingHttpClientConnectionManager.java:490)
	at org.apache.hc.client5.http.impl.classic.InternalExecRuntime.connectEndpoint(InternalExecRuntime.java:164)
	at org.apache.hc.client5.http.impl.classic.InternalExecRuntime.connectEndpoint(InternalExecRuntime.java:174)
	at org.apache.hc.client5.http.impl.classic.ConnectExec.execute(ConnectExec.java:144)
	at org.apache.hc.client5.http.impl.classic.ExecChainElement.execute(ExecChainElement.java:51)
	at org.apache.hc.client5.http.impl.classic.ProtocolExec.execute(ProtocolExec.java:192)
	at org.apache.hc.client5.http.impl.classic.ExecChainElement.execute(ExecChainElement.java:51)
	at org.apache.hc.client5.http.impl.classic.ContentCompressionExec.execute(ContentCompressionExec.java:150)
	at org.apache.hc.client5.http.impl.classic.ExecChainElement.execute(ExecChainElement.java:51)
	at org.apache.hc.client5.http.impl.classic.HttpRequestRetryExec.execute(HttpRequestRetryExec.java:113)
	at org.apache.hc.client5.http.impl.classic.ExecChainElement.execute(ExecChainElement.java:51)
	at org.apache.hc.client5.http.impl.classic.RedirectExec.execute(RedirectExec.java:110)
	at org.apache.hc.client5.http.impl.classic.ExecChainElement.execute(ExecChainElement.java:51)
	at org.apache.hc.client5.http.impl.classic.InternalHttpClient.doExecute(InternalHttpClient.java:174)
	at org.apache.hc.client5.http.impl.classic.CloseableHttpClient.execute(CloseableHttpClient.java:87)
	at org.apache.hc.client5.http.impl.classic.CloseableHttpClient.execute(CloseableHttpClient.java:55)
	at org.apache.hc.client5.http.classic.HttpClient.executeOpen(HttpClient.java:183)
	at org.springframework.http.client.HttpComponentsClientHttpRequest.executeInternal(HttpComponentsClientHttpRequest.java:99)
	at org.springframework.http.client.AbstractStreamingClientHttpRequest.executeInternal(AbstractStreamingClientHttpRequest.java:71)
	at org.springframework.http.client.AbstractClientHttpRequest.execute(AbstractClientHttpRequest.java:81)
	at org.springframework.http.client.InterceptingClientHttpRequest$InterceptingRequestExecution.execute(InterceptingClientHttpRequest.java:117)
	at org.springframework.cloud.netflix.eureka.http.RestTemplateTransportClientFactory.lambda$restTemplate$2(RestTemplateTransportClientFactory.java:145)
	at org.springframework.http.client.InterceptingClientHttpRequest$InterceptingRequestExecution.execute(InterceptingClientHttpRequest.java:88)
	at org.springframework.http.client.InterceptingClientHttpRequest.executeInternal(InterceptingClientHttpRequest.java:72)
	at org.springframework.http.client.AbstractBufferingClientHttpRequest.executeInternal(AbstractBufferingClientHttpRequest.java:48)
	at org.springframework.http.client.AbstractClientHttpRequest.execute(AbstractClientHttpRequest.java:81)
	at org.springframework.web.client.RestTemplate.doExecute(RestTemplate.java:900)
	... 40 more

2026-05-21T23:25:07.675+05:30  WARN 11716 --- [Fraud-Management] [SpringApplicationShutdownHook] c.n.d.s.t.d.RetryableEurekaHttpClient    : Request execution failed with message: I/O error on DELETE request for "http://localhost:8761/eureka/apps/FRAUD-MANAGEMENT/192.168.1.15:Fraud-Management:8082": Connect to http://localhost:8761 [localhost/127.0.0.1, localhost/0:0:0:0:0:0:0:1] failed: Connection refused
2026-05-21T23:25:07.675+05:30 ERROR 11716 --- [Fraud-Management] [SpringApplicationShutdownHook] com.netflix.discovery.DiscoveryClient    : DiscoveryClient_FRAUD-MANAGEMENT/192.168.1.15:Fraud-Management:8082 - de-registration failedCannot execute request on any known server

com.netflix.discovery.shared.transport.TransportException: Cannot execute request on any known server
	at com.netflix.discovery.shared.transport.decorator.RetryableEurekaHttpClient.execute(RetryableEurekaHttpClient.java:112) ~[eureka-client-2.0.4.jar:2.0.4]
	at com.netflix.discovery.shared.transport.decorator.EurekaHttpClientDecorator.cancel(EurekaHttpClientDecorator.java:71) ~[eureka-client-2.0.4.jar:2.0.4]
	at com.netflix.discovery.shared.transport.decorator.EurekaHttpClientDecorator$2.execute(EurekaHttpClientDecorator.java:74) ~[eureka-client-2.0.4.jar:2.0.4]
	at com.netflix.discovery.shared.transport.decorator.SessionedEurekaHttpClient.execute(SessionedEurekaHttpClient.java:76) ~[eureka-client-2.0.4.jar:2.0.4]
	at com.netflix.discovery.shared.transport.decorator.EurekaHttpClientDecorator.cancel(EurekaHttpClientDecorator.java:71) ~[eureka-client-2.0.4.jar:2.0.4]
	at com.netflix.discovery.DiscoveryClient.unregister(DiscoveryClient.java:919) ~[eureka-client-2.0.4.jar:2.0.4]
	at com.netflix.discovery.DiscoveryClient.shutdown(DiscoveryClient.java:900) ~[eureka-client-2.0.4.jar:2.0.4]
	at java.base/jdk.internal.reflect.NativeMethodAccessorImpl.invoke0(Native Method) ~[na:na]
	at java.base/jdk.internal.reflect.NativeMethodAccessorImpl.invoke(NativeMethodAccessorImpl.java:77) ~[na:na]
	at java.base/jdk.internal.reflect.DelegatingMethodAccessorImpl.invoke(DelegatingMethodAccessorImpl.java:43) ~[na:na]
	at java.base/java.lang.reflect.Method.invoke(Method.java:568) ~[na:na]
	at org.springframework.beans.factory.annotation.InitDestroyAnnotationBeanPostProcessor$LifecycleMethod.invoke(InitDestroyAnnotationBeanPostProcessor.java:457) ~[spring-beans-6.2.5.jar:6.2.5]
	at org.springframework.beans.factory.annotation.InitDestroyAnnotationBeanPostProcessor$LifecycleMetadata.invokeDestroyMethods(InitDestroyAnnotationBeanPostProcessor.java:415) ~[spring-beans-6.2.5.jar:6.2.5]
	at org.springframework.beans.factory.annotation.InitDestroyAnnotationBeanPostProcessor.postProcessBeforeDestruction(InitDestroyAnnotationBeanPostProcessor.java:239) ~[spring-beans-6.2.5.jar:6.2.5]
	at org.springframework.beans.factory.support.DisposableBeanAdapter.destroy(DisposableBeanAdapter.java:202) ~[spring-beans-6.2.5.jar:6.2.5]
	at org.springframework.beans.factory.support.DisposableBeanAdapter.run(DisposableBeanAdapter.java:195) ~[spring-beans-6.2.5.jar:6.2.5]
	at org.springframework.cloud.context.scope.GenericScope$BeanLifecycleWrapper.destroy(GenericScope.java:389) ~[spring-cloud-context-4.2.1.jar:4.2.1]
	at org.springframework.cloud.context.scope.GenericScope.destroy(GenericScope.java:136) ~[spring-cloud-context-4.2.1.jar:4.2.1]
	at org.springframework.beans.factory.support.DisposableBeanAdapter.destroy(DisposableBeanAdapter.java:211) ~[spring-beans-6.2.5.jar:6.2.5]
	at org.springframework.beans.factory.support.DefaultSingletonBeanRegistry.destroyBean(DefaultSingletonBeanRegistry.java:745) ~[spring-beans-6.2.5.jar:6.2.5]
	at org.springframework.beans.factory.support.DefaultSingletonBeanRegistry.destroySingleton(DefaultSingletonBeanRegistry.java:702) ~[spring-beans-6.2.5.jar:6.2.5]
	at org.springframework.beans.factory.support.DefaultListableBeanFactory.destroySingleton(DefaultListableBeanFactory.java:1401) ~[spring-beans-6.2.5.jar:6.2.5]
	at org.springframework.beans.factory.support.DefaultSingletonBeanRegistry.destroySingletons(DefaultSingletonBeanRegistry.java:661) ~[spring-beans-6.2.5.jar:6.2.5]
	at org.springframework.beans.factory.support.DefaultListableBeanFactory.destroySingletons(DefaultListableBeanFactory.java:1394) ~[spring-beans-6.2.5.jar:6.2.5]
	at org.springframework.context.support.AbstractApplicationContext.destroyBeans(AbstractApplicationContext.java:1219) ~[spring-context-6.2.5.jar:6.2.5]
	at org.springframework.context.support.AbstractApplicationContext.doClose(AbstractApplicationContext.java:1180) ~[spring-context-6.2.5.jar:6.2.5]
	at org.springframework.boot.web.servlet.context.ServletWebServerApplicationContext.doClose(ServletWebServerApplicationContext.java:179) ~[spring-boot-3.4.4.jar:3.4.4]
	at org.springframework.context.support.AbstractApplicationContext.close(AbstractApplicationContext.java:1126) ~[spring-context-6.2.5.jar:6.2.5]
	at org.springframework.boot.SpringApplicationShutdownHook.closeAndWait(SpringApplicationShutdownHook.java:147) ~[spring-boot-3.4.4.jar:3.4.4]
	at java.base/java.lang.Iterable.forEach(Iterable.java:75) ~[na:na]
	at org.springframework.boot.SpringApplicationShutdownHook.run(SpringApplicationShutdownHook.java:116) ~[spring-boot-3.4.4.jar:3.4.4]
	at java.base/java.lang.Thread.run(Thread.java:840) ~[na:na]

2026-05-21T23:25:07.681+05:30  INFO 11716 --- [Fraud-Management] [SpringApplicationShutdownHook] com.netflix.discovery.DiscoveryClient    : Completed shut down of DiscoveryClient
