amount,is_international,velocity_5min,is_new_merchant,account_age_days,failed_login_attempts,fraud,is_night,is_weekend
15895,1,7,0,1124,4,1,1,1
960,1,1,1,1143,0,0,0,0
5490,0,3,1,69,4,0,0,0
12064,1,6,0,664,2,1,0,0
11384,1,6,0,792,3,1,0,1
6365,0,7,1,221,0,1,1,0
16950,0,1,1,1010,2,0,0,0
4526,1,7,1,1965,2,1,1,0
14523,0,2,0,223,4,1,1,1
11463,0,6,1,677,1,1,0,1
16123,0,8,1,1978,1,1,1,0
8422,0,5,0,1528,0,0,0,1
1785,1,3,1,211,2,1,1,0
869,0,8,0,1815,3,0,0,0
2533,0,8,0,931,0,0,0,0
5411,0,4,1,1599,0,0,0,0
5151,1,8,1,886,4,1,0,0
6520,1,5,0,882,3,0,0,0
17668,0,5,0,262,2,1,1,1
19869,0,3,1,518,2,0,0,0
6496,1,7,0,1272,2,1,0,0
8766,0,9,0,1765,0,0,0,1
19042,0,9,1,798,4,1,0,0
18531,1,1,0,1281,0,1,1,0
2847,0,1,0,1087,1,0,1,0
289,0,5,0,1416,1,0,0,1
19218,1,1,0,540,2,1,0,0
3105,1,4,0,1881,4,1,1,1
1999,0,1,0,417,2,0,1,1
1367,1,2,1,53,2,0,0,0
18012,0,2,1,1788,0,0,0,0
11494,0,4,1,38,2,1,0,1
3656,0,8,1,308,2,1,0,1
3990,1,2,0,846,4,0,0,0
8938,1,9,1,1675,4,1,0,0
14602,0,9,0,898,4,1,0,0
10727,0,2,1,53,2,1,0,1
8892,1,1,0,606,4,0,0,0
10655,1,9,1,1630,4,1,1,1
10353,1,2,0,452,3,1,0,0
8533,0,8,1,461,3,1,0,0
10333,1,3,1,775,1,1,0,1
11116,1,1,1,1510,0,1,1,0
2712,0,1,1,1859,0,0,0,0
15887,0,2,1,1161,4,1,0,1
17259,0,7,0,1998,1,1,0,0
12306,1,6,1,1396,1,1,1,0
8326,0,2,0,1983,3,0,0,1
14641,0,4,1,1280,1,1,1,1
3252,0,2,1,395,2,0,0,0
1685,0,1,1,1061,4,0,0,0
4043,1,3,0,1678,2,0,0,0
19557,0,4,1,1171,0,0,0,0
1121,1,5,1,1032,3,1,0,0
11753,1,5,0,1275,2,1,1,0
10905,1,7,0,647,4,1,0,0
13517,0,8,0,1595,2,1,0,0
8089,1,9,0,1659,2,1,0,0
9792,0,7,1,1471,1,0,0,0
13090,0,5,0,263,3,0,0,0
6973,0,9,0,632,0,0,0,0
5775,1,8,1,1463,4,1,0,0
261,0,9,0,1283,4,0,0,0
4397,0,8,0,1347,0,0,0,1
1095,0,6,0,530,4,1,1,0
11634,1,4,1,301,1,1,0,1
7729,1,9,0,1889,2,1,0,0
1116,1,9,0,485,1,1,1,0
8629,0,9,0,92,1,0,0,0
17362,1,3,1,1188,1,1,0,0
9368,0,3,1,1680,0,0,0,0
12285,0,6,0,1359,3,1,0,1
6431,1,6,1,1949,0,1,0,0
8671,0,6,0,315,0,0,0,1
7308,1,5,1,1938,1,0,0,0
5376,0,5,1,945,3,0,1,0
18546,1,2,0,238,0,1,0,1
16548,0,7,0,1710,3,1,0,0
16316,0,4,0,83,1,0,1,0
8106,0,3,1,669,0,0,0,1
2668,0,8,0,1990,3,0,0,0
2127,0,4,1,1133,4,0,0,0
2795,1,4,1,178,0,0,0,0
15522,0,8,0,250,0,1,1,0
5358,1,1,1,765,0,0,0,0
6836,1,9,1,1591,3,1,0,0
491,1,7,0,667,2,1,1,0
14086,0,2,1,903,0,0,0,0
12766,0,6,1,91,4,1,0,1
5992,0,8,0,339,4,0,0,0
3661,1,5,0,1662,1,0,0,0
6284,0,6,0,1873,2,0,0,0
19583,0,8,1,169,2,1,0,0
8492,1,6,1,1163,3,1,0,0
13167,1,9,1,1541,1,1,0,0
15365,1,9,0,578,3,1,0,1
19588,1,9,1,1647,1,1,0,1
2554,1,6,1,1208,2,1,0,0
11937,1,9,1,780,3,1,0,0
14139,0,3,0,170,1,0,0,0
19215,1,5,0,362,2,1,0,0
11065,0,2,0,244,2,0,0,0
9862,0,8,1,1867,0,1,1,0
5156,0,4,1,138,3,0,0,0
15048,1,6,0,1052,0,1,1,1
8210,0,6,0,519,2,0,0,0
13873,1,5,1,1422,3,1,1,0
17512,1,1,0,333,3,1,0,0
602,0,7,1,965,4,1,0,1
7010,1,8,0,1341,1,1,0,0
12785,0,1,0,563,4,1,1,0
306,0,7,0,426,4,1,0,1
17968,1,4,1,1160,2,1,0,0
16034,0,6,0,1714,1,1,0,0
17347,0,9,1,641,4,1,1,0
19274,0,5,0,709,4,1,1,0
8855,1,8,0,1291,3,1,0,0
12483,0,5,1,107,2,1,0,1
18241,1,2,1,560,4,1,0,1
14920,1,4,0,138,1,1,0,0
7674,0,2,1,1935,0,0,0,0
6474,0,7,0,615,0,0,0,0
1778,1,7,1,47,2,1,0,0
19726,1,3,1,1689,0,1,1,1
1159,0,7,0,368,3,1,1,1
16298,0,1,0,6,3,1,1,1
10014,1,1,1,523,1,1,0,0
19641,1,9,1,529,2,1,0,1
10917,1,6,0,1679,2,1,0,0
11021,1,5,1,1296,0,1,0,1
9889,1,6,1,1848,4,1,1,1
16412,0,6,1,66,4,1,0,0
11352,1,1,1,420,4,1,1,0
2793,1,5,0,1363,1,0,0,0
14031,0,9,0,934,2,1,0,1
3727,0,4,1,498,0,0,1,0
16257,1,3,1,1493,1,1,0,1
10273,1,1,0,331,3,1,0,0
18147,0,2,1,768,3,1,1,0
10330,1,3,1,1001,3,1,0,0
15807,1,4,1,1663,2,1,0,0
11594,0,7,1,1155,3,1,0,0
1406,1,6,1,530,4,1,0,1
6876,0,8,0,1743,3,1,0,1
9574,0,9,1,1625,1,1,1,1
7626,0,6,1,1462,3,1,1,1
5630,0,7,1,243,4,1,0,1
3848,1,4,0,1487,3,1,0,1
13645,0,2,1,350,0,1,0,1
763,1,9,1,1041,4,1,0,1
2098,1,9,0,1490,2,1,0,0
8094,1,4,0,735,3,0,0,0
17979,1,3,0,882,1,1,0,0
3404,1,6,0,363,3,1,0,0
18337,0,3,1,1234,1,1,0,1
13908,0,1,1,1015,0,0,0,0
6685,0,4,1,1635,2,0,0,1
17775,0,1,0,525,4,1,1,0
11749,1,2,1,831,4,1,0,0
1736,0,3,0,782,2,0,0,0
17182,1,8,0,1723,0,1,1,0
4837,1,4,1,420,0,0,0,0
14655,0,4,0,786,3,1,0,1
13977,0,9,0,133,0,1,1,0
954,0,7,1,14,3,1,1,0
5955,0,2,1,1817,1,0,0,1
7492,1,3,0,1068,2,0,0,0
14049,1,4,1,1401,1,1,1,1
18191,0,4,1,295,1,1,1,0
5891,1,8,0,1420,1,1,0,0
5031,1,6,0,1128,1,1,0,0
19994,1,3,1,445,4,1,0,0
302,0,9,1,1086,0,1,1,0
11547,1,8,0,1589,2,1,0,0
12788,0,9,1,1845,2,1,0,0
4489,0,5,0,412,1,0,1,1
2427,1,3,0,1955,2,0,0,0
8104,1,4,1,630,3,1,0,0
19415,0,5,1,321,2,1,0,1
7877,1,9,1,1155,1,1,0,0
297,1,9,1,1835,2,1,0,1
2030,0,3,1,818,0,0,0,1
11874,0,7,0,1223,1,1,0,0
15187,0,6,1,905,4,1,0,1
9439,0,4,0,36,0,0,1,1
11689,1,5,1,791,2,1,0,0
18995,1,2,0,1240,4,1,0,1
15808,0,7,1,586,0,1,0,0
17143,0,4,1,306,3,1,0,0
2911,0,2,0,1591,0,0,0,0
14343,1,6,1,1008,4,1,1,0
6646,0,2,1,893,3,0,0,0
2086,1,2,0,12,2,0,0,1
8438,0,7,0,83,1,0,1,0
11511,0,1,0,1056,2,0,0,0
3011,0,7,1,1432,1,1,1,0
1834,1,5,0,1110,1,0,0,1
18327,1,1,0,1987,4,1,0,1
8780,1,6,1,1768,3,1,0,1
19460,0,7,1,1435,3,1,0,0
18443,1,1,1,957,0,1,1,0
5859,1,9,1,1811,2,1,0,1
2485,0,7,1,713,4,1,0,0
11211,0,1,1,1587,2,1,1,1
4836,1,3,0,1856,0,0,1,0
1902,1,5,0,1280,0,0,0,0
8255,1,4,1,241,4,1,0,1
8220,1,2,0,1741,0,0,0,0
6716,0,1,0,898,4,0,0,0
14357,0,4,0,1956,0,0,1,0
14586,0,7,0,896,3,1,0,0
16746,1,4,1,907,4,1,1,0
14175,1,9,1,1732,3,1,1,0
9308,0,8,0,1476,3,1,0,1
16471,0,8,1,756,4,1,0,1
11935,1,5,0,1856,2,1,0,0
13268,1,1,0,1025,1,1,0,1
2149,0,9,1,601,0,1,0,1
5523,0,2,0,282,0,0,0,0
14689,0,6,1,651,2,1,0,1
19592,1,5,1,599,1,1,0,0
7258,1,8,1,1538,2,1,0,1
10348,1,3,1,979,1,1,1,1
7500,1,6,1,1885,4,1,0,0
19654,1,6,1,1704,4,1,0,0
9974,1,3,1,1143,3,1,0,1
15251,0,7,1,1012,3,1,0,0
18739,0,4,1,900,4,1,1,0
1254,1,5,0,1529,3,1,0,1
4599,0,9,1,1104,4,1,0,0
6395,1,6,0,1647,2,1,0,0
12283,0,4,1,1701,0,0,0,0
12974,1,8,0,894,4,1,0,0
18132,0,9,1,957,4,1,0,0
5639,0,5,1,219,4,0,0,0
9737,1,2,1,1541,3,1,0,1
15686,1,6,0,1935,3,1,1,0
2657,0,8,0,727,3,1,0,1
5692,0,5,1,1009,3,0,0,1
16582,1,1,0,1731,2,1,0,1
2300,0,8,1,1490,4,1,0,0
14272,1,9,0,1818,2,1,0,0
3061,1,1,0,518,3,1,0,1
14307,0,8,0,1915,2,1,1,1
12069,1,2,1,812,4,1,1,0
2969,0,4,0,502,4,0,1,0
17440,0,2,0,58,3,1,1,0
14092,1,2,1,1361,4,1,1,0
5799,0,3,1,1534,2,0,0,0
4087,1,8,0,814,1,1,1,1
13546,1,4,0,614,4,1,0,0
1318,1,7,1,426,2,1,0,0
4835,0,3,1,1584,2,0,0,0
11396,1,3,1,1394,2,1,0,0
4655,0,2,1,1435,4,0,0,0
9246,1,6,1,1812,1,1,1,0
8150,1,6,0,1990,3,1,0,0
12857,1,1,1,883,3,1,0,0
19930,0,7,1,1699,4,1,0,1
17529,0,4,0,1868,4,1,0,1
6993,1,3,1,432,0,0,0,0
18177,1,8,1,1987,1,1,1,1
14473,0,2,1,1220,2,1,1,0
14665,0,9,0,1401,2,1,0,0
3536,0,8,1,948,3,1,0,0
8854,1,8,1,1389,4,1,0,0
10777,0,3,1,1860,1,1,1,1
5995,1,4,1,1668,3,1,0,0
19838,0,2,0,935,1,0,0,0
16709,1,2,0,405,4,1,0,0
15736,1,4,1,492,2,1,0,0
7122,1,6,1,66,0,1,0,0
9251,0,5,1,912,1,0,0,0
5700,0,1,1,391,2,0,0,0
8096,0,1,1,83,1,0,0,1
9107,1,6,1,1003,1,1,0,0
13046,1,3,1,481,1,1,0,0
4742,0,3,0,777,4,0,0,0
11412,1,7,1,1253,3,1,1,1
7779,1,1,0,785,1,0,0,0
8308,1,1,0,1755,4,1,0,1
18689,0,3,1,1249,0,0,0,0
10816,1,8,0,1137,3,1,0,0
17553,0,1,0,652,4,1,0,1
3544,0,4,0,1209,0,0,0,0
10857,0,9,1,1536,3,1,0,0
14534,0,4,0,1197,4,1,0,1
1160,0,8,0,1912,0,0,0,0
18811,1,7,1,523,4,1,0,0
3520,0,3,1,1933,0,0,0,0
401,0,7,0,1695,1,0,0,0
12568,0,7,1,205,1,1,0,0
17090,1,3,1,742,3,1,1,0
19654,1,2,0,1562,0,1,0,1
799,1,9,0,319,1,1,0,1
290,1,1,0,1183,3,1,0,1
10592,0,7,1,278,2,1,0,0
17464,0,4,0,902,1,0,0,0
3075,1,2,0,148,1,1,1,1
6202,1,2,1,778,4,1,0,0
17668,1,8,1,1107,2,1,0,1
19811,1,7,1,419,0,1,1,0
19878,0,7,1,538,3,1,0,0
1916,1,5,0,1607,2,0,0,1
669,1,8,0,1573,0,1,0,0
5542,1,2,0,392,1,0,0,0
1995,1,2,1,1157,3,1,0,1
19217,1,5,0,940,3,1,0,0
3963,1,1,1,1662,2,0,0,0
13013,1,6,1,1651,4,1,0,0
7555,0,4,1,1628,0,0,0,1
4114,0,6,0,242,2,0,0,1
11193,0,7,1,1475,4,1,0,1
18170,0,3,0,999,4,0,0,0
3109,0,8,0,1224,4,0,0,0
16638,0,7,0,1743,3,1,0,0
10829,1,1,1,1141,0,1,0,1
1509,1,6,0,1243,0,1,0,0
12349,0,7,0,1329,2,1,0,1
884,1,4,1,243,1,0,0,0
8196,0,2,0,1316,2,0,1,0
7660,1,9,1,976,0,1,0,0
12633,1,7,0,1818,3,1,0,0
7443,1,1,1,1325,2,0,0,0
7306,1,8,1,1853,1,1,1,0
5901,1,3,1,684,2,1,1,0
19290,1,4,1,1412,4,1,0,0
17021,0,5,1,588,1,0,0,0
6086,0,1,0,1233,4,0,0,0
18325,1,6,0,1338,3,1,1,0
10747,0,6,0,617,0,1,0,0
8816,1,2,0,26,2,0,0,0
19434,0,6,1,863,2,1,0,0
12423,1,8,1,79,4,1,0,0
4880,0,6,0,1012,4,1,1,0
2468,1,4,1,128,0,0,0,0
12139,0,4,0,413,2,0,0,1
6755,1,9,1,137,0,1,0,0
8273,0,6,1,1358,4,1,1,0
4595,1,8,0,548,4,1,0,0
10993,1,8,0,388,1,1,0,0
13503,1,7,1,571,4,1,0,0
13221,0,3,0,1254,4,1,1,0
11066,0,1,0,1016,0,0,0,0
953,0,5,0,421,1,0,1,0
17058,1,2,0,1148,1,1,0,0
17632,0,2,1,1112,2,0,0,0
10007,1,7,1,1873,3,1,0,0
4877,0,3,1,141,2,0,1,0
15438,0,8,1,1940,2,1,1,1
2591,0,9,0,1809,2,0,0,1
15428,0,8,0,51,1,1,0,0
14699,1,6,0,987,0,1,0,0
19608,0,5,1,1591,4,1,0,0
3151,0,3,1,929,1,0,0,1
16079,1,3,1,1429,4,1,0,0
16488,1,7,1,1361,4,1,0,1
976,0,5,0,662,3,0,0,1
4242,0,6,0,1689,2,0,0,1
15302,1,6,0,1987,3,1,1,0
7066,1,9,1,1755,2,1,1,1
7179,1,1,1,1755,1,0,0,0
8087,0,8,1,366,4,1,0,1
6899,0,5,1,908,3,1,1,1
4565,0,6,1,1935,1,0,0,0
17119,1,6,1,998,1,1,0,1
13517,1,1,0,854,2,1,0,0
18177,1,3,1,258,4,1,0,0
8411,0,6,1,1412,2,1,1,0
17314,1,9,1,45,2,1,0,0
14198,0,6,0,269,1,1,0,0
5277,1,6,0,1335,2,1,0,0
14362,0,1,1,672,0,1,0,1
8408,0,9,0,1019,4,1,0,1
6049,1,4,0,1302,2,0,0,0
19322,0,2,0,857,2,0,0,0
1250,1,1,1,1499,3,1,0,0
2031,0,3,0,1591,4,0,1,0
9304,1,3,0,145,4,1,1,0
18148,1,5,0,1990,2,1,0,1
1181,0,1,1,235,0,0,0,0
16996,1,7,0,691,3,1,0,0
13507,0,1,1,720,0,1,1,0
7905,1,4,0,1160,2,0,0,0
5337,1,6,1,1469,4,1,0,0
17043,1,1,1,353,4,1,0,0
12875,1,7,1,1418,0,1,0,0
16344,0,7,1,994,1,1,0,0
13284,1,3,1,275,2,1,0,0
3443,1,4,0,1408,4,1,1,0
13600,0,6,0,910,1,1,0,0
9762,0,7,0,1347,4,0,0,0
17064,0,4,1,1207,4,1,1,0
15225,0,9,1,1597,1,1,0,0
8230,0,9,1,440,0,0,0,0
19631,0,9,0,1087,2,1,0,1
1779,1,6,1,1897,1,1,0,0
3606,0,2,1,1751,1,0,0,0
13384,1,2,1,872,4,1,0,1
7353,0,4,1,651,1,0,1,0
19228,1,9,0,943,2,1,0,0
9535,1,3,1,1670,0,0,0,0
11410,1,6,1,34,0,1,0,0
13396,0,2,1,705,0,0,0,0
18625,0,1,1,867,2,0,0,0
13345,0,5,0,985,4,0,0,0
11251,0,8,1,832,2,1,0,0
10557,1,2,0,1501,1,1,0,0
2579,0,9,0,1111,3,1,0,1
4552,1,8,1,1234,3,1,0,0
5981,1,3,1,462,3,1,1,0
14169,0,1,0,81,0,0,0,0
2949,0,4,1,322,2,0,0,1
7490,0,8,1,415,2,0,0,0
12022,1,3,0,1875,0,1,1,0
2589,0,2,0,992,1,0,0,0
9923,1,7,0,190,3,1,0,0
9307,0,4,0,1974,3,0,0,1
9640,1,6,0,1884,0,1,0,0
16464,0,5,0,1257,3,1,0,1
4711,0,2,1,392,4,0,0,0
19323,1,2,1,1962,2,1,0,0
5978,0,9,1,1193,3,1,0,0
16447,0,2,1,1467,3,1,0,0
951,0,8,1,1787,4,1,0,0
18171,0,8,1,168,1,1,0,0
6933,0,1,1,1255,1,0,0,0
12038,0,1,1,1174,4,1,0,0
2527,0,4,1,664,1,0,0,0
4100,1,2,0,1574,0,0,0,0
5152,1,1,0,1410,4,1,1,0
2838,0,9,1,381,2,0,0,0
5487,0,3,1,1833,2,0,0,0
8102,0,1,0,1299,2,0,0,0
5636,1,2,0,1641,3,0,0,0
13579,1,8,0,898,4,1,1,0
4013,0,5,1,1884,4,0,0,0
17550,1,7,0,864,1,1,0,0
10736,0,6,0,62,4,1,0,1
5826,0,1,0,1491,4,0,0,1
3473,0,6,1,528,1,1,1,1
12261,0,7,0,862,4,1,0,1
2182,1,4,1,150,4,1,0,0
16381,1,8,0,1166,0,1,0,1
15405,0,8,0,116,1,1,0,0
9917,1,7,1,824,0,1,0,0
11361,1,2,0,65,3,1,0,0
517,0,6,0,1453,1,0,1,0
8908,1,6,0,310,4,1,0,1
3367,0,7,1,706,4,1,0,0
17309,0,6,1,854,0,1,0,0
5845,0,2,1,1454,0,0,0,0
11438,0,8,0,1024,3,1,1,0
512,1,4,1,1185,3,1,0,1
7643,0,9,0,1999,4,0,0,0
7687,1,8,0,306,2,1,0,0
828,0,3,0,1385,3,0,0,0
11757,0,3,0,1302,4,1,0,1
6088,1,8,0,1320,3,1,0,0
18988,0,2,0,1575,1,0,0,0
3067,1,9,0,873,0,1,0,0
14627,1,4,0,169,4,1,0,0
19270,0,6,1,1483,3,1,0,0
16148,0,3,1,1604,0,1,0,1
17606,0,3,0,1031,2,1,1,1
18055,0,3,1,1621,3,1,0,0
5173,0,2,1,1735,4,0,0,0
5204,0,8,1,1156,1,0,0,0
2243,1,9,0,588,0,1,0,0
7457,1,8,1,762,0,1,0,0
12143,0,3,0,347,1,0,1,0
3540,1,7,1,955,4,1,0,0
5744,1,2,1,1745,2,0,0,0
10618,0,4,1,1620,1,0,0,0
14652,0,6,0,735,2,1,0,0
3014,1,5,0,1277,4,0,0,0
13684,0,9,0,410,3,1,0,0
12244,1,4,0,543,3,1,0,0
14497,0,5,0,355,4,0,0,0
8887,1,4,0,713,2,0,0,0
14291,1,8,0,1989,1,1,0,0
828,1,8,0,1588,4,1,0,0
17849,1,3,0,1392,4,1,0,1
798,0,1,1,584,3,0,0,0
7286,0,6,1,511,1,0,0,0
14612,1,2,0,533,3,1,0,0
14023,1,2,1,528,2,1,0,1
16879,0,3,1,947,2,1,0,1
7500,0,8,0,1552,0,0,1,0
4271,1,3,0,1426,4,0,0,0
4460,1,7,1,1199,1,1,0,0
2602,1,9,0,824,1,1,1,0
17201,1,8,1,1948,3,1,0,0
19266,1,1,0,1874,3,1,0,0
5586,0,7,1,78,1,0,0,0
8435,1,7,0,440,3,1,1,0
4591,0,8,1,1776,0,1,0,1
11230,0,5,1,549,4,1,1,1
7751,0,9,1,1256,0,0,0,0
1267,1,9,1,400,2,1,0,1
1162,0,8,0,1237,1,0,0,1
18640,0,6,1,1217,0,1,0,1
11274,0,6,0,1596,0,1,0,1
4829,0,1,1,701,3,0,0,0
9448,1,6,0,1291,3,1,0,1
5434,1,4,1,126,3,1,0,1
9024,0,4,0,1739,2,0,1,0
4430,0,2,1,834,0,0,0,0
6901,1,4,1,1406,4,1,1,1
4946,1,5,0,544,3,0,0,0
6831,1,5,1,502,2,1,0,1
15468,0,5,1,1427,2,0,0,0
17437,1,4,1,824,3,1,1,0
2639,0,1,1,1285,1,0,0,0
7156,0,8,0,387,0,0,0,1
11616,1,3,1,412,3,1,0,0
11593,0,2,0,1370,4,0,0,0
1642,1,9,0,1118,0,1,1,0
14064,0,7,0,328,2,1,0,0
17675,1,9,0,100,4,1,0,1
6413,0,2,1,1821,0,0,0,1
19165,0,9,1,461,4,1,0,1
18024,1,9,0,1339,2,1,1,1
13907,1,9,1,25,3,1,0,0
9680,1,4,1,1942,4,1,0,1
17849,1,3,0,494,3,1,1,0
8791,0,6,0,353,2,0,0,1
7594,1,3,0,869,2,0,0,1
4412,1,9,1,1141,4,1,0,0
1424,0,3,0,199,4,0,0,0
3241,1,2,0,1303,2,0,1,0
19970,1,8,1,1606,4,1,0,1
1910,0,6,1,847,4,1,1,0
6688,1,8,1,1103,4,1,0,0
19407,1,7,1,1448,4,1,0,0
5401,1,3,1,1378,0,0,0,0
15585,1,8,1,526,2,1,1,1
11814,1,1,1,541,2,1,1,1
4848,1,1,1,1680,1,0,0,0
9535,0,8,0,477,3,0,0,0
3809,1,9,1,1879,1,1,0,0
13216,0,6,0,10,4,1,1,0
9676,0,5,1,1583,4,0,0,0
10250,0,2,1,1527,0,0,0,0
19556,0,9,0,1284,0,1,0,0
6630,1,6,1,524,0,1,0,0
10288,1,8,0,810,0,1,0,0
14783,1,9,1,1762,0,1,0,0
604,0,9,0,772,0,0,0,0
1314,1,8,0,1620,0,1,0,0
1631,1,8,1,1884,0,1,0,0
923,1,3,0,860,0,0,0,0
17412,0,3,0,1030,2,1,1,1
5129,0,2,1,1934,0,0,1,0
13528,1,1,1,1783,3,1,0,1
16617,0,4,0,1059,0,0,0,0
2205,0,2,1,175,4,0,0,1
3727,1,2,0,442,4,0,0,0
13072,0,5,0,1601,0,0,0,0
1952,0,4,0,1171,0,0,0,1
5010,1,1,1,1593,4,1,0,1
11103,0,9,1,1217,3,1,0,0
13943,0,4,0,1037,1,0,0,1
11804,0,5,0,1928,2,0,0,0
15861,0,7,0,1554,4,1,0,0
6290,0,2,1,246,0,0,1,1
17740,0,8,0,675,2,1,1,0
19860,0,2,1,1879,0,0,0,0
5745,0,5,0,114,1,0,1,0
19970,1,2,0,1012,1,1,0,0
9688,1,2,0,794,4,1,0,1
11929,1,4,0,233,2,1,0,0
8153,1,4,1,1702,2,1,1,0
3430,0,8,1,980,1,0,0,0
19187,1,6,1,1346,0,1,0,1
8762,1,8,1,1562,4,1,0,0
7214,0,7,1,126,3,1,0,0
13423,0,4,0,1337,1,0,0,0
1453,0,2,1,511,1,0,0,1
11075,0,9,1,1508,4,1,0,0
11123,0,2,1,281,0,0,0,0
767,1,1,1,798,2,1,0,1
9437,0,8,0,978,1,0,1,0
13759,1,9,0,903,4,1,0,1
3819,1,1,0,1307,4,0,0,0
19229,0,7,1,651,4,1,0,0
7583,1,2,0,1637,2,0,0,1
639,1,6,0,392,1,1,0,1
5064,0,5,1,1547,4,0,0,0
4935,1,1,1,382,2,1,1,0
6142,1,2,1,216,0,1,0,1
14937,1,2,0,542,3,1,0,1
7412,0,6,1,606,1,1,0,1
5420,0,1,0,116,2,0,1,1
13316,0,4,0,509,3,0,0,0
2879,1,5,0,1524,3,1,0,1
17408,0,2,0,271,2,0,1,0
1681,1,2,0,1464,2,1,1,1
19808,0,7,1,1315,2,1,0,0
12777,1,7,0,1063,4,1,1,0
5813,0,6,0,1048,0,0,0,0
16739,0,1,0,776,4,0,0,0
4904,1,3,0,1067,3,0,0,0
18322,0,9,0,1194,3,1,0,1
10236,1,1,1,340,3,1,0,0
109,0,2,0,169,2,0,0,1
19355,0,8,0,1839,1,1,1,1
5224,1,7,0,1562,4,1,1,0
1115,1,9,0,1716,1,1,0,0
2293,1,4,1,1496,0,0,0,0
8515,0,4,0,662,0,0,1,1
13650,1,7,0,1669,4,1,0,0
14612,0,1,0,143,3,0,0,0
4258,1,9,0,1700,0,1,0,1
7070,1,2,1,1125,1,0,0,0
7038,1,1,1,575,1,0,0,0
13872,1,7,1,1629,2,1,0,0
18117,1,6,0,1743,3,1,0,0
10444,1,3,1,475,2,1,0,0
7366,0,1,1,1969,4,0,0,1
8802,1,5,1,311,0,1,0,1
484,0,4,1,1608,2,0,0,0
504,1,5,1,1084,2,1,0,1
8275,1,1,0,1977,4,1,1,1
15258,1,1,1,1053,1,1,1,0
12863,0,5,1,531,1,1,0,1
18484,0,6,1,991,4,1,1,1
9960,1,5,0,73,1,0,0,1
6089,0,2,0,1418,4,0,0,0
15206,1,9,1,869,1,1,0,1
17944,1,5,0,394,4,1,0,0
3736,0,5,0,1782,1,0,1,0
11016,0,9,1,481,2,1,0,0
4909,0,3,0,473,2,0,0,1
13556,0,5,1,313,1,1,0,1
15544,1,5,1,1462,4,1,1,0
6097,0,2,1,952,2,0,1,0
2148,0,4,0,324,0,0,1,0
12438,1,2,1,1013,1,1,0,1
17200,0,5,1,965,0,0,0,0
4644,0,2,0,87,0,0,0,1
5076,0,9,1,359,3,1,0,0
12875,0,6,0,695,0,1,0,0
10115,1,8,0,197,0,1,0,0
3519,1,9,1,756,3,1,0,1
14530,0,8,0,1864,3,1,1,0
7339,0,5,1,977,3,0,0,1
14589,1,5,0,1409,4,1,0,0
16733,0,6,0,1142,3,1,0,1
10457,0,1,0,498,4,1,0,1
17254,0,8,0,908,1,1,0,0
4463,0,2,1,931,4,0,0,0
10276,0,6,1,1908,1,1,0,0
17561,0,9,0,462,3,1,0,1
8527,0,3,1,1520,3,0,0,0
8680,0,2,1,1618,1,0,0,1
4958,0,5,1,970,2,0,0,0
10140,1,9,1,1271,4,1,1,0
19298,1,6,1,1999,0,1,0,0
19858,1,8,1,234,3,1,0,0
15354,0,8,1,417,4,1,0,0
11570,0,7,0,1491,4,1,1,0
1352,1,5,1,1506,3,1,0,0
7096,0,2,0,1389,1,0,0,0
12273,1,5,0,153,3,1,0,0
4773,0,7,0,272,4,0,0,0
15881,1,7,1,392,2,1,0,1
13151,1,2,1,547,1,1,0,0
6981,1,7,0,725,3,1,0,0
7049,0,6,0,1747,0,0,0,0
9621,1,7,1,1454,3,1,0,1
8117,0,8,1,1675,4,1,0,0
7041,0,4,1,189,4,0,0,1
10309,0,1,0,812,0,0,0,0
17815,0,8,0,1931,1,1,0,0
9650,0,8,1,1276,4,1,0,0
4737,0,3,1,395,1,0,0,0
4954,0,3,0,662,1,0,0,0
19661,1,5,1,853,3,1,0,1
10420,1,3,1,1243,1,1,0,0
18664,1,5,0,594,4,1,0,1
4992,0,8,0,190,4,0,0,0
7143,0,1,0,234,2,0,0,0
16621,0,2,0,1712,1,0,0,0
19956,0,2,1,232,2,1,1,0
19316,1,4,0,358,3,1,0,0
4264,0,9,1,478,2,1,1,0
8041,1,2,1,1599,1,0,0,0
14488,0,9,1,1971,4,1,0,0
5669,1,7,0,1453,3,1,0,0
4400,0,8,0,237,1,0,0,0
6369,1,1,1,1057,3,1,0,0
3918,0,5,1,213,0,0,1,0
12115,1,9,0,1596,1,1,0,1
12334,0,4,1,379,0,0,0,0
18390,1,2,1,1026,2,1,1,0
6354,1,6,1,909,1,1,0,0
17244,0,2,1,450,0,0,0,0
7450,1,3,1,569,4,1,0,0
15283,0,8,1,1451,2,1,0,0
6338,0,3,1,813,1,0,0,0
6190,0,2,1,1823,1,0,0,1
11737,1,6,0,1674,4,1,0,0
12747,1,3,0,279,4,1,0,1
10011,0,1,1,214,0,0,0,0
8572,0,3,1,1775,0,0,0,1
18371,1,6,0,1309,0,1,0,0
3366,1,3,0,1567,3,1,1,0
766,1,9,0,718,2,1,0,1
4288,0,7,1,970,1,0,0,0
17155,0,5,0,1298,2,0,0,1
10261,0,2,0,1035,4,1,0,1
11414,0,9,1,871,2,1,0,0
12991,0,5,0,1071,2,0,0,0
4877,1,7,1,1539,0,1,0,0
4000,0,9,0,1666,4,0,0,0
13816,1,4,0,438,2,1,0,0
7081,1,9,0,1608,1,1,0,0
6476,0,1,0,671,0,0,0,0
17007,1,6,0,904,2,1,0,0
18877,0,2,1,1451,4,1,0,0
19077,1,8,1,1456,1,1,0,0
10260,0,5,0,1154,4,0,0,0
14224,0,3,1,1046,4,1,0,0
16382,1,2,0,892,4,1,0,1
10588,0,8,0,389,3,1,0,1
5340,1,7,0,135,1,1,0,0
10553,0,9,0,532,4,1,0,0
10578,0,8,0,220,3,1,1,1
12494,0,4,1,333,0,1,1,0
19362,1,2,1,1154,3,1,1,1
4532,1,2,1,1056,0,1,0,1
13668,0,2,1,1626,3,1,0,0
14278,1,6,0,1795,4,1,1,0
17760,0,7,1,1449,3,1,1,0
402,1,6,0,1322,3,1,0,1
17122,1,2,0,1528,4,1,0,0
155,0,4,1,1869,0,0,0,0
13113,0,3,1,1785,4,1,0,1
8817,0,4,0,1709,1,0,0,1
8250,0,5,0,357,3,0,1,0
2225,0,7,0,1479,1,0,0,0
11579,1,9,1,401,4,1,0,0
15845,1,2,0,896,4,1,1,0
16848,0,8,0,1583,2,1,0,1
6909,0,3,0,990,1,0,0,0
4721,0,9,0,709,2,0,1,0
15134,1,4,1,1944,1,1,0,0
13723,0,3,1,1479,2,0,0,0
5226,0,6,0,1915,2,0,0,0
5222,1,9,1,1058,1,1,0,0
18130,1,7,0,1790,4,1,0,0
17402,1,4,1,248,0,1,0,0
19281,1,3,1,946,4,1,0,1
5970,0,4,1,42,0,0,0,0
1631,1,3,1,801,1,1,1,0
8272,1,3,0,123,3,0,0,0
19829,0,9,0,27,4,1,1,1
7773,0,4,0,1486,2,0,0,1
6982,0,9,1,571,4,1,0,0
2006,1,5,1,1171,1,1,0,1
3186,0,7,0,496,3,0,0,0
13603,1,5,1,1651,3,1,0,0
8252,1,1,1,486,4,1,0,0
5850,1,2,0,1484,4,1,0,1
12872,0,5,1,899,4,1,0,0
10367,1,6,0,711,1,1,0,0
1162,0,7,1,1152,0,1,0,1
18460,0,2,0,376,0,0,0,0
17780,0,9,1,665,2,1,0,1
6329,1,6,1,1905,1,1,0,0
16609,1,2,1,783,3,1,0,1
15247,1,2,1,851,2,1,0,0
4732,0,3,1,1980,3,0,0,1
6388,1,1,0,1107,3,0,0,0
3696,1,9,1,1559,4,1,0,0
11575,1,4,0,1547,3,1,0,1
6268,1,5,0,1723,3,0,0,0
9895,1,7,0,1652,1,1,0,1
7661,0,1,1,674,4,0,0,0
8358,0,3,0,1127,4,0,0,1
16716,0,3,1,1779,2,1,1,0
6471,0,2,1,1543,4,0,0,0
14469,1,8,1,362,0,1,0,1
13010,0,5,0,684,1,0,1,0
8043,1,1,1,1280,2,0,0,0
12299,0,2,1,247,0,1,0,1
15828,0,1,1,1216,3,1,1,0
6838,0,6,0,1650,0,0,0,0
16013,1,9,0,535,2,1,1,1
2572,1,7,0,1894,4,1,0,0
19223,0,5,0,314,1,0,1,0
15779,1,3,1,1300,2,1,0,1
1861,0,8,0,1947,0,0,0,0
10267,0,4,1,1397,0,1,0,1
10654,0,9,0,444,2,1,1,0
17360,1,5,1,1672,2,1,0,1
14377,0,6,0,869,2,1,0,0
3912,0,5,0,1219,4,0,1,0
17944,0,7,0,1282,2,1,0,0
18217,1,7,1,1814,3,1,0,1
1705,0,1,1,582,1,0,1,0
5722,1,2,0,871,1,0,0,0
6867,0,7,0,1384,3,1,1,1
11713,1,8,0,548,0,1,0,0
10689,0,4,0,1132,0,0,1,0
14018,0,6,0,1048,0,1,0,1
13146,1,3,0,1676,0,1,0,1
2690,1,7,1,465,4,1,0,0
17547,0,3,1,1046,3,1,0,1
4424,1,7,1,502,1,1,0,1
10887,0,8,1,851,3,1,0,0
9211,0,3,1,1865,1,0,0,1
5442,0,2,1,716,0,0,0,0
16489,1,6,0,892,4,1,0,0
8759,0,4,0,1760,2,0,0,1
14143,1,8,0,501,2,1,0,0
8937,0,2,0,735,0,0,0,1
217,1,4,0,593,0,0,0,1
14017,1,2,1,407,3,1,0,1
19035,0,2,1,1354,4,1,0,0
14409,1,2,1,703,4,1,1,0
13334,0,1,1,286,3,1,0,1
5660,0,4,1,147,4,0,0,0
946,0,2,0,794,4,0,0,1
11054,0,9,1,384,2,1,0,0
13803,0,9,1,11,4,1,0,0
15485,1,7,1,276,0,1,0,0
13846,0,6,0,886,2,1,1,1
6569,1,3,0,1592,0,0,0,0
9433,1,7,0,1709,0,1,0,0
16708,0,1,0,964,3,0,0,0
12919,1,9,0,303,4,1,0,0
4308,0,4,0,204,4,0,0,0
6383,1,6,1,345,4,1,0,0
2148,1,6,1,1784,4,1,0,0
6333,1,3,1,826,2,1,1,0
13041,0,4,0,1290,1,0,0,1
12707,1,3,0,22,0,1,1,0
9865,0,6,0,839,1,0,0,1
1928,1,1,0,536,1,0,0,0
2017,1,8,1,1730,1,1,0,0
7088,1,8,0,1120,2,1,0,1
18510,1,9,0,981,1,1,0,0
14694,0,6,0,1469,2,1,0,0
13077,0,1,0,263,3,0,0,0
109,1,3,0,584,3,0,0,0
16744,1,1,1,1013,3,1,0,0
9965,0,5,0,1779,2,0,0,0
2319,0,3,0,383,2,0,0,0
7141,0,2,1,1574,0,0,0,0
18544,0,3,0,917,1,0,0,0
5387,1,9,0,392,4,1,1,0
1719,1,8,1,889,4,1,0,0
8612,0,3,1,1625,1,0,0,0
1442,0,2,1,540,4,0,0,0
10668,0,5,1,1116,4,1,0,0
19316,0,1,1,566,4,1,0,0
19308,0,4,1,1183,2,0,0,0
18478,0,8,1,884,2,1,1,1
14331,1,1,1,228,2,1,0,0
3590,1,5,1,473,1,1,0,1
9410,1,4,1,372,3,1,0,0
8084,0,6,0,1400,4,1,1,0
18088,0,7,1,1577,0,1,0,0
12319,0,9,1,37,2,1,0,1
335,1,1,1,1661,0,1,0,1
10261,0,4,1,1958,4,1,0,0
2008,0,6,1,691,3,1,1,1
8667,1,7,0,844,0,1,0,0
3630,0,7,0,1061,4,0,0,0
5356,1,8,0,101,4,1,0,0
19119,1,8,1,1567,2,1,0,1
8262,0,8,1,1214,3,1,1,0
19044,1,8,0,1536,4,1,0,0
5515,0,8,1,658,3,1,0,1
3491,1,6,1,90,2,1,1,1
11257,0,9,0,1030,0,1,0,0
6051,1,3,1,905,1,0,0,0
8107,0,6,1,1163,1,0,0,0
9164,1,5,1,95,1,1,1,0
15624,1,8,1,1655,3,1,0,1
19382,1,4,1,1902,1,1,1,1
177,0,4,1,632,0,0,1,0
7677,0,5,1,1410,4,0,0,1
17084,1,6,0,123,3,1,0,1
14160,0,4,0,1309,0,0,0,1
17549,1,2,1,366,3,1,0,0
18620,0,2,1,1913,3,1,0,0
10635,1,3,0,691,3,1,0,0
9610,0,2,0,1514,2,0,0,1
7043,1,1,0,325,4,1,1,0
12054,1,8,0,407,1,1,0,0
7904,1,5,0,996,2,0,0,1
6665,1,1,0,519,4,1,0,1
6084,0,9,0,896,1,0,0,0
4770,1,8,1,1848,2,1,0,0
18674,0,4,0,1663,2,0,0,0
9284,0,8,0,77,0,0,0,0
19196,1,7,0,234,2,1,0,0
2292,0,7,1,830,3,1,0,1
1348,0,1,1,586,2,0,1,0
11346,0,6,1,484,3,1,0,0
12890,1,4,0,1488,4,1,0,0
18481,0,2,0,271,4,0,0,0
3787,0,7,0,1845,3,1,0,1
4118,1,9,1,939,0,1,0,1
11402,1,5,1,1491,0,1,0,0
2070,0,8,1,469,4,1,1,1
8489,1,5,1,632,2,0,0,0
17686,0,7,1,547,4,1,0,0
15474,0,7,1,719,4,1,0,0
5888,0,9,0,1008,3,1,0,1
5508,1,3,1,270,0,0,0,0
9546,0,1,1,605,3,0,1,0
1022,1,2,1,965,4,1,1,0
519,1,6,1,378,1,1,1,1
18688,0,9,0,177,2,1,0,0
10889,1,3,0,274,4,1,0,0
1220,1,2,1,1715,3,1,0,0
11360,1,1,0,1665,1,1,0,1
17434,1,2,0,637,1,1,0,0
2436,1,3,0,27,4,1,0,1
5473,0,7,0,576,0,0,0,0
2343,1,2,0,60,1,0,0,0
19129,0,5,0,731,2,1,1,1
4712,0,2,0,1241,3,0,1,1
14046,0,7,1,1705,3,1,0,0
18349,0,8,0,661,3,1,1,0
11204,0,8,1,270,4,1,0,0
13529,0,8,0,1140,3,1,0,1
6471,1,9,0,245,3,1,1,0
6459,1,1,0,660,2,0,1,0
7963,1,1,1,1628,0,0,0,0
3328,0,2,0,85,4,0,0,0
14482,1,6,1,1623,4,1,0,0
18855,1,1,0,907,3,1,0,0
2991,1,5,0,1656,2,0,0,0
3856,0,5,1,1474,1,0,0,1
15870,1,4,0,1876,3,1,0,0
16578,0,5,0,536,3,1,1,0
2774,1,1,0,1911,4,1,0,1
6998,0,6,1,89,4,1,1,0
10247,0,7,0,549,3,1,0,0
893,0,8,0,854,4,0,0,0
2216,1,2,0,895,2,0,1,0
5879,1,7,1,507,1,1,1,0
12398,0,6,0,408,1,1,0,0
14253,1,9,1,1295,1,1,0,0
11211,0,8,0,524,3,1,1,0
10889,0,4,0,1518,3,0,0,0
11497,1,9,1,607,3,1,0,1
13099,1,1,1,1003,2,1,0,1
914,1,6,1,448,1,1,0,0
16829,0,8,1,543,4,1,1,1
10641,0,4,1,949,4,1,0,0
2543,1,2,0,350,0,0,0,1
10557,0,2,0,1769,0,0,0,0
10480,1,1,1,852,4,1,0,0
7883,0,5,0,328,1,0,1,1
11573,1,6,0,1836,3,1,0,1
17468,1,4,1,1310,4,1,0,1
15428,0,4,1,1059,4,1,0,0
927,1,5,1,1557,0,0,0,0
7247,1,5,0,623,1,0,0,1
4551,0,9,1,488,4,1,1,1
15443,1,8,0,1855,3,1,0,0
13735,0,9,1,1884,3,1,0,0
6059,1,3,1,487,2,1,1,1
226,0,3,1,145,3,0,0,0
19661,1,1,1,1548,4,1,0,0
8895,1,6,0,756,4,1,1,1
11741,1,4,0,146,3,1,0,0
7296,1,8,0,1021,0,1,0,1
11659,0,2,1,1775,1,0,0,0
3468,0,2,0,1527,4,0,1,0
3897,0,7,0,1628,3,0,0,0
15214,0,5,0,828,3,1,0,1
13818,0,1,1,1859,4,1,0,0
1892,0,7,0,627,2,0,0,0
11153,0,7,1,1551,1,1,0,0
3576,1,6,1,1296,4,1,0,1
3517,1,4,0,534,3,0,0,0
1745,1,8,0,630,2,1,0,1
14855,1,2,1,881,4,1,1,1
19514,0,2,1,1119,1,1,1,1
19356,0,2,1,1471,2,0,0,0
3172,0,3,0,415,3,0,0,0
1954,1,6,1,257,0,1,0,0
4762,0,1,1,1867,1,0,0,0
6614,1,2,1,1286,2,0,0,0
2808,0,2,0,87,4,0,0,1
11794,0,1,1,905,4,1,0,1
9624,0,3,1,1460,2,0,0,0
19991,0,7,1,1854,4,1,0,1
6556,1,1,1,570,2,0,0,0
4312,1,7,1,742,1,1,0,0
13324,0,5,0,108,4,1,0,1
8070,1,9,0,1043,1,1,0,0
17020,0,2,1,1389,3,1,0,1
1725,0,1,1,1677,3,0,1,0
10414,0,9,1,1403,3,1,0,0
8073,0,8,1,160,3,1,0,0
8677,1,6,1,100,4,1,0,1
8170,0,5,1,265,2,0,0,0
8766,0,8,0,1774,4,0,0,0
3700,1,8,1,750,4,1,0,1
6883,0,5,1,1073,1,0,1,0
13326,1,7,0,677,2,1,0,1
9246,0,1,0,799,0,0,0,0
5071,0,4,0,1439,0,0,0,1
13590,0,2,0,1083,2,0,0,0
17689,0,3,1,183,0,0,0,0
13051,0,1,0,659,2,1,1,1
12412,0,2,0,1471,1,0,0,0
2090,1,1,0,1922,1,0,0,0
5399,0,8,1,1325,4,1,0,0
13097,1,4,1,608,0,1,0,0
13572,1,3,1,1579,2,1,0,0
4480,0,1,0,1378,1,0,0,0
4857,1,2,1,1793,4,1,1,0
19197,0,3,0,1237,0,0,0,0
10495,1,3,0,1213,0,1,0,0
16341,0,6,0,643,0,1,0,0
5688,1,8,0,347,1,1,0,1
17450,1,6,1,812,1,1,0,0
5044,0,2,1,1927,0,0,0,0
13495,1,2,1,801,1,1,0,1
19916,0,7,1,1161,0,1,1,1
17172,0,1,0,1054,3,1,0,1
4343,0,1,0,146,1,0,0,1
10016,0,7,0,1848,2,1,1,0
10084,0,9,0,1492,1,1,1,0
1859,1,5,0,1641,0,0,0,0
9281,1,1,1,503,2,0,0,0
2582,1,5,1,799,4,1,0,0
1051,0,1,0,968,2,0,1,0
2179,1,9,0,1215,2,1,0,0
2817,1,4,1,471,1,1,0,1
9792,1,9,1,690,2,1,0,0
7411,1,2,0,1369,2,0,0,0
18549,1,7,1,1775,0,1,0,1
868,0,2,1,1,1,0,0,0
5590,0,4,0,110,0,0,1,1
15634,1,6,0,1874,1,1,0,0
6745,0,2,1,1811,4,0,1,0
5332,0,2,1,1907,2,0,0,0
11585,1,2,0,894,1,1,1,0
5897,1,3,1,1770,2,1,1,0
19819,0,5,1,1088,2,0,0,0
12442,1,9,1,756,3,1,0,0
8138,0,6,0,53,0,0,0,0
16102,0,9,1,262,1,1,0,0
13187,1,5,1,1553,4,1,0,1
4973,0,6,0,1326,3,0,0,0
1581,0,8,0,1992,0,0,0,0
10193,0,3,1,886,4,1,0,0
19935,1,2,0,234,4,1,0,1
14522,1,3,0,73,2,1,1,0
16538,1,9,1,1381,0,1,0,0
7743,1,6,0,951,3,1,0,0
19946,0,4,1,1627,1,1,0,1
15808,1,3,1,484,1,1,0,1
11371,1,2,0,1030,3,1,0,1
17316,1,4,1,1734,2,1,0,1
12700,1,9,1,877,2,1,0,1
11098,0,4,1,1732,4,1,0,1
14395,0,5,1,1832,0,0,0,0
10782,0,8,1,859,4,1,1,1
16480,1,2,0,1858,1,1,0,1
8619,1,3,0,137,3,0,0,0
19794,0,6,1,779,0,1,0,0
3400,1,7,1,1428,3,1,0,0
6822,1,4,0,628,0,0,0,0
7318,0,1,1,555,1,0,0,0
3154,0,7,1,743,1,0,0,0
13675,1,9,1,570,0,1,0,0
8070,1,1,0,1230,2,0,0,0
2243,1,1,1,410,0,0,0,0
9603,0,1,0,1830,1,0,0,0
15249,0,7,1,1630,3,1,0,0
19022,0,9,1,1060,4,1,1,0
12275,0,3,0,230,3,0,0,0
8456,1,8,0,1251,1,1,0,0
15170,0,9,1,1719,3,1,0,0
922,0,3,1,262,2,0,1,0
17427,1,3,1,1155,2,1,0,1
14389,1,1,0,1601,0,1,0,1
6250,1,2,1,892,3,1,0,0
4525,0,7,0,448,3,1,1,0
16132,1,3,1,186,1,1,0,1
2298,1,7,1,1653,0,1,0,1
3552,0,5,1,1210,0,0,0,0
9206,0,8,1,1298,3,1,0,0
13959,1,5,1,1687,4,1,0,1
17792,0,3,1,352,3,1,0,1
8805,1,9,1,1437,3,1,0,1
10212,1,7,0,1175,3,1,0,0
4941,0,5,1,384,2,0,0,0
15458,1,7,1,1060,0,1,0,1
1509,0,9,1,326,2,1,0,1
4666,0,5,1,465,4,0,0,1
11482,0,7,0,466,1,1,0,0
18039,1,9,0,1119,4,1,0,0
14696,0,1,1,1158,0,0,0,0
904,0,4,1,162,1,0,0,0
13321,1,1,0,556,4,1,0,0
1379,1,8,0,300,0,1,0,0
13292,1,3,0,1819,4,1,0,0
7183,1,2,1,356,1,1,0,1
11193,0,4,0,1264,1,0,1,0
17871,0,3,0,564,4,1,0,1
12980,0,5,1,1962,2,1,1,0
15617,1,8,1,793,4,1,1,0
19163,1,8,1,1023,4,1,1,1
2206,0,7,0,586,4,0,0,0
16186,1,8,0,1831,2,1,0,0
4931,1,5,0,750,3,0,0,0
19252,0,6,0,1191,1,1,0,0
3286,0,8,1,140,0,1,1,0
2673,1,1,0,1163,1,0,0,0
12908,1,6,1,1905,1,1,0,0
2699,1,6,0,235,3,1,0,0
4133,0,5,0,1027,1,0,1,1
8528,0,4,0,256,1,0,0,0
1404,0,1,1,371,2,0,0,1
17785,0,8,0,278,2,1,0,0
19025,0,6,1,516,2,1,0,0
18535,1,3,1,904,2,1,0,0
8733,1,3,1,1806,2,0,0,0
11472,1,6,1,1236,0,1,0,0
9096,0,7,0,1240,3,1,1,0
16558,0,8,0,270,4,1,0,0
5575,0,5,1,476,2,0,0,0
7284,1,6,1,1552,3,1,0,0
12975,0,1,0,928,4,1,0,1
1722,0,6,0,64,1,0,0,0
16088,1,9,1,1775,1,1,1,0
8141,0,4,0,460,3,0,1,1
16825,1,1,0,1040,0,1,0,0
18558,0,9,0,564,0,1,0,1
8092,0,4,1,1043,3,0,0,0
15746,1,2,1,1349,0,1,0,0
17129,1,1,1,908,0,1,1,1
4363,1,3,1,93,1,0,0,0
14160,1,7,1,773,0,1,0,0
15256,1,2,0,810,0,1,0,0
8746,1,9,0,1041,3,1,1,1
11764,0,2,0,1647,0,0,0,0
3069,0,5,1,840,2,0,0,0
3128,1,8,0,1896,2,1,0,0
19165,0,8,1,488,3,1,0,0
3729,1,3,1,1118,2,1,0,1
3167,0,2,1,1034,1,0,0,0
6041,1,9,1,1748,3,1,1,0
17870,0,3,1,749,0,1,1,0
19350,0,8,1,1790,2,1,0,0
11655,0,2,0,528,1,0,0,0
13181,0,3,1,1513,3,1,1,1
6919,0,1,0,1168,3,0,1,0
11146,1,6,1,554,0,1,1,0
17817,1,7,0,515,4,1,1,0
2811,1,4,1,1943,2,0,0,0
4953,0,1,1,1494,1,0,1,1
7815,1,3,0,377,3,1,1,0
9042,0,9,1,1692,2,1,1,1
15607,0,5,1,1518,1,0,0,0
15926,0,6,0,1709,1,1,0,1
1862,1,4,0,484,3,1,0,1
15950,0,1,1,452,2,1,1,1
12212,1,5,0,1560,1,1,0,0
12752,1,5,0,787,3,1,0,0
6222,0,5,1,1099,2,0,1,0
581,0,6,0,1064,2,0,0,0
14636,1,2,1,302,3,1,0,0
253,1,1,0,1576,2,0,0,1
7717,1,2,1,1086,4,1,0,0
1624,1,6,1,1774,1,1,1,1
2220,1,5,1,1527,1,0,0,0
15148,1,5,0,999,2,1,1,0
2443,0,6,1,1269,3,1,0,1
5236,1,7,0,18,0,1,0,0
1340,1,9,1,1676,2,1,0,0
160,1,7,1,398,0,1,1,1
9230,1,2,1,1007,2,1,0,1
18123,0,6,0,594,0,1,0,1
12412,0,9,1,189,2,1,0,0
13450,1,7,1,1644,3,1,0,0
12518,1,2,0,1770,0,1,0,0
1352,1,3,1,1804,4,1,0,0
8463,0,8,1,104,3,1,1,1
9750,0,9,0,1947,2,1,1,1
18806,0,4,0,1670,0,0,0,0
16414,0,9,0,1368,1,1,0,0
4190,0,2,1,1395,3,0,0,1
7060,0,5,0,33,0,0,0,0
3104,1,2,1,749,3,1,0,1
16813,0,1,1,374,0,0,0,0
3740,0,5,0,1872,1,0,0,0
1441,1,2,0,1202,4,0,0,0
11955,0,7,1,1036,1,1,0,0
438,1,8,0,1887,2,1,0,1
5995,0,2,0,1977,3,0,0,0
12354,1,7,1,741,4,1,1,0
19192,1,4,0,1845,3,1,0,0
11444,1,1,0,1805,0,1,0,0
1850,1,3,0,890,2,0,0,0
2521,1,1,1,456,2,1,0,1
7219,0,5,0,1894,3,0,0,1
5419,0,8,0,1667,2,0,0,0
15996,1,1,1,249,3,1,0,0
12018,1,9,1,448,0,1,0,0
13949,1,3,1,1018,0,1,1,0
4973,0,5,1,980,3,1,1,1
4906,1,9,0,1594,1,1,1,0
8692,1,5,1,1028,1,1,0,1
12282,1,9,1,1260,0,1,0,0
19641,1,8,0,173,4,1,0,0
16874,0,7,1,1346,1,1,0,0
12145,1,1,1,371,3,1,1,0
4530,1,4,0,1572,0,0,0,0
8920,0,9,1,791,2,0,0,0
4332,1,8,1,749,2,1,0,0
11222,1,4,0,787,1,1,0,0
15123,0,1,0,1320,4,1,0,1
8107,0,4,0,840,1,0,0,1
18005,0,3,0,400,4,1,0,1
9118,1,6,0,1082,1,1,1,0
1600,1,5,0,1899,2,0,0,0
6837,0,5,0,1554,4,0,0,1
3394,0,2,0,548,2,0,1,1
18903,0,3,0,408,3,0,0,0
19526,1,6,0,641,3,1,0,0
4597,1,2,0,1537,0,0,0,0
17950,0,4,0,64,2,0,0,0
714,1,2,1,574,2,1,0,1
9474,0,9,0,1902,0,1,1,1
19707,1,3,0,420,3,1,1,0
2767,1,6,0,1867,3,1,1,0
13509,1,1,0,146,4,1,0,1
16614,1,3,0,1296,4,1,1,0
3083,0,8,1,17,3,1,0,0
12751,1,5,1,1816,1,1,1,0
8330,1,8,1,98,2,1,0,0
6740,0,2,1,452,4,0,0,1
11879,1,7,0,1763,1,1,0,1
15417,0,9,1,975,4,1,0,1
17404,0,7,1,898,0,1,0,0
7664,1,3,0,1016,2,0,0,0
15620,1,7,1,1267,4,1,0,0
13837,0,8,1,479,3,1,0,1
9423,0,1,0,201,0,0,0,1
15329,0,3,0,1930,0,0,1,0
11813,1,5,1,1973,3,1,1,1
8602,0,6,0,1497,0,0,0,0
19725,0,3,1,179,2,0,0,0
645,0,4,0,508,4,0,0,0
4446,1,5,1,453,0,0,0,0
10096,0,3,1,270,2,1,1,0
15875,1,4,1,1258,3,1,1,0
14019,1,5,0,1648,4,1,1,0
3910,0,2,0,486,3,0,1,0
7306,1,9,1,578,4,1,1,0
9105,0,8,0,338,0,0,0,0
16471,1,6,0,861,0,1,1,0
12416,1,3,1,1973,4,1,1,0
18516,0,2,0,757,2,0,1,0
8536,0,7,0,757,2,0,0,1
13084,0,8,1,1472,2,1,0,0
371,1,1,1,584,1,1,1,0
19995,1,6,0,1381,2,1,1,1
18255,0,7,0,1073,0,1,0,0
10716,0,9,0,1520,1,1,0,0
4461,1,3,1,346,2,0,0,0
7169,1,2,0,702,0,0,0,0
17404,1,5,0,293,1,1,0,1
3530,0,1,0,1713,0,0,0,0
12776,1,6,0,1988,4,1,0,0
10916,0,9,0,1697,0,1,0,0
2150,1,9,0,1174,1,1,0,0
11792,1,7,1,1606,2,1,0,0
1265,0,7,1,1569,1,0,0,0
2133,0,8,1,796,2,0,0,0
245,0,2,0,1880,2,0,1,0
14369,1,6,0,1022,3,1,0,0
7932,1,5,1,1284,4,1,0,0
14386,1,5,1,1346,3,1,1,0
2732,0,3,1,77,1,0,0,0
4594,1,3,1,1134,3,1,0,1
15252,0,6,1,817,2,1,0,0
9255,0,7,0,896,1,0,0,0
10526,0,1,0,651,3,0,0,0
10333,1,3,0,547,0,1,0,0
1928,1,1,0,1447,4,0,0,0
12360,0,3,0,394,0,0,0,0
9230,1,5,1,1259,1,1,1,1
4905,0,9,1,1354,3,1,1,0
906,0,3,0,1736,2,0,1,0
8302,1,9,1,325,3,1,0,1
1968,0,1,0,151,1,0,0,0
14661,0,6,0,1570,1,1,0,0
15612,1,9,1,1660,1,1,0,0
14999,0,5,0,879,1,1,1,1
16320,0,2,0,1056,3,0,0,0
16034,0,5,0,272,0,0,0,0
5529,0,1,1,836,2,0,0,0
9176,0,9,1,1846,2,0,0,0
3664,0,9,0,1660,4,0,0,0
1489,0,6,0,1948,1,0,0,0
11693,1,9,1,368,1,1,0,0
7374,1,3,1,1516,1,1,1,1
17308,0,4,1,1340,0,0,0,0
18749,0,6,1,590,1,1,0,0
17420,1,4,0,588,4,1,0,0
10845,1,1,0,572,4,1,0,1
14299,1,7,0,1621,0,1,0,0
15976,1,5,1,1392,1,1,1,0
18280,1,8,1,80,3,1,0,0
8345,0,9,0,1910,3,1,1,0
7314,1,5,1,1196,2,1,1,1
826,1,8,0,258,0,1,0,0
19220,1,1,1,279,3,1,0,0
13932,0,1,0,504,2,0,0,0
11462,0,7,0,1757,4,1,0,0
18397,0,6,0,558,2,1,0,0
10206,0,5,0,491,1,0,0,0
7757,0,5,1,1609,1,0,0,0
18950,0,9,0,566,4,1,0,1
14651,1,1,0,1863,0,1,0,0
8006,0,8,0,1757,1,0,1,0
7387,0,2,0,1917,1,0,0,0
992,1,7,1,1361,2,1,1,0
10322,0,6,0,521,2,1,0,1
4775,1,2,0,326,2,0,0,0
2033,1,3,1,1196,3,1,0,0
17864,0,4,0,84,4,0,0,0
11973,1,7,0,1866,0,1,1,0
17774,1,8,0,841,2,1,0,1
18124,1,2,0,1548,0,1,0,0
13339,1,8,1,1505,2,1,1,0
10974,0,9,1,1568,1,1,0,1
17702,1,7,1,1442,0,1,1,0
5116,0,1,1,1363,3,0,0,0
13874,1,6,1,1825,2,1,1,1
9852,1,8,1,320,4,1,0,1
17438,1,5,0,304,1,1,0,1
15685,0,2,0,1296,2,0,0,1
7391,0,5,0,690,0,0,1,0
1074,0,8,0,1138,2,0,1,0
4233,1,2,1,407,1,0,0,0
14763,1,1,0,1050,4,1,1,0
4072,1,4,0,1261,4,0,0,0
5395,1,4,1,1334,4,1,0,1
14013,0,9,0,684,1,1,0,1
9205,1,3,0,233,2,0,0,0
8328,0,4,1,1022,1,0,0,0
10003,1,3,0,549,1,1,0,0
3120,0,2,0,1289,2,0,0,0
9087,0,4,1,1037,3,0,1,0
12980,1,8,0,496,4,1,0,0
5333,1,1,0,1340,0,0,0,0
9616,0,8,0,618,0,0,0,1
14659,1,8,0,1662,2,1,0,0
16801,1,3,0,848,0,1,0,0
2496,0,6,1,1006,3,1,1,1
18646,0,4,0,384,1,0,0,0
19229,0,1,0,1017,4,0,0,0
1691,0,1,0,642,0,0,1,0
11403,1,5,1,316,0,1,0,0
6283,0,8,1,256,2,0,0,0
1412,0,1,1,441,2,0,0,1
7414,0,2,0,1139,1,0,1,0
18867,1,7,0,299,4,1,0,1
19723,0,8,0,915,0,1,0,0
2239,1,3,0,1148,1,0,0,0
14788,0,8,0,256,4,1,0,0
18188,0,1,1,651,1,0,0,0
7024,1,9,0,1742,0,1,0,0
462,0,2,0,47,2,0,0,0
19088,0,2,1,1753,2,0,0,0
13581,1,4,1,1855,2,1,0,0
3838,0,3,1,903,3,0,0,0
2569,0,4,1,463,1,0,0,1
16206,0,6,1,1374,0,1,0,1
17040,0,7,0,1147,1,1,0,1
9117,1,5,0,31,2,0,1,0
2908,0,2,0,55,1,0,1,1
16470,1,3,0,153,4,1,0,0
14970,0,3,0,456,1,0,0,0
12813,1,5,1,286,3,1,0,1
7661,0,5,0,36,3,0,0,0
2819,1,4,0,818,2,0,1,0
11800,0,8,1,1934,0,1,0,1
3841,1,6,1,1821,4,1,0,0
9866,1,6,0,1947,0,1,0,0
4098,0,1,0,1909,0,0,0,1
18887,1,6,1,256,4,1,1,1
16177,0,3,0,178,3,1,0,1
394,0,6,1,1572,2,0,0,0
10277,0,6,0,1278,1,1,0,1
9982,0,2,1,508,3,0,1,0
1236,0,1,1,1698,2,0,1,0
2164,1,3,1,21,3,1,0,0
7109,0,5,0,1830,4,0,0,1
13087,0,4,1,75,0,0,0,0
4643,0,7,1,719,4,1,0,0
1107,0,4,0,460,1,0,0,0
5545,0,8,0,1202,4,0,0,0
10806,0,7,0,1406,0,1,1,0
14849,1,9,1,1061,3,1,0,0
11818,1,1,1,1995,2,1,0,0
9539,0,5,1,1144,1,0,0,0
13381,1,4,0,1939,3,1,0,0
1535,0,6,0,630,2,0,0,1
671,0,1,1,1,0,0,0,0
2482,0,6,0,1745,4,1,0,1
5184,0,1,0,936,3,0,0,1
16761,0,1,1,311,2,0,0,0
13607,1,8,1,1232,2,1,0,0
7159,1,2,0,1178,4,1,0,1
18371,1,6,1,762,3,1,0,0
12871,1,6,0,683,3,1,0,0
17749,0,6,0,315,0,1,0,0
7591,1,8,1,307,3,1,0,0
14627,0,4,1,1528,4,1,0,0
17524,1,3,0,619,3,1,0,0
14959,1,6,0,1679,0,1,0,0
8173,1,4,1,1544,2,0,0,0
9177,1,2,0,1630,3,0,0,0
19236,0,6,0,1934,4,1,1,0
11483,1,5,0,1121,3,1,0,0
16478,1,9,0,1514,1,1,0,0
2453,0,6,0,7,0,0,0,0
4899,0,3,1,1810,2,0,1,1
17170,1,5,0,1036,1,1,0,0
12039,0,8,0,514,4,1,0,0
2528,0,9,1,1970,3,1,1,0
11396,0,8,1,349,0,1,1,0
7913,1,3,1,917,3,1,1,0
14514,0,9,0,1031,3,1,0,0
11901,1,3,0,500,3,1,0,1
11845,1,8,1,475,3,1,0,0
13125,1,9,1,524,0,1,0,0
3456,1,7,1,1876,1,1,0,1
14388,0,4,1,1081,4,1,0,1
6640,1,9,1,590,1,1,0,0
16522,0,3,0,1610,0,0,0,1
3442,1,3,1,233,4,1,0,0
9178,0,2,0,791,2,0,1,0
2944,1,3,0,1054,1,0,0,0
10496,0,1,1,367,0,0,0,0
17582,1,4,1,1850,0,1,0,1
18307,1,8,1,1631,0,1,1,1
14098,0,5,1,1844,4,1,0,0
13361,1,2,1,56,3,1,1,1
19639,1,3,0,10,2,1,1,1
3193,1,1,1,1939,4,1,0,1
11822,0,2,1,147,4,1,1,1
19380,1,1,0,364,1,1,0,0
11745,1,2,1,1623,2,1,0,1
15183,0,3,1,253,0,0,0,0
1088,0,1,1,1723,4,0,0,0
6546,0,9,0,940,2,0,0,0
16435,0,5,1,1769,1,0,0,0
16233,0,8,1,1277,3,1,0,0
1782,1,5,1,1467,2,0,0,0
5726,1,8,1,736,0,1,0,0
7524,1,7,0,340,4,1,0,1
12957,0,4,1,1540,3,1,1,1
12255,1,7,0,1377,1,1,0,0
17417,0,6,1,624,0,1,1,1
11525,0,3,1,705,3,1,0,1
2080,1,9,1,1677,1,1,0,0
15622,0,9,0,323,0,1,0,0
19540,0,5,1,1164,4,1,0,0
9084,1,8,1,861,1,1,1,1
17275,0,7,0,1975,3,1,0,1
15983,0,9,1,1469,0,1,0,1
5490,1,7,1,95,2,1,0,0
18739,0,4,1,553,0,1,1,0
1707,0,4,1,1444,3,0,0,0
6673,1,8,0,1538,3,1,0,1
17468,1,6,0,790,2,1,0,0
5876,1,9,0,1174,3,1,0,0
3776,1,7,1,553,0,1,0,0
3480,0,7,1,1375,1,0,0,0
8811,0,4,1,116,0,0,0,0
8882,1,3,1,632,3,1,1,0
17534,0,8,0,1261,2,1,0,0
14097,0,7,1,270,2,1,0,1
6442,1,4,0,861,4,1,1,0
17443,1,4,1,291,2,1,0,1
6159,0,1,1,1458,2,0,0,0
8984,1,7,0,9,3,1,0,1
5755,1,1,1,1775,1,0,0,0
12191,1,4,0,630,1,1,0,0
19430,0,3,0,864,3,0,0,0
15351,1,3,1,1851,2,1,1,0
626,0,1,0,1848,0,0,1,0
3324,0,4,0,475,1,0,0,0
15169,0,1,1,1546,3,1,0,0
11636,1,8,0,537,0,1,0,1
13647,1,1,0,685,2,1,0,0
18359,1,6,1,1761,3,1,0,0
1863,1,7,0,1035,1,1,0,0
8812,1,2,1,613,0,1,1,0
5897,0,4,0,777,0,0,0,0
9308,0,3,1,1927,1,0,0,1
5209,0,9,1,1351,0,1,1,0
16600,1,7,1,1954,1,1,0,0
2533,0,2,1,595,3,0,0,0
17067,0,6,1,276,4,1,0,1
4267,1,9,0,370,2,1,0,0
17873,1,3,1,1514,3,1,0,1
8457,0,6,1,345,2,0,0,0
6254,0,3,0,1797,2,0,0,0
9020,1,3,1,368,1,0,0,0
18527,1,4,0,1757,4,1,0,0
19980,1,9,0,1335,2,1,0,0
17262,1,8,1,731,2,1,1,0
313,0,1,0,1625,3,0,0,0
3862,0,1,0,1509,4,0,1,0
13499,1,7,0,15,4,1,1,0
9868,0,3,1,758,2,0,0,0
10740,0,7,0,688,4,1,1,1
6831,1,9,1,4,3,1,0,1
19601,0,3,1,1870,1,0,0,0
5891,0,3,0,1400,2,0,1,0
15922,0,2,1,1393,0,1,1,0
8883,1,1,0,1489,2,0,0,0
13721,1,9,0,533,2,1,1,0
16119,0,6,1,1744,1,1,1,0
2820,1,6,1,986,0,1,0,0
9005,1,8,1,1161,0,1,0,1
9227,1,5,0,834,0,0,1,0
16485,0,9,0,363,1,1,0,0
6468,0,5,0,1999,4,0,0,0
14156,1,2,1,1955,0,1,0,0
12336,0,6,0,1240,4,1,0,0
18433,0,9,0,1392,3,1,0,0
14551,0,3,0,117,1,0,0,0
17401,0,4,0,1203,4,0,0,0
19658,0,8,1,1270,0,1,1,0
10533,1,6,0,128,0,1,0,1
15625,0,7,1,1382,4,1,0,0
189,0,7,0,78,4,1,1,0
18193,0,4,0,741,3,1,1,0
10461,1,6,0,1317,1,1,0,1
16469,1,9,1,774,2,1,0,0
3141,1,3,1,82,3,1,1,1
205,0,8,1,342,3,1,0,0
9178,1,7,0,1362,3,1,0,1
18379,1,4,0,819,0,1,0,0
6190,1,3,1,578,4,1,0,0
6182,1,7,0,96,1,1,0,0
17118,0,9,0,1169,0,1,1,0
2025,1,3,1,577,3,1,1,0
18540,1,9,0,521,1,1,0,0
7017,0,8,0,1421,0,0,0,0
19628,0,3,0,996,2,1,1,1
652,1,8,1,357,3,1,1,0
4011,0,4,0,186,0,0,1,0
3489,1,6,1,1694,0,1,0,1
13729,0,2,0,543,3,0,0,0
2530,0,8,1,151,2,0,0,0
558,1,9,1,1343,4,1,0,1
13495,0,7,1,1778,2,1,1,0
307,1,8,1,1692,3,1,0,0
999,0,7,0,1083,4,0,0,0
11753,1,4,1,10,0,1,0,1
16505,0,1,0,857,2,0,0,0
8701,0,3,0,1148,2,0,0,0
994,0,7,1,356,4,1,1,0
614,0,7,0,1370,0,0,0,0
4209,0,3,0,794,2,0,0,1
13358,1,1,0,237,4,1,0,0
15413,0,9,0,333,2,1,0,0
15449,1,6,1,17,0,1,0,0
7279,1,7,0,1448,0,1,0,0
10426,1,1,0,324,1,1,0,1
11887,0,1,0,23,4,0,0,0
1660,1,4,0,931,3,0,0,0
13712,0,7,0,459,2,1,0,1
17750,1,8,1,1484,0,1,1,0
19911,1,9,0,521,2,1,0,0
4880,1,1,1,719,2,1,0,1
18411,1,4,0,557,3,1,1,1
11994,1,4,1,1445,0,1,0,0
2456,0,3,0,1989,1,0,0,0
4890,1,7,0,403,4,1,0,0
16790,1,1,1,1355,2,1,0,0
10281,0,9,1,457,3,1,0,0
7157,0,8,1,1507,3,1,1,0
16182,0,2,0,1522,4,1,0,1
761,1,2,1,1051,4,1,0,0
4744,1,8,1,397,0,1,0,0
15811,1,1,1,1977,2,1,1,0
3020,1,7,0,1212,2,1,0,1
16102,1,9,0,140,4,1,0,1
14125,1,3,0,521,1,1,0,0
9046,0,7,1,746,2,1,0,1
12832,0,6,0,92,3,1,0,1
6336,1,7,0,77,4,1,0,0
16409,1,7,0,852,2,1,0,1
13618,1,1,0,1268,0,1,0,0
452,1,3,1,845,4,1,0,0
7105,1,1,0,667,3,0,0,0
14136,0,5,1,1754,0,0,0,0
16642,0,3,1,959,4,1,1,0
1056,1,1,1,989,4,1,0,0
2171,0,2,1,797,2,0,0,1
8695,1,5,1,1686,0,0,0,0
15240,1,3,1,1865,4,1,1,0
12903,1,6,0,88,3,1,0,1
3553,0,9,1,1642,0,0,0,0
6775,0,6,0,915,2,0,0,0
1055,1,2,1,1318,1,0,0,0
6395,0,2,0,95,4,0,0,0
16021,0,8,1,1277,1,1,0,0
18196,1,8,0,551,4,1,0,1
15382,0,6,0,399,2,1,0,0
4803,0,7,1,767,2,0,0,0
6663,1,1,1,1078,2,0,0,0
12103,1,9,1,1952,2,1,1,1
10917,0,5,1,243,0,0,0,0
11271,1,9,0,1134,0,1,0,0
12682,0,2,0,1790,4,1,0,1
12301,1,8,1,624,0,1,0,0
17878,1,7,1,1710,4,1,0,0
12573,1,4,0,701,0,1,1,0
9561,1,3,1,1245,0,0,0,0
15696,0,4,0,1785,0,0,0,0
629,1,4,1,564,3,1,1,0
19442,1,8,1,162,2,1,0,1
12865,1,4,0,1993,3,1,1,0
14010,0,5,0,35,0,0,1,0
11661,0,2,1,966,0,1,0,1
9231,1,4,0,37,3,0,0,0
625,1,7,1,846,4,1,1,0
16485,1,3,0,829,2,1,0,0
474,1,1,1,623,4,1,0,0
12297,1,8,1,1394,2,1,1,0
4748,1,8,1,1201,1,1,0,0
2465,0,6,0,521,2,0,0,0
18009,1,7,0,1299,4,1,0,0
1746,1,2,0,1657,2,0,0,0
113,1,5,0,105,1,0,0,0
4699,1,7,1,156,1,1,0,1
2378,1,9,0,336,0,1,0,0
14396,1,1,0,1050,1,1,0,0
3255,0,3,0,1958,3,0,0,1
8421,0,6,1,296,4,1,0,0
3914,0,7,0,1561,3,1,0,1
13225,0,6,0,1379,3,1,0,0
3316,0,1,1,886,4,0,0,0
2213,0,4,1,69,3,0,0,0
10338,1,6,1,1351,3,1,0,0
13860,1,8,1,151,3,1,0,0
12688,1,4,1,857,1,1,0,0
3474,1,7,1,577,4,1,0,0
6530,1,3,1,662,4,1,0,0
19950,1,8,0,1344,4,1,0,0
19565,0,1,1,757,3,1,0,0
12070,1,4,1,452,1,1,0,0
729,0,8,1,570,4,1,0,0
16753,0,4,1,1692,2,0,0,0
10931,1,2,1,1136,4,1,0,1
5824,1,2,0,635,0,0,1,0
11183,1,4,0,1486,2,1,0,0
13249,1,4,0,1889,4,1,1,0
19916,1,2,0,1988,3,1,1,0
9572,1,7,0,362,4,1,0,0
6376,1,6,0,203,1,1,0,0
15735,0,3,0,487,1,0,0,0
5995,1,8,1,1504,4,1,1,0
14094,1,8,1,4,3,1,0,0
10652,0,1,1,1153,3,1,0,1
17059,1,3,1,1050,3,1,1,0
6199,1,5,1,801,4,1,0,1
9599,0,2,1,977,4,0,0,1
19676,1,5,0,27,0,1,0,0
3278,1,3,1,1066,1,1,1,0
19218,1,9,1,965,2,1,0,1
6216,1,1,1,1607,2,1,0,1
15663,1,4,0,64,1,1,1,1
3668,1,6,0,1049,0,1,0,0
9947,0,9,0,72,1,0,0,0
14235,1,3,1,1506,0,1,0,1
18687,1,3,1,1897,0,1,0,1
17874,0,5,1,900,3,1,0,0
1842,0,7,0,268,1,0,0,1
18409,1,5,0,1850,2,1,0,0
719,0,8,1,95,4,1,0,0
17758,1,5,0,395,4,1,0,0
17440,1,7,1,869,1,1,0,0
2039,0,6,0,364,4,0,0,0
16101,1,2,0,1339,0,1,1,0
1068,1,3,0,117,4,1,0,1
14946,0,4,1,164,0,1,1,0
381,0,5,0,877,0,0,1,0
15460,0,9,1,790,2,1,0,0
6362,0,6,1,577,4,1,1,0
1158,1,1,1,306,2,1,0,1
10824,0,3,0,772,4,0,0,0
5278,0,7,0,1764,0,0,1,0
7080,0,8,0,200,4,1,0,1
9300,0,7,1,1756,2,1,0,1
1329,0,5,0,180,3,0,0,0
8567,1,8,0,358,2,1,0,0
19224,0,9,1,740,3,1,0,0
2389,1,7,1,1276,1,1,1,0
1339,0,9,1,1323,2,0,0,0
5470,0,1,0,1897,4,0,0,1
16270,0,9,0,430,3,1,1,1
225,0,3,1,1028,4,0,0,0
12604,0,6,0,653,3,1,0,1
15498,0,8,1,678,2,1,0,0
6738,0,3,0,254,2,0,0,0
6670,0,4,1,941,4,0,0,0
3349,1,7,0,1689,2,1,1,0
9210,0,7,1,1603,4,1,1,0
7695,1,4,1,1591,0,1,0,1
13705,0,9,1,1120,3,1,0,0
12215,1,3,0,167,4,1,1,0
6394,0,8,0,1857,3,0,0,0
5857,0,8,0,1355,0,0,0,0
12695,0,4,1,1922,3,1,0,1
2069,1,7,1,965,4,1,0,0
11085,1,4,1,1912,2,1,1,0
17375,1,1,1,854,3,1,0,0
4570,1,1,1,1086,3,1,1,1
10325,0,1,1,174,0,1,1,1
9656,0,2,1,1277,1,0,1,0
9306,0,6,1,1485,2,1,0,1
10091,1,5,1,624,4,1,0,0
7619,0,2,0,1239,0,0,0,0
13769,1,8,1,1263,4,1,0,1
4712,1,9,0,415,4,1,0,1
12473,1,7,1,739,3,1,1,0
17682,1,9,0,1766,0,1,0,0
15652,1,4,1,1769,0,1,0,0
14746,0,7,0,675,2,1,0,0
5338,1,5,1,126,1,0,0,0
15677,1,5,1,941,4,1,0,0
15604,0,3,1,253,2,1,1,0
3819,1,9,0,1869,2,1,0,1
402,1,5,1,1974,4,1,1,1
12244,0,6,0,1735,3,1,0,1
17470,0,3,0,197,3,0,0,0
10155,0,7,0,1658,4,1,1,1
4540,1,9,0,413,0,1,0,0
3172,0,9,0,1480,1,0,0,0
13698,0,5,1,776,3,1,0,1
14387,0,7,0,1078,1,1,1,0
14065,1,3,0,1671,2,1,0,1
19608,0,6,0,1363,2,1,0,0
9619,1,8,0,1383,4,1,0,0
13480,1,8,1,1175,4,1,0,0
11965,0,2,1,1124,4,1,1,0
8225,1,6,1,234,3,1,1,0
3391,1,7,0,1568,1,1,1,0
4133,0,7,0,1086,2,0,0,0
5205,1,3,0,1965,1,0,0,1
17187,0,9,1,196,3,1,0,0
8233,1,2,0,542,1,0,0,0
17058,1,3,1,1779,1,1,1,1
5804,0,2,0,1130,4,0,0,1
7948,0,9,0,295,1,0,1,0
13075,1,4,1,645,1,1,0,0
7024,1,2,0,1475,1,1,1,1
19714,0,3,1,1558,0,1,0,1
588,1,4,0,156,2,0,0,0
7214,1,6,1,406,2,1,0,0
15840,1,5,0,896,1,1,0,0
3273,1,3,0,726,4,0,0,0
1767,0,8,0,738,4,1,0,1
4214,0,8,0,797,4,1,0,1
3653,0,7,0,1707,2,0,0,0
7861,0,3,1,554,3,0,0,1
1100,0,1,1,1596,1,0,1,1
15738,0,5,0,375,2,0,0,0
17872,1,1,1,1613,4,1,0,0
5550,0,6,1,455,2,0,0,0
3812,1,7,1,202,2,1,0,0
1467,1,5,1,1756,2,0,0,0
8289,1,4,0,1476,4,0,0,0
9113,0,2,1,1211,3,0,0,0
16938,1,5,1,1632,0,1,0,0
19256,0,9,0,854,1,1,1,0
3826,1,4,0,724,1,0,1,0
4906,1,2,0,1392,2,0,0,1
2290,0,6,0,340,3,0,0,0
9208,1,8,0,262,4,1,0,0
12278,1,2,0,1865,0,1,0,1
2975,1,9,0,1948,0,1,0,1
5692,1,7,0,1613,2,1,0,0
17924,0,2,1,543,2,0,0,0
12692,1,5,0,551,4,1,0,1
9027,1,5,1,1330,4,1,0,0
14537,0,7,0,1870,4,1,0,1
11630,1,5,0,1750,2,1,0,0
7110,1,6,1,638,3,1,0,0
11307,1,9,0,165,2,1,0,0
3089,1,3,0,758,2,0,0,0
12140,0,3,1,621,0,0,0,0
9318,1,8,1,1112,4,1,0,1
6571,0,6,1,1224,1,0,0,0
2963,1,3,1,1295,4,1,0,0
10793,1,2,1,51,3,1,1,1
1277,1,2,1,489,3,1,0,1
4860,0,2,0,198,4,0,0,1
111,1,5,0,1047,4,0,0,0
16453,1,5,0,665,2,1,0,0
11656,0,1,0,1247,1,0,0,0
11663,0,2,0,1966,2,0,0,0
14151,0,2,1,1245,0,1,0,1
11122,0,4,1,663,0,0,0,0
8334,1,7,0,266,3,1,1,0
16273,1,3,1,73,3,1,0,0
13278,1,5,0,1905,1,1,1,1
6670,1,9,1,77,3,1,0,0
506,0,5,0,544,0,0,0,0
9306,1,9,0,881,1,1,0,0
4531,1,1,0,435,0,0,0,1
6642,1,9,1,1961,4,1,0,0
9006,1,5,1,1089,4,1,0,0
4246,0,8,0,1985,1,0,1,0
12146,1,5,1,357,2,1,0,0
12711,1,6,0,936,3,1,0,0
13176,1,8,0,18,1,1,0,1
16624,0,2,1,676,3,1,0,1
4982,0,3,0,1823,0,0,0,0
14213,1,9,0,1590,2,1,0,0
13745,1,5,0,575,3,1,1,0
6112,1,5,1,1793,4,1,0,0
17447,0,9,0,751,4,1,0,0
7251,1,3,0,1460,0,0,1,0
3710,1,4,0,996,1,0,0,0
9984,1,7,0,1465,3,1,0,1
6994,0,2,1,1033,0,0,0,0
13567,1,8,0,1494,4,1,0,0
16589,1,5,0,632,4,1,0,1
9973,0,1,1,1372,4,0,1,0
12389,0,3,1,1626,2,0,0,0
12308,1,9,1,372,2,1,0,1
10928,0,5,1,970,4,1,0,0
2237,1,8,1,1848,1,1,0,0
1386,0,1,1,1199,2,0,0,0
15810,0,7,0,1539,3,1,1,1
11471,1,7,0,1154,2,1,0,1
16045,1,8,1,1590,3,1,0,0
7152,1,3,0,1317,2,0,0,0
3754,0,1,1,1720,4,1,1,1
18843,1,9,0,1951,3,1,0,0
15700,1,1,1,353,1,1,0,1
8736,1,6,1,224,2,1,0,1
6541,1,9,0,1548,2,1,0,0
9767,1,2,1,954,4,1,0,1
12249,0,4,0,1731,3,0,0,0
1898,1,2,1,1783,4,1,0,0
9700,1,4,1,1533,3,1,1,0
5595,0,2,0,368,2,0,0,0
10000,1,1,1,1690,2,1,1,0
13773,1,3,0,1614,2,1,0,1
11230,1,8,0,1676,2,1,0,1
15322,1,5,0,1524,0,1,0,0
1400,1,4,0,1114,2,0,0,0
9535,0,5,0,656,2,0,0,0
19581,0,6,1,1973,3,1,0,0
4716,0,6,1,1096,2,1,1,0
16493,1,5,0,433,2,1,0,0
10717,0,6,1,1713,3,1,0,0
5852,1,9,0,1372,2,1,0,0
9952,1,5,1,1287,2,0,0,0
6395,1,6,0,1295,4,1,0,0
17556,0,4,1,509,0,1,0,1
3325,0,3,0,508,3,0,0,1
1416,0,6,1,617,4,1,0,0
12437,1,5,0,420,1,1,0,0
6907,0,4,0,1096,1,0,0,0
3783,1,5,1,74,0,0,0,0
7327,0,7,0,1679,1,0,1,0
3373,0,1,0,1527,0,0,0,1
245,1,1,1,574,1,1,1,1
5110,1,1,1,146,1,0,0,0
16135,0,2,0,46,4,1,1,0
3140,0,9,0,1765,1,0,0,1
9754,0,5,0,1129,0,0,0,0
16966,1,9,0,1133,2,1,0,0
19663,1,5,1,1341,2,1,0,0
17733,0,7,0,121,2,1,0,1
17114,0,6,0,1523,0,1,0,1
15096,1,2,1,1067,0,1,0,0
16436,0,3,1,1964,2,1,1,0
8953,1,5,0,99,1,0,0,1
11795,1,4,1,706,2,1,0,1
2952,1,6,1,311,3,1,0,0
16114,1,8,1,1238,0,1,0,0
1087,1,8,0,1487,3,1,0,0
7722,1,3,0,1765,3,0,0,0
9260,0,4,0,423,0,0,0,0
17584,1,1,1,1413,2,1,1,0
6752,1,2,0,1721,4,1,1,1
7521,0,9,0,1136,3,1,1,0
869,1,2,0,1935,2,0,0,0
17827,0,6,1,1883,4,1,0,1
14214,1,7,0,272,3,1,0,0
4458,0,6,0,825,2,0,0,0
11643,0,8,0,1126,3,1,1,0
18833,1,9,0,210,2,1,0,1
5799,1,8,1,739,1,1,0,1
17725,1,5,0,793,1,1,1,1
1225,1,8,0,1046,0,1,1,0
10893,0,9,1,760,4,1,0,1
6864,0,8,1,159,3,1,0,0
12423,0,2,1,1915,3,1,0,0
13131,1,2,1,741,2,1,0,1
14152,0,3,1,1954,4,1,0,0
12740,1,7,0,343,3,1,1,1
7943,1,9,1,1424,4,1,0,0
14310,0,8,1,1478,4,1,0,1
16556,1,9,1,699,1,1,0,0
10206,0,6,0,1167,3,1,0,1
5289,1,1,0,1874,3,0,0,0
2572,0,4,0,1894,0,0,0,1
17191,1,6,1,397,4,1,0,1
18288,0,6,0,536,2,1,0,0
6804,0,8,1,141,1,1,0,1
3813,1,1,1,961,0,1,0,1
5151,1,2,0,240,1,0,0,0
10856,0,2,0,292,2,0,0,1
2575,1,6,0,817,0,1,0,0
3710,1,7,1,82,1,1,0,0
4355,1,2,0,560,2,0,0,0
14584,0,5,0,1889,0,0,0,0
1835,0,6,0,870,2,0,0,0
8358,1,4,0,171,0,0,0,0
8079,1,1,0,1798,3,0,0,0
2528,0,3,1,977,3,0,0,0
12445,1,9,1,580,1,1,0,0
7526,0,6,0,526,4,0,0,0
8633,1,2,1,542,4,1,0,0
5349,1,9,1,110,2,1,0,0
19301,1,4,1,1236,0,1,1,0
9786,0,8,0,1800,3,1,1,0
14209,0,7,1,1462,4,1,0,0
761,0,3,0,322,3,0,0,0
12175,0,8,1,900,2,1,0,0
14888,1,4,0,714,2,1,0,0
10160,1,2,1,84,0,1,0,0
15936,0,5,1,956,4,1,0,0
10626,1,1,0,376,2,1,1,0
3474,1,8,0,1077,2,1,0,0
307,0,8,1,1891,3,1,0,0
2765,1,3,0,1520,1,0,1,0
18977,1,1,0,1280,4,1,0,1
732,0,4,0,586,0,0,0,0
3183,1,9,0,1244,0,1,0,0
13811,1,9,1,1679,3,1,1,0
10223,1,1,0,100,0,1,0,0
7223,0,7,1,129,2,0,0,0
10854,0,6,1,918,4,1,0,0
1779,1,7,0,219,0,1,1,0
16001,1,7,0,477,4,1,0,1
336,1,8,0,1807,0,1,1,0
7546,0,8,0,1482,1,0,0,1
4543,0,2,1,22,1,0,0,0
15563,0,4,1,1714,4,1,1,0
8655,1,4,0,560,1,0,0,0
18852,1,8,1,629,1,1,0,0
16769,1,3,0,1019,2,1,1,1
248,1,3,1,1353,0,1,0,1
13495,1,2,1,1912,1,1,0,0
4995,0,1,1,1715,4,0,0,1
17496,1,8,0,1504,2,1,0,0
11123,1,9,0,1809,1,1,0,0
10799,1,9,1,1898,4,1,0,0
9815,0,8,0,339,0,0,0,0
19269,1,5,0,1896,1,1,0,1
16263,0,1,1,1883,4,1,0,1
5882,0,9,0,179,4,1,0,1
18892,0,6,0,421,3,1,1,1
16824,0,7,1,1506,4,1,1,0
2917,0,8,1,1007,3,1,0,0
15196,1,5,1,49,0,1,0,0
18980,1,6,1,1851,0,1,0,0
5399,0,7,0,1930,2,0,0,1
10017,0,7,0,767,3,1,1,0
18173,0,2,1,30,4,1,0,0
3367,1,1,1,85,2,1,0,1
4506,1,8,0,789,2,1,0,0
17926,0,5,0,1526,0,0,0,1
10482,1,2,0,1570,4,1,0,1
4537,1,3,1,329,3,1,0,0
5535,0,6,1,610,0,0,0,0
4207,0,6,1,434,2,1,1,1
660,1,8,1,588,1,1,0,1
12429,1,5,0,1711,2,1,0,0
1926,1,5,1,1877,1,1,1,1
11521,0,7,1,1273,0,1,1,0
12365,0,5,0,1876,3,1,1,0
7729,0,9,1,1158,4,1,0,0
8425,1,6,0,690,1,1,0,0
19622,1,7,1,1389,4,1,1,0
7793,0,8,0,1764,0,0,0,1
8364,1,5,0,1599,0,0,0,1
12786,0,4,0,1804,0,0,0,1
13816,1,8,1,425,3,1,0,0
6821,0,9,1,1439,1,0,0,0
19462,1,1,1,770,4,1,0,0
7473,1,3,1,1680,2,0,0,0
6007,0,4,1,512,0,0,0,0
16227,0,7,1,1409,4,1,0,1
5756,0,6,0,1412,4,0,0,0
9084,0,1,1,1839,3,0,0,0
8386,0,4,1,1012,1,0,0,1
6001,1,6,0,1473,3,1,0,0
5017,0,3,0,564,3,0,0,0
8529,0,2,1,303,4,1,1,1
14816,0,2,0,99,1,0,0,0
15895,0,4,1,1997,1,1,1,0
11238,0,1,0,1330,1,0,0,0
2630,1,2,1,557,0,1,1,0
18444,0,2,0,42,1,0,0,0
17532,0,4,0,991,4,0,0,0
5872,0,4,1,468,0,0,1,1
15576,1,1,1,440,2,1,1,1
19013,1,7,0,327,3,1,0,1
15851,0,7,0,569,1,1,0,0
3064,0,1,0,33,2,0,0,0
7237,1,8,0,412,1,1,0,0
17447,1,7,1,1650,3,1,1,1
17020,1,7,0,812,4,1,0,1
13991,0,6,0,1138,4,1,0,1
7440,0,4,1,508,3,0,0,1
8067,1,8,1,56,2,1,0,0
12515,0,2,1,1580,0,0,0,0
11971,1,7,1,1748,0,1,0,0
12016,1,3,1,1376,1,1,0,1
8834,1,3,1,1353,3,1,0,0
945,0,7,0,546,3,1,1,1
19520,1,3,0,1294,0,1,0,0
2594,1,5,0,196,2,0,0,1
12777,0,8,1,413,3,1,0,1
19203,1,4,1,637,4,1,0,0
18368,0,7,0,1103,4,1,0,0
12430,1,7,0,1791,3,1,0,1
5279,0,2,1,1681,2,0,1,0
6710,1,8,1,1107,4,1,1,0
6530,1,9,0,742,2,1,0,0
7254,1,6,0,137,0,1,0,0
13928,1,5,0,539,1,1,0,1
10245,1,1,0,689,0,1,0,0
6588,0,1,0,719,1,0,0,1
3950,0,9,1,933,4,1,0,0
17173,1,4,0,1948,1,1,0,0
13664,1,1,0,306,1,1,0,1
5178,1,3,1,1335,3,1,0,1
12268,0,6,0,388,1,1,0,0
5548,0,8,1,725,3,1,0,1
17663,1,2,1,1890,1,1,1,0
9174,0,8,0,915,3,0,0,0
6506,1,1,0,549,4,0,0,0
8900,1,2,1,506,4,1,0,1
14183,1,8,1,388,1,1,0,1
1738,0,7,1,293,2,0,0,0
10440,1,5,0,179,4,1,0,0
1482,1,2,0,672,0,0,0,1
1503,1,9,0,1453,0,1,0,1
9111,0,5,0,1904,3,0,1,0
3392,0,8,0,1548,2,0,0,1
9111,0,4,1,1705,3,0,0,1
519,1,9,0,1336,1,1,0,0
12511,0,7,0,80,4,1,1,0
4617,1,2,1,1038,2,1,1,0
19786,0,3,0,1078,3,1,0,1
15522,1,2,0,447,3,1,1,0
9800,0,5,0,766,0,0,1,1
5793,1,2,1,1089,1,0,0,0
867,0,5,1,1396,3,0,0,0
18528,0,9,0,503,0,1,0,0
14918,0,2,0,570,2,0,0,0
1649,1,9,0,96,3,1,0,1
10056,0,7,1,1557,0,1,0,1
6240,0,7,1,1284,1,1,1,0
10937,0,5,0,585,4,0,0,0
3816,0,8,0,248,2,0,0,0
4581,1,7,0,127,3,1,0,0
6648,0,6,0,499,0,0,1,0
18777,1,2,1,46,3,1,1,1
4937,1,6,1,982,4,1,0,0
7858,1,2,0,268,3,0,0,0
11000,1,1,1,1664,3,1,0,0
8093,0,9,1,1566,0,1,1,0
5642,1,5,0,94,4,0,0,0
14928,1,4,0,736,2,1,1,1
16152,1,8,0,1340,0,1,0,0
2485,1,5,0,612,4,1,0,1
14408,0,7,1,71,4,1,1,0
771,0,3,0,593,3,0,0,1
263,1,8,0,449,1,1,0,0
8756,1,8,0,1934,1,1,1,1
11334,1,3,0,1391,2,1,0,1
4895,0,9,1,1836,3,1,0,0
10734,0,8,0,620,1,1,0,0
4898,0,1,0,614,0,0,0,0
18839,0,8,1,1434,2,1,0,1
10849,0,4,0,91,3,0,0,0
5927,1,6,0,1533,0,1,1,1
4819,0,9,0,877,1,0,0,0
693,0,5,1,528,1,0,1,0
7494,1,7,0,1134,1,1,1,0
14156,0,1,0,775,1,0,1,0
19977,0,9,0,672,4,1,0,0
10736,0,6,1,765,2,1,0,1
19156,1,4,0,1113,2,1,0,0
116,0,6,0,1631,1,1,1,1
3291,1,5,0,1296,2,0,0,0
492,1,3,1,1271,0,0,0,0
6372,0,7,1,361,0,0,0,0
17055,0,3,0,378,2,0,0,0
3731,0,2,0,1230,1,0,0,0
6272,0,4,1,345,3,0,0,0
9412,1,7,0,1854,1,1,0,1
18763,0,5,1,798,4,1,0,1
9006,1,9,1,1784,3,1,1,0
17259,1,7,1,455,4,1,0,0
18731,1,9,0,908,2,1,0,0
16562,1,9,1,67,4,1,1,0
8180,1,2,1,987,2,0,0,0
7199,0,1,0,1582,4,0,0,0
15016,1,4,0,979,3,1,1,1
7183,1,4,0,43,4,1,0,1
9323,0,2,1,229,1,0,0,0
5040,0,3,1,1975,2,0,0,1
19755,1,3,0,1837,0,1,0,1
3556,1,5,1,1468,4,1,1,0
7888,0,1,0,234,2,0,0,0
2811,1,9,0,1223,0,1,0,0
11380,0,8,0,497,2,1,0,1
18152,0,8,0,848,2,1,0,0
16631,1,3,0,1056,0,1,0,1
12189,0,2,1,1288,0,1,0,1
10242,1,1,1,113,3,1,0,0
16849,1,6,0,973,4,1,0,0
15687,1,1,1,1854,4,1,1,0
9966,0,5,1,459,2,0,0,0
4631,1,9,0,1300,1,1,0,1
12786,0,9,1,1170,1,1,1,0
5430,1,4,1,1381,2,0,0,0
5610,1,7,0,6,3,1,0,0
9064,0,7,1,1364,0,0,0,0
6593,1,4,1,992,2,0,0,0
10859,1,5,1,494,4,1,0,1
5539,0,9,1,1132,1,0,0,0
14573,0,7,1,1949,1,1,1,1
9865,0,7,0,1796,1,0,0,0
13379,1,7,0,71,3,1,0,1
6611,0,9,0,939,4,0,0,0
11583,0,5,0,1364,3,1,1,0
17730,1,6,0,674,0,1,1,1
2476,0,3,1,1124,2,0,0,0
19493,1,1,1,1351,2,1,0,1
11924,1,2,0,1057,1,1,0,0
18311,0,8,0,143,1,1,0,0
7079,1,1,0,1268,0,0,0,0
9932,0,7,1,736,3,1,0,0
12604,0,5,1,726,4,1,0,0
7010,0,6,1,1656,0,0,0,0
14189,0,8,1,1704,2,1,0,0
2296,1,4,1,1885,2,0,0,0
6078,1,6,1,217,3,1,1,1
17253,0,3,0,1925,0,0,0,0
880,0,7,1,1998,4,1,1,0
10008,1,2,0,434,0,1,0,0
6403,0,8,0,1891,0,0,0,0
14786,1,7,1,834,3,1,0,1
4083,0,8,1,1753,4,1,0,1
9603,1,2,1,1078,2,1,0,1
17005,1,3,1,720,1,1,0,1
13170,1,4,1,942,4,1,0,0
12332,0,9,1,1616,2,1,0,0
4683,0,5,1,907,3,0,0,1
6046,0,6,1,1916,4,1,0,0
16477,0,1,0,1969,4,0,0,0
7228,0,4,0,995,2,0,0,0
11989,1,4,1,1175,2,1,0,1
12375,1,8,0,55,0,1,1,1
2561,1,8,1,1541,0,1,0,1
14391,1,6,0,1472,4,1,1,1
14136,1,8,0,1059,1,1,0,0
11535,1,9,1,861,3,1,1,0
785,1,5,1,1007,2,0,0,0
18644,0,1,1,1143,0,0,0,0
12358,1,1,0,1221,3,1,1,0
16090,0,2,0,566,4,0,0,0
16522,1,2,1,771,2,1,1,1
10836,1,5,0,1798,2,1,1,0
4975,0,7,1,1879,0,0,0,0
17740,1,7,0,878,1,1,0,0
11282,0,4,1,824,2,1,1,0
2296,1,4,0,514,1,0,1,0
7265,0,3,1,1618,3,0,0,1
16097,1,2,1,862,2,1,0,1
14315,0,3,1,422,2,1,0,1
401,0,8,0,1976,1,0,0,0
17130,1,1,1,517,0,1,0,1
14671,1,4,0,1710,4,1,0,0
10051,0,7,1,1163,3,1,0,0
10873,1,5,1,705,2,1,0,0
16240,0,2,1,1674,0,1,0,1
13157,1,1,0,809,2,1,0,0
12600,0,6,0,1652,3,1,1,1
16021,1,5,0,44,4,1,0,1
11970,0,3,1,858,2,1,0,1
4182,1,9,0,801,1,1,0,1
13818,0,3,1,219,0,0,0,0
10617,0,2,1,568,4,1,0,0
3854,1,5,1,1778,2,1,1,0
1824,1,9,1,908,4,1,0,1
1476,0,8,1,258,1,1,0,1
8806,0,6,0,1537,2,0,0,1
8994,0,3,0,961,4,0,0,0
18137,0,6,1,1401,2,1,0,0
18550,1,5,1,893,2,1,1,0
16506,0,1,0,289,4,1,0,1
18944,0,5,1,1494,2,1,1,0
6026,0,7,1,972,1,1,1,1
6351,1,9,1,103,4,1,0,0
9596,0,1,1,804,4,0,0,0
3400,1,3,0,1173,1,0,0,1
8653,1,8,1,1108,1,1,0,1
3827,1,6,0,1956,1,1,0,0
16998,1,5,0,1050,2,1,0,1
16932,1,2,0,1199,2,1,1,0
6119,1,3,0,1759,3,0,0,0
15563,1,2,1,1665,2,1,0,1
10147,0,1,1,1446,1,0,0,0
11854,0,7,1,1678,3,1,0,1
2620,1,3,0,1370,1,0,0,0
3181,0,7,0,302,0,0,0,0
1528,0,7,0,1322,4,0,0,0
4067,1,8,1,1159,0,1,0,1
6545,0,1,1,1079,1,0,1,0
14666,1,5,1,56,2,1,1,0
14142,0,9,0,1015,4,1,1,0
11429,1,7,0,374,2,1,0,1
2259,1,1,1,1612,2,0,0,0
5232,0,8,0,831,4,1,0,1
19031,0,3,0,920,4,0,0,0
19463,1,4,1,1363,0,1,0,1
15033,1,4,0,457,1,1,0,0
10573,1,8,0,1379,2,1,1,0
19133,0,1,1,132,1,0,0,0
10905,0,8,0,493,1,1,1,0
3183,0,9,0,1578,3,0,0,0
17521,0,9,0,1888,0,1,0,0
14044,1,5,0,110,2,1,0,1
19973,1,4,1,582,4,1,0,0
7704,1,4,1,796,4,1,0,1
15479,1,9,0,1150,1,1,0,0
19118,0,8,1,1884,0,1,0,0
4083,1,7,1,1320,0,1,0,0
1878,1,3,1,1203,2,1,0,1
5210,0,4,0,1949,2,0,0,0
12187,0,9,0,810,1,1,0,1
17608,1,8,1,886,1,1,0,0
17181,0,1,1,1221,1,1,1,0
2279,1,3,1,773,3,1,0,0
9696,0,2,1,1125,0,0,0,1
5351,0,2,0,937,1,0,0,0
9335,1,8,1,573,0,1,0,0
18413,0,6,0,1207,4,1,0,0
14971,1,6,0,1948,4,1,0,0
1113,0,4,0,809,0,0,0,1
16710,0,1,0,879,4,1,1,0
1928,0,7,0,1033,4,0,0,0
8009,0,8,0,413,4,0,0,0
5688,0,2,0,1742,2,0,0,0
13209,1,2,1,1958,2,1,0,0
2123,0,1,0,830,0,0,0,1
14637,1,4,1,566,0,1,0,1
5991,0,6,1,1716,3,1,0,0
1180,1,5,1,104,2,1,0,1
5136,0,4,1,1150,0,0,0,1
15479,1,4,1,1570,2,1,0,0
10922,1,7,0,677,3,1,0,0
2663,0,7,0,945,0,0,1,0
3392,0,2,1,1834,0,0,1,0
3686,0,7,1,270,0,0,0,0
16187,1,2,1,466,0,1,1,0
16200,1,4,0,801,1,1,0,0
6743,0,1,1,1142,2,0,0,0
4059,0,5,0,1890,2,0,1,1
11105,1,1,0,1116,2,1,0,1
10875,1,4,1,1636,3,1,0,0
261,0,9,0,1005,1,0,1,0
16129,1,8,0,1509,2,1,1,0
17077,0,6,0,1111,2,1,0,0
14326,0,8,1,234,0,1,0,0
11254,0,5,1,913,0,0,0,0
12180,1,7,1,1148,0,1,0,1
3490,1,8,1,1227,2,1,0,0
6097,1,7,1,1056,0,1,0,0
12793,1,4,1,357,2,1,1,0
17147,0,5,1,1487,3,1,0,0
9424,1,6,1,964,3,1,0,0
641,0,6,0,1575,4,0,0,0
5193,0,9,1,94,1,0,0,0
13528,0,2,0,1546,0,0,0,1
11266,1,6,0,1751,0,1,0,0
17351,0,3,1,1432,1,0,0,0
16163,0,2,0,1124,1,0,0,0
10358,1,6,0,244,4,1,0,1
16144,0,4,1,58,1,1,0,1
5569,1,5,0,965,2,0,0,1
6356,1,5,1,1381,0,1,1,1
10820,1,3,0,1515,1,1,0,0
1269,0,4,0,320,2,0,0,0
930,1,3,1,1043,1,1,1,1
1751,1,7,0,357,2,1,0,0
17620,1,1,0,117,3,1,1,0
19294,1,6,1,1160,2,1,1,0
9618,0,4,1,1863,4,0,0,0
13358,1,1,0,296,2,1,0,0
16284,0,1,0,525,1,0,0,0
1119,1,5,1,1125,3,1,0,0
10128,0,5,0,1404,3,0,0,0
12548,1,7,1,1179,2,1,0,0
12585,0,4,1,1618,1,0,0,0
1383,1,9,1,1624,3,1,0,0
17143,0,4,0,1129,2,0,0,1
18494,0,7,0,1666,2,1,0,0
1833,0,5,0,1808,2,0,1,0
18609,1,5,1,1550,3,1,1,0
18655,0,6,0,1152,0,1,0,0
16330,0,8,1,401,1,1,0,0
14572,0,5,0,1596,4,1,1,1
12989,0,3,1,1990,4,1,0,0
3571,1,6,1,739,1,1,0,0
9128,0,2,0,529,0,0,0,0
8429,0,8,1,557,1,0,0,0
2197,0,8,0,550,2,0,0,0
14182,1,3,0,1148,1,1,1,0
14030,0,8,0,360,1,1,0,0
10177,0,9,0,64,3,1,0,0
6497,0,5,0,1913,4,0,0,1
2857,0,5,1,765,4,0,1,0
18384,1,6,0,774,2,1,1,0
19094,0,7,1,1980,2,1,1,0
17933,0,3,0,624,3,1,1,1
5117,1,5,1,102,2,1,1,0
16470,1,1,1,561,0,1,1,0
8099,1,5,0,1301,3,1,1,0
10295,0,4,1,1251,3,1,0,0
2196,1,1,0,1047,1,0,0,0
15533,0,7,0,844,1,1,0,1
10695,1,1,0,1721,0,1,0,0
16041,0,8,1,1088,3,1,1,0
19815,1,2,1,1181,3,1,1,0
15178,0,5,1,1819,1,0,0,0
5205,1,6,1,1414,4,1,0,1
19462,0,9,0,1173,4,1,0,1
2939,0,7,0,839,1,0,0,0
3484,0,6,1,1387,2,1,0,1
10951,0,5,1,681,3,1,0,1
10153,0,6,0,1488,0,1,0,1
13593,0,4,1,645,4,1,0,1
17169,0,1,0,399,2,0,0,0
14239,0,9,1,405,3,1,0,1
7631,1,5,1,826,2,0,0,0
4383,0,8,1,1156,3,1,0,0
7836,0,7,0,1221,3,0,0,0
7810,1,8,0,647,1,1,0,1
1719,0,1,1,35,1,0,0,0
14075,1,9,1,420,0,1,0,1
12935,0,1,1,377,0,1,1,0
15361,1,3,1,1423,2,1,0,1
1531,1,8,1,220,1,1,0,0
9167,0,1,1,1922,3,0,0,1
4813,1,1,1,1912,1,1,0,1
9657,0,6,1,697,3,1,0,0
9535,0,5,0,1541,1,0,0,1
5098,0,6,0,1607,3,0,0,0
262,0,3,0,342,2,0,0,0
2074,1,6,0,753,1,1,0,0
19775,0,2,1,1887,4,1,0,0
8561,1,8,0,416,4,1,1,0
17115,1,6,0,1480,3,1,0,1
17389,0,4,1,1321,2,0,0,0
2114,0,4,0,938,3,0,0,0
9933,0,7,0,1355,2,0,0,0
7996,0,3,0,1729,0,0,0,0
304,1,3,0,1007,1,0,0,0
17065,0,6,0,680,2,1,0,0
9132,1,9,1,1363,3,1,1,0
5447,0,1,1,748,0,0,1,0
2743,0,5,1,806,3,0,0,1
8117,0,1,0,1322,4,0,0,1
18781,0,1,0,1784,4,0,0,0
17358,1,3,0,1701,1,1,0,0
5660,1,3,1,312,1,0,0,0
15992,0,4,0,1607,0,0,0,0
14631,1,3,0,1767,4,1,0,0
17173,1,6,0,55,2,1,0,0
4100,0,4,0,694,4,0,0,0
14389,0,8,1,534,1,1,0,0
17155,1,1,1,1819,3,1,0,0
8027,1,8,0,105,0,1,0,0
15662,1,1,1,1199,4,1,0,0
1271,1,1,1,294,2,0,0,0
12018,0,7,1,880,2,1,0,1
9235,0,1,0,551,2,0,0,0
6442,1,9,1,911,0,1,0,0
17933,0,8,1,375,2,1,0,0
12029,1,1,0,450,2,1,0,0
2639,1,2,1,1469,4,1,1,0
4059,0,2,1,1084,0,0,0,0
13283,1,2,1,1416,3,1,1,0
5532,1,6,0,812,3,1,1,0
18845,0,4,0,1835,2,0,0,1
1853,0,8,1,390,1,1,1,1
18422,1,1,0,1236,0,1,0,1
10223,1,4,0,667,1,1,0,1
16476,0,5,0,1709,0,0,1,0
6688,1,9,1,1559,0,1,0,0
6404,1,5,1,1264,4,1,0,0
7445,0,3,0,1512,2,0,0,0
15452,0,4,1,1745,4,1,0,0
697,0,7,0,1146,1,0,0,1
19546,0,1,0,1277,1,0,0,0
2436,0,6,1,141,3,1,0,0
9979,0,8,0,1476,4,1,0,1
672,1,1,0,1876,4,1,1,1
7621,1,8,0,874,4,1,0,1
6271,0,7,0,1856,3,1,1,0
18574,0,1,1,1177,4,1,0,1
14092,1,9,0,1917,4,1,0,1
11961,1,3,1,1750,4,1,0,0
12564,1,2,0,1332,4,1,0,0
1733,0,7,1,1584,1,1,0,1
18001,0,3,0,1341,2,0,0,0
12585,1,1,0,1553,1,1,0,0
10949,0,3,1,1320,4,1,1,0
3748,0,6,1,843,0,0,0,0
15277,0,3,0,1369,0,0,0,1
13240,1,5,0,1605,3,1,0,0
18021,1,9,0,597,1,1,0,0
14457,0,7,0,1306,3,1,0,1
13468,0,2,0,1232,3,1,1,0
3237,0,1,1,952,0,0,0,0
197,0,7,1,552,1,1,1,1
11507,0,4,0,1120,2,0,0,0
12822,1,7,1,1476,1,1,0,0
13024,0,6,1,1786,3,1,0,0
3850,0,7,0,373,4,1,0,1
8635,0,4,1,648,3,0,0,1
4766,1,3,0,1097,1,0,0,0
16109,1,5,1,1837,0,1,0,1
17094,0,3,1,1809,1,0,0,0
1827,1,3,1,1705,2,1,1,0
1954,1,4,1,333,4,1,0,0
10900,1,8,1,393,4,1,0,1
5155,1,2,0,1734,3,0,0,0
10371,1,4,1,1883,1,1,0,0
18808,1,3,0,1130,0,1,0,1
12919,0,7,1,1125,2,1,0,1
9469,1,2,1,1383,3,1,0,0
9383,1,1,1,1771,1,1,1,0
13271,0,1,0,1816,0,0,0,0
5874,0,6,1,1353,1,0,0,0
6619,0,3,1,1913,0,0,0,0
11083,0,7,0,1642,1,1,0,1
18233,1,8,0,395,1,1,1,0
15039,1,5,0,35,3,1,0,0
881,1,5,1,157,1,0,0,0
16382,1,2,1,904,1,1,0,0
6923,0,8,1,1297,3,1,0,0
18589,1,1,1,967,3,1,0,0
7293,1,9,0,396,4,1,1,0
2213,0,1,0,1776,4,0,0,1
16380,1,1,1,207,3,1,0,0
13665,1,1,0,1781,2,1,0,0
10283,1,7,0,1629,0,1,0,0
18061,1,4,0,621,3,1,0,1
9303,0,7,1,1330,4,1,0,0
18758,0,5,0,1650,1,0,0,0
15895,0,7,1,1560,3,1,0,1
18910,0,7,1,805,3,1,0,0
13589,0,4,1,462,4,1,0,0
5646,1,2,0,252,4,1,0,1
6952,1,8,0,1291,2,1,0,0
2651,0,2,0,867,4,0,0,0
6511,0,9,0,209,4,1,1,0
16491,0,5,1,955,4,1,0,0
19039,1,9,1,1591,1,1,0,0
575,0,9,1,539,3,1,0,0
10503,1,8,0,835,3,1,0,0
7339,1,8,0,503,4,1,0,1
6810,1,4,0,956,2,0,0,0
8178,1,4,1,514,4,1,1,0
2385,0,2,1,580,2,0,0,0
5323,1,4,0,1938,3,0,0,0
13621,1,4,1,1172,2,1,0,1
14989,0,6,1,1855,2,1,0,0
7071,1,3,0,1998,0,0,0,0
11631,1,2,0,840,2,1,0,0
14821,1,8,1,1666,2,1,0,0
19306,0,2,0,986,1,0,0,0
5043,1,8,1,83,3,1,0,1
6630,1,7,0,1066,4,1,0,1
11216,0,3,1,156,0,1,0,1
358,0,6,0,1693,2,0,0,0
382,1,6,0,453,1,1,0,0
14037,1,5,0,1643,1,1,0,1
1998,0,8,1,1308,4,1,0,0
4235,1,5,1,1212,4,1,0,0
6729,0,7,0,617,3,1,0,1
11268,1,6,1,624,2,1,0,0
19684,0,7,1,1498,1,1,0,0
712,1,9,0,507,0,1,0,0
14303,0,3,0,1157,3,1,0,1
17171,0,7,0,1295,2,1,1,0
2407,0,3,1,622,4,0,0,0
7233,0,2,0,1097,2,0,1,1
11305,0,7,1,1952,4,1,1,0
6006,1,4,1,1460,2,0,0,0
2691,1,1,1,1882,0,1,0,1
15249,0,6,0,293,3,1,0,0
12250,1,6,0,655,4,1,0,0
7283,1,6,1,937,0,1,0,1
10202,1,2,1,1796,1,1,0,0
17153,1,1,0,757,0,1,0,0
1383,1,3,0,1461,0,0,1,0
1023,1,2,0,996,0,0,0,0
1225,0,6,0,1876,4,1,0,1
1629,1,6,0,667,1,1,0,1
8538,1,5,0,1685,3,1,1,0
16254,1,5,0,60,0,1,0,0
8104,0,9,0,1622,4,1,1,0
9852,1,5,0,1728,4,1,0,1
10692,1,6,1,327,3,1,0,0
3964,1,4,0,1967,2,0,0,0
326,0,1,0,1206,1,0,1,0
15136,1,4,1,799,1,1,0,1
11839,0,2,0,785,0,0,0,0
16748,1,3,0,767,2,1,0,0
9687,0,7,1,1458,1,0,0,0
11849,0,7,0,519,0,1,0,1
745,0,1,1,638,2,0,0,0
16399,1,8,1,83,4,1,0,0
19474,0,7,0,28,0,1,0,1
13775,0,1,1,266,2,0,0,0
18988,0,8,1,1307,3,1,0,0
11064,0,2,1,397,1,0,0,0
16187,1,8,1,962,0,1,0,0
13637,1,3,0,763,4,1,0,0
13369,1,7,1,980,0,1,0,1
9446,1,6,1,1724,1,1,0,0
687,0,5,0,1407,1,0,0,0
12863,1,2,1,811,2,1,0,1
9277,0,2,0,581,4,0,0,0
4179,1,1,1,1343,2,1,0,1
3448,1,9,0,1862,4,1,0,0
18199,1,8,1,611,0,1,0,1
10885,0,8,0,193,0,1,0,0
12428,1,1,1,227,2,1,0,0
6550,1,5,0,451,3,1,1,0
13330,1,6,0,1206,1,1,0,0
5533,0,2,0,932,2,0,0,0
1198,1,5,0,1351,2,0,0,0
7196,1,6,0,1629,0,1,1,0
18810,0,9,1,655,1,1,0,1
11539,0,1,1,203,2,0,0,0
9187,1,3,0,402,0,0,0,0
16121,1,9,0,1668,0,1,0,0
6516,1,1,1,472,2,1,1,0
7080,0,1,1,1803,2,0,0,0
18158,0,1,0,1670,0,0,0,0
11201,0,7,1,890,2,1,0,1
8050,1,5,0,179,1,0,0,0
9222,0,6,0,1722,0,0,0,1
12676,1,8,0,1980,0,1,0,0
1189,0,2,1,1042,2,0,0,0
4678,0,2,0,463,2,0,0,0
9227,0,3,1,835,2,0,0,1
10587,1,3,1,1937,1,1,0,0
255,1,3,1,609,0,1,1,0
2058,1,4,1,1570,3,1,0,1
10793,1,3,0,926,1,1,0,1
6444,0,2,0,1427,1,0,0,0
5879,1,9,1,1417,0,1,0,0
3930,0,6,0,936,3,1,0,1
9146,1,3,1,300,0,1,1,0
9894,1,9,0,351,1,1,1,0
541,0,4,0,187,2,0,0,0
14578,0,4,0,1371,0,0,0,0
4728,1,8,0,623,0,1,0,0
6470,1,7,0,1433,2,1,1,0
9628,0,7,0,1783,3,1,0,1
17432,0,7,1,71,3,1,0,0
11665,0,5,0,1845,0,0,0,0
8279,0,7,0,1968,2,0,0,0
16113,0,4,0,1351,0,0,0,0
16943,1,8,1,1236,2,1,0,0
492,1,9,0,309,1,1,1,0
12230,1,3,0,1132,2,1,1,1
18271,1,7,0,177,0,1,0,0
10549,0,9,1,427,4,1,0,0
17622,0,1,0,740,3,0,0,0
7518,0,2,1,531,0,0,0,0
2554,1,7,1,1858,2,1,1,0
17861,0,2,0,418,2,0,0,0
15323,0,7,0,248,3,1,0,0
6801,1,1,1,209,0,1,1,1
2697,1,3,1,216,4,1,0,0
241,1,5,0,713,1,0,0,0
2759,0,6,0,438,4,1,1,0
9131,0,9,1,1793,1,0,0,0
15137,1,9,1,1642,1,1,0,1
14070,1,3,1,311,0,1,0,1
5761,0,8,1,1807,1,0,0,0
6242,1,4,0,383,2,0,0,0
12209,0,7,1,981,1,1,0,0
8887,1,6,0,1295,1,1,0,0
10196,1,8,1,121,3,1,0,0
8572,1,6,1,407,3,1,0,0
16907,0,4,0,245,0,1,1,1
4349,0,2,0,66,0,0,1,0
15049,1,7,0,942,2,1,0,1
1850,0,4,0,228,3,0,0,1
18451,1,9,1,882,4,1,0,1
4188,1,9,0,137,0,1,0,0
15382,0,7,0,194,0,1,0,1
19430,0,5,0,706,3,1,0,1
9741,0,3,1,658,3,0,0,0
5175,0,3,1,657,2,0,0,0
10512,1,9,0,1513,3,1,0,0
15786,0,9,1,1608,1,1,1,0
7330,0,4,1,1378,4,0,0,1
15532,1,1,0,930,1,1,0,1
11102,1,5,1,1989,1,1,0,0
14047,1,8,0,1728,1,1,0,1
13786,1,4,0,556,0,1,0,0
18015,0,4,0,1181,1,0,1,0
13174,0,9,1,958,0,1,0,1
19474,1,9,0,1500,3,1,0,1
4593,1,7,1,1040,4,1,0,0
17417,0,8,1,1102,4,1,0,0
1560,0,4,1,52,1,0,0,0
14240,0,8,1,514,4,1,0,1
19207,0,6,0,1528,0,1,0,0
10804,0,3,0,744,3,0,0,0
16769,1,7,1,1085,1,1,0,1
16748,1,3,0,1156,2,1,0,1
6916,1,7,1,1406,4,1,0,0
11739,1,5,1,1588,4,1,0,0
14524,0,4,0,1833,1,0,0,1
14065,1,3,1,692,4,1,1,0
18246,0,8,0,543,4,1,0,0
11340,0,4,1,410,2,1,1,0
140,0,8,1,155,0,0,0,0
5927,0,3,1,633,1,0,0,1
8359,0,9,1,51,1,0,0,0
17471,0,6,0,1024,2,1,0,1
14949,0,5,1,994,2,0,0,0
16332,1,5,1,1119,0,1,0,0
7904,0,3,0,1712,3,0,0,0
19682,1,2,1,1547,1,1,0,0
5474,1,6,1,1928,4,1,0,0
2624,0,1,1,524,0,0,0,1
9377,0,7,1,355,1,0,0,0
18963,1,5,1,1069,0,1,0,1
9985,1,4,1,802,3,1,0,0
878,1,9,0,1229,1,1,0,0
1592,1,1,1,1755,4,1,0,0
17144,0,4,0,840,1,0,0,0
17832,0,3,1,1455,0,0,0,0
13715,0,6,0,256,3,1,1,1
12232,1,5,0,248,0,1,0,0
10278,0,7,0,533,0,1,0,0
7951,1,1,0,41,2,0,0,0
16388,0,5,1,1483,0,0,0,0
7256,1,2,1,790,3,1,0,1
2144,0,2,1,1301,4,0,0,0
7468,0,2,0,1948,2,0,0,0
13735,1,9,0,195,0,1,0,0
9268,1,3,0,1095,1,0,1,0
17211,1,4,0,1294,2,1,0,1
11428,1,5,0,1359,3,1,0,0
13419,1,4,0,1609,1,1,0,1
442,0,4,0,308,3,0,0,0
1547,1,5,1,1451,1,0,0,0
6681,0,9,0,1223,4,0,0,0
11951,0,9,1,76,3,1,0,1
6417,0,6,1,787,1,0,0,0
17010,0,3,0,795,3,0,0,0
10188,0,6,0,1682,2,1,1,1
13046,1,4,0,1549,3,1,0,0
16889,1,3,0,1899,3,1,0,0
14667,0,6,1,1665,1,1,1,0
14968,0,6,0,230,3,1,0,0
9865,1,2,1,85,4,1,0,0
12566,1,9,0,1186,0,1,1,0
18330,0,8,1,397,2,1,0,0
17962,1,6,1,1901,1,1,0,0
10687,1,1,1,1395,3,1,0,1
871,1,2,1,1587,3,1,1,0
16400,0,4,1,215,3,1,0,0
8870,1,7,0,1025,2,1,0,1
11193,0,9,0,377,0,1,0,1
13903,0,5,0,412,4,1,0,1
293,0,2,1,1659,4,0,0,0
2107,0,1,0,800,1,0,1,0
17669,0,1,1,1224,0,0,0,0
18878,1,5,1,1207,0,1,1,1
11290,0,7,0,410,2,1,1,1
10084,0,9,1,1422,3,1,0,0
9402,0,9,0,216,0,0,0,1
7529,1,8,1,752,3,1,1,0
2361,1,1,0,349,2,0,0,0
6816,1,5,1,1604,1,1,1,1
9021,1,6,0,831,1,1,0,0
4478,1,6,0,1618,3,1,1,0
7915,1,4,1,654,3,1,0,1
13878,1,1,1,1022,0,1,0,0
19935,0,3,1,1947,2,0,0,0
12828,0,4,0,1065,1,0,0,0
10432,1,4,0,1775,0,1,0,0
9936,0,4,1,3,4,0,0,0
2900,0,5,0,1118,0,0,0,0
8433,1,9,0,1083,3,1,0,1
5510,0,4,1,740,4,0,0,1
17939,0,9,0,407,0,1,0,1
5908,1,9,0,18,2,1,0,0
6896,0,1,0,1518,1,0,0,0
10388,1,5,1,751,4,1,0,0
17809,1,9,0,1896,2,1,0,0
17643,0,4,1,1532,0,0,0,0
4750,0,5,0,586,3,0,0,0
5087,0,4,0,888,3,0,0,0
15300,1,2,0,332,2,1,0,1
4797,1,2,0,1013,3,1,0,1
16824,1,2,0,169,1,1,0,1
3928,0,1,1,776,2,0,0,0
18452,0,3,0,1696,2,1,1,1
17187,1,1,0,849,3,1,0,0
12705,0,4,0,1705,2,0,0,1
5582,0,1,0,941,0,0,0,1
18284,1,4,1,206,4,1,0,0
5563,1,3,0,1893,4,1,1,0
13960,0,9,0,521,3,1,0,1
5012,1,1,0,1529,1,0,0,0
4748,0,8,0,1018,1,0,1,0
955,1,9,1,1370,3,1,0,1
2966,1,7,1,304,3,1,0,0
11934,1,1,0,115,2,1,0,0
16394,0,4,0,664,1,0,0,0
16666,0,1,0,87,4,0,0,0
3212,1,4,0,1119,3,1,1,0
4592,1,3,0,743,4,1,0,1
15214,1,2,1,428,4,1,0,0
1617,0,1,1,1722,1,0,0,1
16118,1,6,0,450,4,1,0,1
17840,1,7,0,1650,2,1,0,0
11531,1,6,0,786,2,1,0,0
8310,1,9,1,1565,1,1,1,0
11695,0,9,0,715,2,1,0,1
12971,0,2,0,2,3,0,0,0
12843,1,2,1,1102,1,1,0,1
9424,0,9,1,1348,4,1,0,1
11631,0,1,0,743,3,1,0,1
6688,0,5,0,1122,1,0,0,0
3411,1,1,0,1653,4,1,1,0
1087,0,7,0,110,4,0,0,0
3421,0,9,1,679,4,1,0,1
15912,0,6,1,1481,4,1,0,1
4715,1,2,0,1512,4,1,1,0
15612,1,6,1,1833,1,1,0,1
13246,0,9,0,1991,2,1,0,1
13754,0,3,1,371,4,1,0,0
3152,1,9,0,1361,3,1,1,0
826,1,8,0,890,1,1,0,0
3860,0,7,1,599,0,0,0,0
1975,0,8,1,1995,2,1,1,0
14069,1,6,1,1046,3,1,0,0
4133,1,3,1,722,4,1,1,1
5543,0,7,1,305,1,1,0,1
17473,1,4,0,924,1,1,0,0
3844,0,5,0,1296,4,0,1,0
17077,0,8,1,1514,3,1,0,0
1874,0,7,0,836,1,0,0,0
10751,1,7,0,446,2,1,0,0
1035,0,8,0,932,3,0,0,0
13495,0,3,0,278,4,0,0,0
3908,1,3,1,1675,3,1,1,0
16815,1,2,0,1877,3,1,0,1
11741,0,1,0,377,0,0,0,1
19186,0,6,0,232,4,1,0,1
14476,1,6,0,1769,2,1,0,1
5989,1,8,1,592,4,1,0,0
5154,1,6,0,426,0,1,0,1
3968,0,6,0,1079,4,0,0,0
16685,0,1,0,1993,4,0,0,0
18981,0,7,1,1827,2,1,0,0
1942,1,7,1,441,0,1,0,0
10158,0,9,0,34,4,1,0,0
9201,1,7,0,329,4,1,0,0
12597,0,8,1,845,1,1,0,0
4758,1,4,0,454,4,0,0,0
11481,0,9,1,1412,2,1,0,0
7644,0,1,0,764,1,0,0,0
7818,1,8,0,1454,0,1,0,0
13951,1,3,1,1500,3,1,0,1
17254,0,1,0,1149,2,0,0,1
19639,1,2,0,523,0,1,0,0
11877,1,6,0,482,1,1,0,1
1728,0,5,1,317,3,0,1,0
486,1,3,1,122,0,0,0,0
6131,0,9,0,1571,2,0,0,1
6539,0,8,0,581,1,0,0,0
13492,1,3,0,1337,2,1,0,0
18950,1,2,0,487,2,1,0,0
2382,0,8,1,1675,1,1,0,1
1956,0,5,1,1036,4,0,0,0
15770,0,9,1,125,2,1,0,0
2098,0,1,0,1835,1,0,0,1
5576,0,3,0,659,2,0,0,1
9528,0,5,1,1101,4,0,0,1
4769,1,2,0,580,1,0,0,1
12436,1,3,0,718,0,1,0,1
9442,1,4,1,1260,0,1,1,0
7164,0,4,0,1595,0,0,1,1
7546,1,9,1,770,3,1,1,1
17915,0,1,0,1278,2,0,0,0
5724,0,9,0,904,2,0,0,1
7561,1,9,0,406,1,1,0,0
1919,0,6,0,1267,3,0,0,0
10616,0,1,0,1485,2,0,0,1
13849,0,6,1,277,1,1,1,0
17614,0,8,1,1493,4,1,1,1
2758,0,5,0,1244,2,0,0,1
3600,0,5,0,1249,2,0,1,0
2220,1,1,1,925,4,1,0,0
4120,0,1,1,1125,4,0,0,1
10313,0,8,0,854,2,1,0,0
3359,0,5,1,1658,4,0,0,0
10181,0,8,1,1754,1,1,0,0
1923,1,2,1,507,2,0,0,0
17958,1,4,0,1611,2,1,0,0
18726,0,9,1,1355,0,1,1,0
13567,0,3,1,237,2,1,0,1
19727,0,6,1,994,0,1,0,0
7090,1,7,1,1363,4,1,0,1
3234,1,3,0,752,4,0,0,0
18554,1,1,1,506,1,1,1,1
16843,1,2,1,165,0,1,0,0
15534,0,7,1,846,2,1,1,0
15107,1,7,0,1693,0,1,0,0
10333,1,1,0,1747,4,1,0,0
16478,0,7,0,1957,4,1,0,1
1241,0,6,1,1813,1,0,0,0
18119,1,6,1,728,4,1,1,0
10235,1,7,1,1242,0,1,0,0
13066,1,7,0,1769,2,1,0,0
3461,1,1,1,376,2,1,1,0
7935,0,5,1,1036,0,0,0,1
11272,0,8,0,1456,1,1,0,1
16490,1,8,1,83,2,1,1,0
3367,1,3,1,431,0,1,0,1
6664,1,3,0,1649,0,0,1,0
19090,1,7,0,478,4,1,0,1
11511,1,4,0,783,4,1,1,1
6006,0,6,0,1731,1,0,0,1
16128,0,9,0,369,1,1,0,0
19757,0,2,1,1677,1,0,0,0
7711,1,2,0,955,0,0,0,0
17397,1,6,1,1993,0,1,1,0
2111,0,3,1,1660,4,0,1,0
17926,0,1,0,141,2,0,0,0
11346,1,2,0,720,1,1,0,0
13890,0,7,1,1651,3,1,0,0
11838,1,4,1,1742,1,1,1,0
14830,1,2,1,1480,4,1,1,1
11220,0,8,0,1526,0,1,0,0
18313,0,4,1,1427,4,1,0,1
8867,0,4,0,1977,4,0,0,0
13803,1,2,1,1016,4,1,0,0
1029,1,1,1,288,3,1,0,0
12051,0,1,1,355,3,1,0,0
15945,1,3,0,343,1,1,0,0
17538,1,6,0,149,0,1,0,0
15847,1,7,1,210,4,1,0,1
5844,0,9,1,1136,2,0,0,0
18384,1,5,1,654,1,1,0,0
9749,0,9,0,976,1,0,0,0
7080,0,8,0,536,4,0,0,0
7169,1,1,0,1073,1,0,0,0
9691,0,3,0,1824,4,0,0,1
19899,1,8,0,331,1,1,0,0
542,0,9,1,365,0,0,0,0
4752,0,4,1,11,1,0,1,1
9470,1,6,1,1212,1,1,1,0
7697,0,4,0,509,2,0,0,0
14425,0,9,1,580,0,1,0,0
4558,0,2,0,1469,0,0,0,0
6691,1,6,0,1114,0,1,0,0
16446,1,3,1,622,1,1,0,1
11926,0,4,1,901,3,1,0,0
18793,0,2,0,1700,1,0,0,0
14238,0,8,0,1472,4,1,0,0
17394,1,8,1,718,2,1,1,1
2269,1,1,0,1056,0,0,0,0
18656,0,6,0,327,4,1,1,0
6413,1,1,0,74,4,0,0,0
8415,1,6,1,251,3,1,0,0
8136,1,7,0,450,0,1,0,0
885,1,2,0,906,1,0,1,0
6239,0,9,0,355,0,0,0,0
6444,1,8,0,533,2,1,0,1
18900,1,9,0,296,0,1,0,0
15073,0,4,0,298,4,0,0,0
5719,0,4,0,1352,4,0,0,0
2036,1,8,1,302,1,1,0,0
3907,1,1,1,512,1,0,0,0
7251,0,8,1,1362,1,1,1,0
9593,0,7,0,585,2,0,0,0
12455,0,7,1,374,0,1,0,0
3336,1,9,1,1577,3,1,0,0
15948,1,7,0,1118,0,1,1,1
2452,0,2,1,132,1,0,0,1
2032,1,1,0,1635,2,1,1,1
11013,0,1,0,910,0,0,0,0
8656,1,7,0,1934,4,1,0,0
5598,0,5,1,53,0,0,0,0
10682,0,4,0,1520,4,0,0,0
17430,1,5,1,229,0,1,0,0
13965,1,6,0,640,0,1,0,0
9669,1,6,0,1236,0,1,0,0
17923,1,1,1,797,1,1,1,0
4957,1,2,0,791,4,1,1,0
440,1,3,1,1528,2,1,0,1
11281,0,4,0,495,3,0,0,0
16866,1,6,0,853,4,1,0,1
8591,0,9,0,671,1,0,1,0
238,0,2,0,1888,4,0,0,0
458,1,8,0,1257,2,1,1,0
9814,0,9,0,1095,4,0,0,0
19940,0,2,0,1741,1,0,0,0
1727,1,9,0,189,1,1,1,1
16096,1,7,1,663,3,1,0,0
5104,1,9,1,8,2,1,0,0
13383,0,6,1,332,3,1,0,0
6752,1,2,0,1636,0,0,0,0
19654,1,8,1,1040,1,1,0,1
2251,1,9,1,666,3,1,0,1
9529,1,8,0,669,1,1,0,0
14172,0,2,1,1117,1,0,0,0
12027,1,8,0,1286,0,1,1,0
7005,0,3,1,1573,1,0,1,0
19318,1,3,1,161,3,1,1,0
12552,0,9,1,351,2,1,0,0
16312,0,9,1,1198,4,1,0,0
19051,0,9,1,317,3,1,0,0
1407,1,4,0,937,0,0,0,0
14952,0,7,1,18,4,1,0,1
2760,1,8,0,486,1,1,1,1
10503,1,5,1,367,3,1,1,0
10338,1,1,0,351,4,1,0,1
6307,1,9,1,528,3,1,0,0
19646,1,6,1,872,1,1,0,0
1240,0,3,1,1459,3,0,0,1
1808,1,3,1,933,0,0,0,0
3730,0,1,1,270,4,0,0,0
19695,0,8,0,871,4,1,0,1
10585,0,2,1,1092,4,1,0,0
12121,0,1,1,1054,3,1,0,0
16959,0,7,0,316,1,1,1,0
7784,0,9,1,1845,3,1,0,0
1307,0,6,1,737,3,1,0,1
13431,1,8,1,164,4,1,0,1
2060,0,8,1,926,1,0,0,0
657,1,9,1,320,2,1,0,1
15983,0,7,0,1038,1,1,0,1
13993,0,9,1,279,3,1,0,1
982,0,9,0,432,0,0,0,1
4861,0,1,1,668,1,0,0,0
5967,1,6,1,634,4,1,1,0
12969,1,8,0,1287,0,1,0,0
7266,1,9,1,1706,2,1,1,0
13082,0,4,1,522,2,1,1,0
8029,0,2,0,964,0,0,0,1
5447,0,9,1,1196,2,0,0,0
7369,1,9,1,358,0,1,0,0
13627,0,8,0,1037,3,1,0,0
2554,1,3,0,725,0,0,0,0
18430,1,5,1,673,3,1,0,0
13091,0,2,1,232,4,1,0,0
2908,0,3,1,1500,4,0,1,0
6742,1,1,0,471,2,0,0,1
3925,1,4,0,1184,0,0,0,0
3636,1,5,1,639,3,1,0,0
15409,0,2,1,560,4,1,0,0
3902,0,3,1,1285,4,0,0,0
18454,0,6,0,573,4,1,0,0
6242,0,6,0,1658,2,0,0,0
19303,0,7,0,602,4,1,0,1
9194,0,9,1,1383,1,0,0,0
464,1,4,1,255,2,0,0,0
19603,1,5,1,602,0,1,0,0
15788,1,2,0,1539,1,1,0,0
1963,0,6,1,280,2,1,1,0
16599,1,4,0,117,2,1,0,0
7184,0,5,1,610,3,0,0,0
8116,0,7,0,1186,1,0,0,0
2484,1,6,1,852,1,1,1,0
15172,0,8,1,1911,1,1,0,0
4035,1,6,0,298,4,1,1,0
13227,1,8,1,916,4,1,1,0
14582,0,4,0,1321,0,0,0,0
7842,1,7,1,1618,0,1,0,0
16265,1,3,1,1382,0,1,0,0
2590,1,1,1,1684,4,1,1,0
13424,1,9,0,518,3,1,0,0
18208,0,9,1,378,0,1,1,1
19251,1,6,0,1721,2,1,0,0
1237,1,2,1,426,4,1,0,0
3520,1,8,1,1788,3,1,0,0
5945,0,6,0,537,2,1,1,1
4006,1,7,1,553,2,1,0,0
19437,0,1,1,169,4,1,0,0
12513,1,3,0,515,1,1,0,0
376,1,1,0,1388,3,1,0,1
18483,1,1,1,1707,4,1,0,0
17711,0,1,0,430,1,0,1,0
6437,0,4,0,569,4,0,0,1
12044,0,7,1,83,4,1,0,0
16006,0,7,0,330,2,1,0,1
17179,0,5,0,691,4,0,0,0
12406,0,6,1,1157,1,1,0,0
10603,1,2,0,1622,2,1,1,0
19325,0,5,0,457,1,0,0,0
4308,1,7,1,353,1,1,0,0
11690,0,9,1,1807,2,1,1,0
10986,0,6,0,344,1,1,0,0
12966,0,4,1,1118,0,0,0,0
1188,1,3,0,1406,4,0,0,0
3463,0,9,0,1892,2,0,0,0
124,0,7,0,762,2,0,0,0
9864,1,6,0,1319,0,1,1,0
10059,1,7,1,198,0,1,1,0
13035,1,8,1,79,0,1,0,1
8168,1,5,0,678,0,1,1,1
18719,0,3,1,551,3,1,0,0
7395,1,3,0,820,2,0,0,0
8492,0,2,0,214,1,0,1,0
11490,0,8,1,1667,2,1,0,0
8548,1,1,1,669,2,0,0,0
10533,0,8,0,989,2,1,0,1
15138,1,3,1,894,0,1,0,0
19659,0,9,0,159,0,1,1,0
11628,1,2,1,1858,3,1,0,0
15843,1,9,1,739,2,1,1,0
8705,1,6,0,557,4,1,0,0
2114,1,1,1,201,3,1,1,1
1481,1,5,1,22,0,1,0,1
1198,1,9,0,1363,2,1,0,0
19910,0,6,0,1266,0,1,0,1
9201,0,7,0,1765,1,1,1,1
287,0,4,0,1930,0,0,0,0
12048,1,1,0,1262,0,1,1,0
10307,0,5,0,1173,3,0,0,0
2192,1,2,1,785,1,0,0,0
18614,0,8,0,1603,4,1,0,0
5342,0,4,0,7,4,0,0,0
8649,1,1,0,1257,4,0,0,0
5285,0,7,1,1893,2,0,0,0
15371,0,2,0,804,4,1,0,1
5876,0,3,0,768,2,0,0,0
12549,1,9,1,579,0,1,0,0
7923,0,9,1,1786,4,1,0,0
15817,1,2,0,1101,3,1,0,1
7455,0,3,1,489,1,0,0,1
6565,0,9,1,926,1,1,0,1
12837,0,1,0,87,0,0,0,1
17981,0,2,0,1788,1,0,0,0
13424,1,2,0,1991,1,1,0,0
10450,0,3,1,222,0,0,0,0
2655,1,3,0,413,0,0,0,0
3051,1,2,1,584,0,1,1,1
17722,0,8,0,202,3,1,0,1
4827,0,8,1,1953,0,0,0,0
5786,1,8,0,571,0,1,0,0
3801,1,2,1,1300,0,0,0,0
2880,0,9,0,221,4,0,0,0
18072,0,7,0,157,4,1,1,1
2468,0,5,0,1205,3,0,0,0
15692,0,7,1,1749,3,1,0,0
536,0,8,1,129,1,0,0,0
2928,1,9,0,1267,4,1,1,0
1656,0,2,1,1954,3,0,0,0
13464,0,6,0,1196,3,1,0,0
15161,1,9,1,1527,1,1,0,1
10676,0,6,0,1504,0,1,1,0
16666,0,2,1,877,2,1,1,0
7290,1,1,1,270,1,1,1,0
5665,0,3,1,1445,2,0,1,0
15469,1,5,1,163,1,1,0,1
1689,0,7,1,955,1,0,0,0
259,0,3,0,24,0,0,1,1
12245,0,9,1,497,3,1,0,0
15473,1,4,1,193,4,1,1,0
6655,1,2,1,878,1,1,0,1
16337,1,3,1,390,0,1,0,0
9303,1,5,0,497,2,0,0,1
8344,0,3,1,964,3,0,0,0
14843,1,5,1,806,1,1,0,0
13433,1,4,0,129,2,1,1,0
13441,1,3,0,1021,1,1,1,0
18791,0,6,1,553,4,1,0,1
1328,0,8,0,1567,4,0,0,0
5690,1,4,1,1060,3,1,0,1
5685,1,9,1,1481,2,1,0,1
9327,0,6,0,361,4,0,0,0
6146,1,5,1,765,0,0,0,0
12337,1,3,0,1974,3,1,0,0
15749,1,5,0,1901,1,1,0,0
5045,1,5,1,1239,2,0,0,0
8027,0,4,1,287,2,0,0,0
12741,0,6,0,768,0,1,0,0
16098,0,3,1,925,4,1,1,0
13486,1,1,0,369,2,1,1,0
7116,1,7,0,1493,0,1,0,0
14127,0,7,0,899,0,1,0,0
16020,0,4,0,1210,1,0,0,0
13852,0,9,1,1498,0,1,0,1
18368,1,2,1,1085,3,1,0,0
18293,0,1,1,262,2,0,0,0
3267,1,3,1,788,3,1,0,0
12089,1,7,1,111,0,1,0,0
14187,0,9,1,1853,0,1,0,0
2537,0,2,0,942,3,0,0,0
15375,1,6,1,141,1,1,0,1
5376,0,3,0,745,0,0,0,0
8959,0,5,0,535,3,0,0,1
7918,1,9,0,79,3,1,0,0
4828,1,3,1,1518,2,0,0,0
19108,1,1,0,1055,1,1,1,0
5838,1,5,1,1540,4,1,0,0
5893,1,1,0,509,3,1,0,1
4623,0,8,1,971,2,0,0,0
5671,1,7,1,1654,4,1,0,0
16309,1,2,1,66,2,1,0,0
15346,1,9,1,1534,2,1,0,0
10480,0,5,1,1936,1,0,0,0
2324,1,7,0,1395,0,1,0,0
8489,1,4,1,287,1,0,0,0
16027,1,1,1,1200,4,1,0,0
11784,0,8,0,123,1,1,0,0
10740,1,1,1,1255,0,1,0,1
8762,1,3,1,555,1,1,0,1
6461,1,6,1,1004,1,1,0,1
2048,0,8,1,4,1,0,0,0
12191,0,8,1,1726,3,1,0,0
12092,0,2,0,1840,3,1,1,1
6418,0,9,1,412,1,1,0,1
12280,1,4,0,250,0,1,1,0
334,1,4,1,1680,0,1,1,0
15472,0,2,0,1511,0,0,0,0
622,0,1,0,1369,0,0,0,0
12818,1,7,0,1918,2,1,0,0
9921,1,3,1,1357,1,0,0,0
5932,0,4,1,453,1,0,0,0
12920,0,9,0,158,2,1,0,1
16311,0,6,1,1601,0,1,0,0
7222,0,1,1,837,4,1,1,1
5942,1,9,0,1014,4,1,0,1
1416,0,9,1,1294,2,1,0,1
13300,0,5,0,1611,4,1,0,1
17608,1,8,1,1442,3,1,1,0
15306,1,7,0,1464,1,1,0,0
19071,1,8,1,1053,4,1,0,1
1478,1,9,1,978,3,1,0,0
19858,1,2,0,335,1,1,0,0
1619,0,5,0,1262,3,0,0,0
8035,0,8,1,153,1,0,0,0
6193,0,3,0,1630,1,0,0,1
5455,1,6,0,749,4,1,0,0
9183,0,6,0,834,2,0,0,0
5674,1,7,0,1139,4,1,0,0
13424,0,3,0,808,0,0,0,0
2357,0,8,1,1755,3,1,0,1
13511,1,8,0,758,0,1,0,0
15333,1,9,0,1423,1,1,0,0
15987,0,8,0,1056,4,1,1,1
19721,0,3,0,532,0,0,0,1
2105,0,6,1,53,0,0,0,0
18500,0,9,0,718,0,1,1,0
10960,0,1,1,1755,1,0,0,0
10170,1,3,1,1219,1,1,0,1
9488,1,2,0,1329,1,0,0,0
18256,1,8,0,1731,0,1,0,1
18235,1,6,1,1997,3,1,0,1
14709,0,8,1,345,4,1,0,1
16463,0,2,1,1106,4,1,0,1
19704,1,6,0,1,1,1,0,1
17023,0,7,1,167,0,1,1,1
14923,1,8,0,317,3,1,1,0
17945,0,9,1,1207,2,1,0,1
8647,0,5,1,965,1,0,0,0
11615,0,3,0,898,2,0,0,1
334,1,2,0,1886,4,0,0,0
14662,1,8,1,273,4,1,1,0
18032,1,1,0,1693,3,1,0,1
7580,1,6,0,373,3,1,0,0
4313,0,2,1,1386,2,0,1,1
10393,0,3,0,900,4,1,0,1
1773,0,8,0,201,3,0,0,0
2200,0,1,1,1216,3,0,0,1
11949,1,6,1,1365,4,1,0,1
19657,0,3,0,1323,4,0,0,0
18299,0,6,0,1530,0,1,0,0
3941,0,3,0,1612,3,0,0,1
10297,1,8,1,140,2,1,0,0
8116,1,5,1,306,1,0,0,0
7111,1,4,0,1220,1,0,0,0
4593,0,9,0,1085,4,0,0,0
17158,1,5,0,1993,2,1,0,0
8678,0,4,1,360,0,0,0,1
2258,0,8,1,307,3,1,0,1
19145,0,8,0,1504,0,1,0,1
2164,1,8,0,333,2,1,0,0
3353,1,4,0,1890,0,1,1,1
12928,0,1,0,1107,4,0,0,0
1501,0,2,1,334,1,0,0,0
19743,1,4,0,517,4,1,0,1
15293,1,2,0,731,3,1,0,0
12196,1,3,1,924,4,1,0,1
4314,0,9,0,766,2,0,0,1
19711,0,9,0,1498,2,1,0,0
11123,0,9,0,1418,3,1,0,1
12050,1,7,0,1624,3,1,0,1
10804,1,4,0,1745,1,1,0,1
10443,1,1,0,1716,0,1,0,0
11967,0,3,1,1744,1,0,0,0
2845,0,8,0,785,4,0,0,0
3966,1,4,1,1601,0,1,0,1
12056,0,2,1,1404,3,1,0,0
5918,1,8,1,21,2,1,0,0
18706,0,7,1,1974,4,1,0,1
16193,1,9,0,879,1,1,1,0
19276,0,2,0,177,3,1,1,0
15593,0,5,0,1387,0,1,1,1
18008,1,6,0,22,0,1,1,1
8324,1,2,1,837,2,0,0,0
4125,1,2,1,960,3,1,1,0
19050,1,4,1,548,3,1,0,0
19287,1,8,0,250,4,1,0,0
6255,0,5,1,661,4,0,0,0
13939,1,9,0,952,0,1,0,1
819,1,4,1,1097,1,0,0,0
14990,1,3,0,1115,0,1,1,0
17456,0,8,1,1200,4,1,0,0
18691,1,1,1,126,4,1,0,0
4526,1,9,0,1228,4,1,0,1
12612,1,4,1,1938,0,1,0,0
15164,0,9,1,1270,3,1,0,0
13867,0,8,0,611,1,1,0,0
11408,1,3,1,1295,1,1,0,1
11577,0,3,1,1010,4,1,0,0
13003,1,9,1,44,2,1,0,0
8780,0,3,1,1758,0,0,0,0
2304,1,4,0,1965,3,0,0,0
19760,0,9,0,1633,4,1,0,0
1202,1,4,1,548,2,1,1,0
5343,1,3,0,1192,4,0,0,0
6714,0,7,1,435,2,0,0,0
16399,1,6,0,1054,1,1,0,1
8807,1,1,1,794,2,0,0,0
14013,1,8,1,1621,1,1,0,0
730,1,1,0,357,1,0,0,0
12008,0,4,1,1515,0,0,0,0
10947,1,6,1,1657,2,1,0,1
9271,0,6,1,1823,3,1,0,0
12821,0,7,1,1272,3,1,0,0
16761,0,5,0,1720,2,0,0,0
16716,0,5,0,253,0,0,0,0
9844,1,4,0,1981,3,1,1,0
5790,1,6,0,785,4,1,0,0
13501,0,7,1,721,3,1,0,0
7759,1,1,1,1890,0,1,1,0
10701,0,9,1,1406,1,1,0,0
11804,1,8,1,1560,1,1,0,0
125,1,7,0,1658,1,1,0,1
15484,1,9,0,737,0,1,0,1
13805,0,3,0,900,1,0,1,0
8752,0,4,1,1929,1,0,0,0
13479,1,7,1,1922,0,1,0,1
7106,0,6,1,1443,4,1,0,0
19967,0,2,1,123,3,1,0,0
18478,1,2,0,1318,0,1,0,0
8782,0,7,0,685,0,0,0,0
1172,1,9,0,143,2,1,0,0
315,1,9,1,1003,1,1,0,1
10015,1,7,0,938,4,1,0,0
9884,0,8,1,1923,2,0,0,0
19090,1,3,0,511,4,1,0,0
14924,1,1,0,1951,1,1,1,0
3413,0,7,1,1972,1,1,1,1
11133,0,8,1,1705,1,1,0,0
10068,0,2,1,57,3,1,0,0
16341,0,9,0,42,4,1,0,1
6039,1,4,0,821,4,0,0,0
14796,0,9,0,1655,2,1,0,0
14894,0,3,0,1145,0,0,0,0
2395,0,8,1,1848,1,0,0,0
1796,0,2,0,1787,1,0,0,0
11285,1,3,1,343,2,1,1,0
18430,0,1,0,332,4,0,0,0
12101,1,5,1,1480,3,1,1,0
14450,0,4,1,1461,4,1,1,0
19267,1,1,0,341,3,1,0,0
3744,1,9,0,341,3,1,0,1
6520,0,6,1,1440,4,1,0,0
11937,1,6,0,849,1,1,0,0
19129,0,2,1,182,3,1,0,0
6453,1,7,0,1701,2,1,0,0
10641,1,9,0,984,2,1,0,0
2032,1,6,0,1288,3,1,0,0
11586,0,8,0,1234,1,1,1,0
1857,1,5,0,523,3,0,0,0
5185,0,2,1,182,2,0,0,0
5737,1,4,0,1468,2,0,0,1
1216,1,1,1,251,4,1,0,0
10859,1,1,1,138,1,1,1,0
11791,1,6,1,1242,4,1,0,0
592,1,2,0,751,0,0,1,0
8911,1,6,1,454,3,1,0,0
6574,0,1,1,883,4,0,0,1
14485,0,3,1,1873,1,1,0,1
9838,0,9,1,87,3,1,0,0
14079,1,2,1,1834,3,1,0,1
11855,0,8,1,293,3,1,0,1
9897,1,6,0,92,3,1,0,0
14707,0,6,1,208,3,1,0,0
12967,0,7,1,1228,1,1,0,0
19227,1,5,0,186,0,1,0,0
7966,1,4,1,1109,2,1,1,0
15549,0,6,0,1851,0,1,0,0
10785,0,8,0,1688,2,1,0,1
5551,0,4,1,156,4,0,0,0
8648,0,5,1,293,3,0,0,0
7286,1,7,0,533,4,1,0,0
6202,0,6,0,161,4,0,0,0
719,1,4,0,1410,2,0,0,0
982,1,4,0,1509,1,0,0,0
3742,0,4,1,1527,3,0,0,1
1396,1,1,0,851,4,0,0,0
14222,0,5,0,156,0,0,0,1
2995,1,8,0,143,3,1,0,0
17413,1,7,1,1793,1,1,0,1
5466,0,5,0,1643,3,0,0,0
8811,1,3,0,1308,4,1,1,1
19696,1,1,1,562,0,1,0,1
18893,0,7,1,35,4,1,0,0
8299,1,3,0,224,1,0,0,0
10817,1,4,0,668,2,1,0,1
3523,0,5,0,393,0,0,0,0
10311,0,8,1,408,1,1,0,1
12882,1,7,1,1727,1,1,0,1
12574,1,9,0,1412,4,1,0,0
3767,1,3,0,1720,4,0,0,0
8377,0,1,0,1773,4,0,0,1
12524,1,1,1,297,2,1,0,0
18952,1,1,0,323,3,1,1,1
18120,1,2,0,1840,3,1,0,1
8255,1,2,1,1878,4,1,1,1
3683,1,7,0,1512,4,1,0,0
15615,1,9,1,1594,2,1,0,0
4109,0,8,1,39,3,1,0,0
19810,0,4,0,505,2,0,0,0
10510,1,2,1,1527,1,1,0,1
18701,1,3,1,753,3,1,0,0
5067,0,5,0,1561,4,0,0,1
18853,0,9,1,1340,0,1,0,0
10795,0,8,1,1520,1,1,1,0
9235,1,3,0,1141,0,0,1,0
5822,1,9,0,1366,2,1,0,0
15614,1,3,0,1906,2,1,0,0
11228,1,8,0,240,2,1,1,0
4544,0,1,0,687,4,0,1,1
7718,0,4,1,1469,2,0,0,0
18160,0,4,1,1876,0,1,0,1
1296,0,6,1,740,1,0,0,0
12397,1,2,1,997,4,1,0,1
2887,1,7,1,487,1,1,0,0
8027,0,5,0,765,2,0,0,0
19802,0,6,0,1435,3,1,0,0
2276,0,6,0,1916,4,0,0,0
8892,0,6,0,623,2,0,1,0
9271,0,8,1,1777,4,1,0,1
2551,1,4,0,736,3,0,0,0
728,1,8,0,298,0,1,1,0
9921,0,9,1,1076,0,1,0,1
7878,0,4,1,733,0,0,0,0
3796,0,1,0,1001,3,0,0,0
19249,1,3,1,304,1,1,1,0
13072,1,1,1,1312,3,1,0,1
8407,1,7,0,664,3,1,0,0
5056,0,1,1,899,2,0,1,0
10295,1,4,0,1142,0,1,1,1
17176,0,1,1,1947,4,1,1,0
19646,1,2,1,1993,1,1,0,0
1205,1,1,1,1448,4,1,0,0
19492,1,5,1,791,2,1,1,1
18645,0,7,0,647,2,1,0,0
15517,0,3,1,209,1,0,0,0
14288,1,8,0,1151,4,1,0,0
12702,0,5,0,1317,1,0,0,0
9356,0,5,1,519,1,0,0,0
14312,0,5,1,1246,0,1,0,1
2013,0,8,0,77,4,0,0,0
10693,0,2,1,338,0,0,0,0
1872,0,2,1,863,0,0,0,0
19264,0,8,0,1814,0,1,0,0
13096,1,9,1,1870,3,1,0,1
2971,0,2,0,1874,2,0,0,0
13334,0,4,1,1763,2,0,0,0
17144,1,8,1,913,3,1,0,0
10621,1,2,1,1299,1,1,0,0
10742,1,4,1,1887,4,1,0,0
1232,1,1,1,807,4,1,0,0
799,0,2,1,1141,4,0,0,1
14634,1,7,0,1316,0,1,1,0
10330,1,1,0,1295,4,1,0,0
6397,0,1,1,1471,4,0,1,0
12939,0,2,1,1181,4,1,0,0
7912,0,4,0,572,2,0,0,0
4657,1,7,0,1208,3,1,1,1
2279,0,4,0,424,1,0,0,0
11130,1,5,1,1680,3,1,0,0
9165,0,4,1,673,4,0,1,0
8375,0,4,1,1625,1,0,0,0
17906,1,9,0,1040,1,1,0,0
15189,0,6,0,926,3,1,0,0
3280,0,3,1,1785,3,0,0,0
6796,0,6,0,98,3,0,0,0
9683,0,7,1,1986,3,1,0,1
17098,0,7,1,1640,0,1,0,1
13969,1,8,0,300,2,1,0,0
11857,1,4,1,747,2,1,0,0
16754,0,1,0,1446,4,0,0,0
12358,1,6,0,1331,0,1,0,0
2568,1,8,1,1980,1,1,0,0
14308,1,5,1,274,3,1,0,0
15142,0,3,0,261,4,0,0,0
15739,0,4,1,1263,1,1,0,1
11646,0,8,0,936,2,1,0,0
12427,1,6,1,1798,1,1,0,0
14370,1,5,0,332,3,1,0,0
15623,0,9,0,115,3,1,1,0
14400,0,3,1,268,2,1,1,0
10875,1,7,1,12,3,1,0,0
12365,1,9,0,73,0,1,1,0
19559,0,4,0,1016,4,0,0,0
16773,1,3,0,874,2,1,0,1
6714,1,1,0,406,2,0,0,1
3352,1,9,1,1841,1,1,0,0
7515,1,1,1,178,2,0,0,0
16762,1,2,1,772,4,1,0,1
11216,1,9,0,946,0,1,0,0
17064,1,5,1,1283,1,1,0,0
5058,0,4,0,400,4,0,0,0
4376,0,9,0,270,2,0,0,1
4876,1,9,1,1856,3,1,1,1
17308,1,2,1,1656,3,1,0,0
3932,1,3,0,1705,4,0,0,0
15001,0,3,0,486,0,0,0,0
5545,0,5,1,1604,3,0,0,1
1480,1,3,0,59,4,0,0,0
9965,0,6,1,642,1,1,1,0
14026,1,2,1,887,2,1,0,1
19640,1,6,0,266,0,1,0,0
11680,1,6,0,75,0,1,0,0
5734,1,2,0,1114,1,0,0,0
5910,1,6,0,505,0,1,0,1
10279,1,6,0,357,4,1,0,0
12351,1,6,1,154,0,1,1,0
13231,0,5,1,1924,0,1,0,1
19593,1,7,1,1242,0,1,1,1
12807,0,5,1,486,4,1,0,1
19724,1,1,0,1564,2,1,0,1
18333,1,9,1,1154,3,1,0,0
2849,0,3,0,66,0,0,0,1
13256,0,2,0,1168,1,0,0,1
16689,1,6,0,380,1,1,1,0
3550,0,8,0,1337,4,1,1,0
7314,1,2,0,407,2,0,0,1
11914,1,4,1,1431,0,1,0,0
5241,0,2,0,1997,4,0,0,1
2808,0,9,0,277,3,0,0,0
18475,0,2,1,615,2,1,1,0
15188,0,2,1,1433,2,0,0,0
11934,1,5,1,314,4,1,1,1
12378,0,5,0,549,1,0,0,0
10114,0,7,0,1273,2,1,0,0
3373,0,1,0,1969,1,0,0,0
14467,0,2,0,461,2,0,0,0
4638,0,6,1,399,2,1,0,1
12641,1,2,1,1692,2,1,0,0
8812,1,4,1,451,3,1,1,0
9268,0,6,1,471,1,0,0,0
3651,0,7,1,1668,3,1,0,0
12397,1,5,1,1583,1,1,0,1
11065,0,8,0,1458,3,1,1,0
2932,1,6,0,956,3,1,1,0
13522,1,5,1,1470,3,1,0,0
252,0,4,1,707,4,0,0,0
11256,1,6,1,103,3,1,0,1
11208,0,6,1,328,2,1,0,1
2900,0,6,0,1707,0,0,0,1
5410,1,1,0,601,3,0,0,0
10044,1,6,0,246,0,1,0,0
2710,0,1,1,1082,0,0,0,0
12167,1,5,1,105,2,1,0,0
1204,0,7,1,692,0,0,0,0
10828,1,1,0,972,0,1,0,0
7363,1,1,0,1093,0,0,0,1
2014,0,6,0,993,1,0,0,0
19556,0,7,1,1326,3,1,0,0
506,0,6,0,153,3,0,0,0
13789,1,5,0,1561,0,1,0,0
266,0,6,1,1913,2,1,0,1
608,0,3,0,1059,1,0,0,1
18145,1,9,1,957,2,1,0,1
3764,1,5,1,1039,2,0,0,0
19973,0,2,1,1130,0,1,0,1
13150,0,7,0,730,4,1,1,0
780,0,3,0,1920,0,0,0,0
19008,0,1,1,74,4,1,0,0
18604,1,3,0,856,1,1,0,0
4457,1,9,1,1955,4,1,0,1
1463,0,5,0,285,0,0,1,0
9623,0,7,1,1574,0,1,0,1
2392,0,3,1,1221,2,0,0,0
1638,1,4,0,280,0,0,0,0
3508,0,1,1,787,0,0,1,1
8852,0,3,1,686,3,0,0,0
18387,1,7,1,1841,3,1,0,1
274,1,4,1,1580,2,1,1,0
2330,0,2,1,969,4,0,1,0
4387,0,5,0,1690,4,0,0,1
12212,1,5,0,1177,3,1,0,0
7206,0,2,1,291,1,0,0,1
9789,0,6,0,932,3,0,0,0
12146,1,4,1,1166,1,1,0,0
19655,1,1,1,768,4,1,0,1
18051,1,3,1,312,3,1,0,0
1251,0,9,1,646,0,0,0,0
7719,1,7,1,1056,1,1,0,1
6133,1,6,0,26,1,1,0,0
8660,0,1,0,1935,1,0,0,0
5046,0,9,0,255,4,0,0,0
2007,1,9,0,1969,2,1,0,0
3590,1,1,0,1759,0,0,0,1
19019,0,6,0,1080,3,1,0,1
4273,0,7,1,293,1,0,0,0
11165,1,2,0,637,4,1,0,1
17777,1,8,1,230,1,1,0,0
4869,0,8,1,53,3,1,1,0
4896,1,6,0,954,0,1,0,1
13146,0,9,0,101,1,1,0,0
14311,1,3,1,1491,4,1,0,0
19456,0,2,1,1870,4,1,0,1
5097,0,2,1,804,2,0,0,0
17476,1,6,1,869,4,1,0,1
8212,1,7,1,267,2,1,0,0
5387,0,6,0,1819,0,0,0,0
10678,1,3,0,2,3,1,0,0
18724,1,5,1,22,2,1,1,0
17960,1,8,1,578,1,1,0,0
6526,0,6,1,212,1,0,0,0
11699,1,2,1,1260,3,1,0,0
489,1,7,1,1904,4,1,0,1
1099,0,8,1,529,1,1,0,1
12912,1,4,1,388,2,1,1,0
15699,1,1,1,14,3,1,0,0
1955,0,2,0,519,1,0,1,1
8225,0,4,1,1871,4,0,0,1
13894,1,7,1,1246,4,1,0,0
2863,1,2,0,1936,1,0,0,0
5086,0,6,1,616,3,1,0,0
1581,0,2,1,962,0,0,0,1
3831,1,7,1,403,1,1,1,1
16935,1,2,1,1537,4,1,0,1
19577,1,3,0,287,0,1,0,0
17366,0,9,1,384,3,1,0,0
10858,1,4,1,1271,4,1,0,0
19761,0,5,1,1924,3,1,1,0
16411,0,9,0,1115,1,1,0,0
8666,0,7,1,826,3,1,0,0
11989,1,8,1,312,4,1,0,1
11354,1,3,0,1461,1,1,0,1
11542,1,4,0,726,4,1,0,0
13621,0,7,0,43,4,1,1,1
4659,1,4,0,1098,0,0,1,0
16299,0,2,1,754,2,0,0,0
7391,0,6,0,993,3,0,0,0
8260,0,9,0,1585,3,1,1,0
212,0,2,0,1904,0,0,0,0
19681,0,1,1,876,3,1,0,0
16024,0,8,0,1340,0,1,1,0
16623,1,1,1,734,3,1,0,0
1524,0,1,1,1886,3,0,0,0
19433,1,3,0,144,4,1,0,0
19652,0,5,1,1353,0,0,0,0
10908,1,9,0,209,3,1,0,0
6143,1,2,0,1123,2,0,0,0
7089,1,1,1,700,0,1,0,1
6361,1,1,1,114,0,1,0,1
987,0,8,1,175,0,0,0,0
19588,0,2,1,271,4,1,0,1
16533,0,9,0,63,0,1,0,0
16502,0,9,1,1008,4,1,0,0
12353,1,2,1,796,2,1,0,1
19090,1,3,1,1428,1,1,0,1
7946,1,2,1,225,4,1,1,0
6532,0,6,0,1983,3,1,1,1
13552,1,7,0,161,0,1,0,0
13495,0,6,1,1060,1,1,0,0
3865,1,3,1,381,4,1,1,0
18922,1,3,0,1677,3,1,0,1
16050,1,2,0,318,1,1,0,0
12602,1,2,0,708,2,1,0,0
9841,1,5,0,1687,4,1,0,1
6041,0,8,1,456,4,1,0,0
4955,1,6,1,1293,2,1,1,0
15266,0,9,0,344,4,1,0,0
19245,0,5,0,1064,0,0,0,1
5888,0,4,1,1774,4,0,0,0
301,0,9,1,414,0,1,1,0
10661,0,5,0,1404,4,1,0,1
17001,0,1,1,1246,3,1,1,0
7837,0,5,0,1305,3,0,0,1
2088,0,5,1,225,1,0,0,1
15541,1,5,1,1481,3,1,0,0
11837,1,2,0,1178,2,1,0,0
14356,0,6,1,280,1,1,0,0
7262,0,5,0,1377,3,0,0,0
13165,0,2,1,1063,0,1,1,0
14214,1,8,0,729,4,1,0,0
8499,1,6,0,1780,3,1,1,0
5733,0,3,0,621,0,0,0,0
5855,0,9,1,975,1,0,0,0
10925,1,4,0,573,4,1,0,0
4217,1,3,0,489,3,0,0,0
1618,0,7,1,1008,1,1,0,1
16446,0,8,1,1969,3,1,0,0
2700,0,7,0,937,1,0,0,0
13337,0,1,0,1222,3,1,0,1
18679,1,1,1,1300,0,1,1,1
3654,1,5,1,1196,2,0,0,0
16293,0,8,1,784,0,1,0,0
19333,0,3,0,508,4,0,0,0
15353,0,8,1,405,3,1,1,1
16294,1,3,0,1295,2,1,0,0
1842,0,4,0,1959,2,0,0,0
1406,0,7,0,1578,4,0,0,0
3949,0,3,1,1725,4,0,0,0
12460,1,4,1,772,2,1,0,0
12868,0,8,1,664,4,1,0,0
13132,1,4,0,131,4,1,0,0
4295,0,9,0,1650,3,0,0,0
19039,0,4,1,1409,0,0,0,0
18789,0,4,1,1758,1,0,0,0
7719,1,5,0,1421,2,0,1,0
9380,0,1,0,1590,1,0,1,1
2742,0,7,0,1874,2,0,0,0
9469,1,9,0,1320,2,1,0,0
14396,1,9,1,1407,0,1,0,0
15538,1,1,0,1536,2,1,0,0
15774,0,6,0,1419,2,1,0,0
4857,1,3,1,1578,0,1,1,1
3094,0,4,1,1629,4,0,0,0
15326,1,8,1,1284,1,1,0,0
1371,1,4,1,281,2,1,0,1
1913,1,8,0,1380,0,1,0,0
18945,0,4,0,420,2,0,0,0
8575,0,9,0,1216,0,0,0,0
4496,0,6,0,637,1,0,0,1
9383,0,1,0,1452,3,0,0,0
13418,0,2,1,808,4,1,1,0
17300,0,7,1,348,3,1,0,0
182,0,7,0,429,0,0,0,0
2020,0,3,1,1416,2,0,0,0
7917,0,1,0,1365,4,0,0,0
11783,1,8,0,547,1,1,0,1
11436,1,7,0,940,4,1,1,1
15696,0,8,0,402,2,1,0,0
2193,0,1,0,1071,3,0,0,1
13005,0,3,1,665,0,1,1,1
8467,0,2,1,750,3,1,1,1
5385,1,1,0,1449,4,1,1,1
10996,1,5,0,1541,2,1,0,0
5037,0,3,1,960,0,0,0,0
16853,1,8,0,1982,2,1,0,0
18302,1,6,0,637,2,1,0,0
18585,0,9,0,879,4,1,1,0
13077,0,9,1,1352,3,1,0,0
19974,0,6,0,87,2,1,0,1
18263,0,2,0,515,2,1,1,1
7774,1,9,1,1004,2,1,1,0
17848,0,2,0,1189,0,0,0,0
3776,1,3,0,1247,2,0,0,1
2526,0,6,1,861,2,0,0,0
3062,1,2,1,1321,4,1,0,1
959,0,5,0,916,2,0,0,0
12148,0,2,1,451,2,1,1,1
4238,1,4,0,1367,4,0,0,0
2524,1,3,0,1960,0,0,1,0
10509,1,5,1,341,3,1,1,1
4117,0,6,0,1485,4,0,0,0
10551,1,7,1,1416,0,1,0,0
10378,1,8,1,1925,3,1,0,0
11096,1,9,1,1561,2,1,0,1
1234,1,4,0,1575,4,0,0,0
5219,1,4,1,421,2,0,0,0
5794,1,7,0,381,4,1,0,0
4264,1,9,1,1641,3,1,0,0
18830,1,2,1,5,0,1,1,1
5139,1,6,0,648,4,1,0,0
14731,0,8,0,1028,0,1,0,1
10542,0,5,1,1705,2,0,0,0
8352,1,5,0,316,2,0,0,0
17821,0,8,0,1846,3,1,1,0
17668,0,1,1,1942,3,1,0,0
1651,1,6,1,1102,1,1,0,0
12725,1,9,0,531,1,1,1,0
1729,1,6,1,1741,3,1,0,1
18010,1,7,1,355,2,1,0,0
1461,1,4,1,1860,0,1,1,0
4470,1,1,0,1057,3,1,0,1
5383,0,9,0,662,0,0,0,0
7710,1,6,0,1729,1,1,0,0
10658,0,3,1,1163,0,1,1,0
15024,1,4,0,1296,3,1,0,0
14939,1,6,1,1220,2,1,1,0
12049,0,6,1,127,3,1,1,0
10726,1,9,1,349,4,1,0,0
2093,1,4,1,1767,4,1,0,0
969,0,5,0,1068,4,0,0,0
1114,1,5,1,742,2,0,0,0
10203,0,3,1,728,3,1,0,0
17086,1,2,0,244,4,1,0,0
12113,1,8,1,9,3,1,1,0
790,0,9,0,1786,1,0,1,0
16973,1,9,0,712,4,1,0,0
10848,0,5,0,846,4,0,0,0
8124,0,9,1,1103,2,0,0,0
16778,0,4,0,1781,3,0,0,0
5588,1,2,1,1214,2,0,0,0
11135,1,3,0,86,2,1,1,0
19396,0,1,0,1509,3,0,0,0
18357,1,5,0,271,1,1,0,0
12955,1,1,0,1798,3,1,0,0
19742,1,1,1,513,1,1,0,1
2917,0,7,1,1044,2,1,1,0
4558,1,2,0,1513,1,0,0,0
5407,0,8,0,1956,1,0,0,1
9033,1,6,0,130,1,1,1,1
18525,1,4,1,838,4,1,0,1
17163,0,9,0,770,4,1,1,1
10759,1,8,0,1667,2,1,1,1
5838,0,3,1,1031,3,0,0,0
5768,1,3,0,852,1,0,0,0
14527,0,4,0,1777,4,0,0,0
7797,1,9,0,1728,3,1,0,1
16546,1,9,0,937,1,1,0,0
7929,1,5,1,1334,3,1,0,1
10851,0,9,1,1833,0,1,0,1
13550,0,6,1,1651,1,1,1,0
7452,0,8,0,901,3,1,0,1
13616,1,8,0,473,1,1,1,0
8426,0,7,1,1126,1,0,0,0
3744,0,4,0,338,0,0,0,1
8103,0,4,0,319,3,0,0,0
3378,0,6,1,1537,2,1,1,0
7396,0,9,1,1049,4,1,0,1
3174,0,7,0,721,1,0,0,0
13361,0,5,1,1454,1,1,0,1
11273,0,5,0,143,1,0,0,0
8412,0,8,1,1733,1,1,1,1
1737,0,6,1,657,4,1,0,0
13752,1,1,0,1173,2,1,0,0
5203,1,1,0,1717,0,0,0,0
17128,0,9,1,1079,2,1,0,1
2132,1,8,0,471,4,1,1,0
2861,1,6,0,363,3,1,0,0
15295,0,1,0,650,0,0,0,0
18552,0,2,1,209,0,1,1,1
16725,0,3,0,1209,3,1,0,1
2768,1,3,0,1089,1,0,0,0
14738,0,2,1,549,4,1,1,1
16054,1,2,1,1136,3,1,0,1
17286,0,6,1,263,2,1,0,1
12456,1,7,1,1100,2,1,1,1
295,1,4,0,1320,3,0,0,0
2287,0,1,0,1202,4,0,1,0
11807,0,6,1,766,0,1,0,0
2430,1,7,1,1,0,1,0,0
3706,1,4,0,148,1,0,0,0
160,0,6,0,876,4,0,0,0
14487,0,9,1,1695,2,1,0,0
4027,1,4,0,1860,2,1,1,1
6396,0,4,0,986,1,0,0,1
13722,1,5,1,1804,2,1,0,1
14225,0,3,1,1686,1,0,0,0
2691,0,2,1,1153,1,0,0,1
12227,0,9,1,1662,3,1,0,0
15848,1,1,0,513,0,1,0,0
6221,0,5,1,1923,4,0,0,1
1300,1,5,0,629,4,1,1,1
15821,0,8,0,972,0,1,1,0
19338,1,6,0,1526,4,1,1,0
11187,1,6,1,1173,2,1,0,0
7072,0,6,0,1293,2,0,0,0
236,1,4,1,1725,4,1,1,0
17513,1,1,1,653,3,1,0,0
15446,1,3,1,1129,4,1,0,0
19078,1,6,0,466,1,1,0,0
761,0,5,1,764,1,0,0,0
2572,0,1,1,1020,0,0,0,1
186,0,5,0,929,2,0,0,0
10804,1,2,1,1926,3,1,0,1
6319,1,1,0,1305,4,0,0,0
16422,0,4,0,1431,1,0,0,0
14849,0,6,1,1880,2,1,0,1
7068,1,7,1,1637,2,1,1,0
19257,0,9,1,794,3,1,1,1
13696,0,5,1,900,3,1,0,0
1800,1,8,0,1382,3,1,0,0
2800,0,8,1,675,3,1,0,1
11921,1,9,1,1009,1,1,1,0
18131,0,3,0,1227,3,1,0,1
5620,1,3,1,1636,2,0,0,0
11610,1,9,1,281,2,1,0,0
3787,1,7,1,916,4,1,0,0
17080,1,4,1,1281,2,1,0,0
8937,1,1,1,1118,2,1,0,1
15055,0,7,0,324,1,1,0,0
11381,0,6,1,791,2,1,0,1
14017,0,3,0,1763,0,0,0,0
4857,1,5,0,1386,2,0,0,0
13145,0,3,0,1686,4,0,0,0
9012,1,8,0,1375,4,1,0,0
4833,1,5,1,1086,3,1,0,0
7181,0,6,1,1665,1,1,1,0
8790,1,2,0,187,4,0,0,0
1773,0,8,1,1604,0,0,0,0
14418,1,9,1,915,0,1,0,0
11271,1,3,0,542,3,1,0,0
13645,0,6,1,897,1,1,0,0
11903,1,6,0,1328,1,1,0,1
2394,0,2,0,1811,2,0,1,1
3730,1,8,1,639,0,1,0,0
15193,0,5,1,436,0,0,0,0
16630,1,8,1,213,0,1,0,0
14553,0,8,0,1430,0,1,0,1
12274,0,3,0,818,4,0,0,0
3553,1,5,1,962,1,0,0,0
4607,0,7,0,1158,2,0,0,0
10702,1,5,1,960,4,1,0,1
5728,1,6,1,917,1,1,0,1
8428,0,2,1,993,3,0,0,1
15634,0,8,1,915,0,1,0,0
19844,0,5,0,1243,2,0,0,0
19489,0,6,1,421,1,1,0,0
3652,0,1,0,319,3,0,0,0
16502,1,2,0,1181,0,1,0,0
2342,0,4,0,188,3,0,1,0
14765,1,9,0,1500,3,1,0,0
5197,0,6,0,162,4,1,0,1
8740,0,8,0,129,3,0,0,0
2048,0,2,1,304,4,0,0,0
5718,1,5,0,1113,4,1,0,1
4336,0,1,1,1919,3,0,0,0
2020,1,4,0,917,1,0,0,0
11269,1,1,1,1186,3,1,0,1
4288,1,9,1,922,3,1,1,0
12307,0,2,0,1060,1,1,1,1
338,1,7,1,1251,0,1,0,1
304,0,3,1,151,2,0,0,1
10899,1,2,0,593,0,1,0,0
5652,0,4,0,47,3,0,1,1
5027,1,7,0,1740,0,1,0,0
11264,0,7,0,940,2,1,0,0
4490,0,9,0,660,0,0,0,1
19171,0,3,0,231,2,0,0,0
15741,1,7,0,1563,0,1,1,0
6260,1,6,0,1002,4,1,0,1
15910,0,7,1,1725,3,1,0,0
5226,1,7,0,165,2,1,1,0
916,1,5,1,724,3,1,1,0
13514,1,9,0,820,4,1,0,0
292,1,7,0,1611,0,1,0,1
18260,1,7,0,1628,3,1,0,0
3745,1,3,0,1598,0,0,0,0
12916,1,1,1,1090,0,1,1,0
6414,0,5,1,1944,3,0,0,0
18272,0,8,0,1104,2,1,0,0
7474,1,5,1,140,2,1,1,0
3800,0,3,0,400,3,0,0,0
10755,0,9,1,1956,2,1,1,1
15229,0,2,0,130,1,0,0,0
9459,1,3,1,985,0,0,0,0
3993,1,4,1,766,3,1,0,0
6911,1,1,1,446,4,1,0,0
9388,1,4,0,1856,3,1,1,0
19163,1,4,1,29,3,1,0,1
604,0,9,0,1226,0,1,1,1
9913,1,8,1,1261,4,1,0,1
14771,0,2,0,1623,0,0,0,0
10838,1,7,0,1632,2,1,0,0
11286,0,6,0,799,3,1,1,0
6873,1,7,1,1363,0,1,0,0
3916,1,4,1,1423,1,0,0,0
817,1,5,0,1463,3,1,0,1
11776,1,6,0,289,2,1,0,0
4534,1,9,0,1276,0,1,0,1
17142,1,2,1,977,0,1,1,0
5157,0,9,1,1716,1,0,0,0
5094,1,1,1,100,2,0,0,0
4334,0,4,1,1940,1,0,0,0
3864,1,5,1,1609,3,1,0,1
11281,0,9,0,422,4,1,1,1
4737,0,6,0,643,0,0,0,0
2204,0,4,0,694,1,0,0,1
9547,0,2,0,706,0,0,1,1
10774,0,5,1,18,0,0,0,0
19091,0,8,1,471,1,1,0,0
8485,1,8,0,1662,0,1,1,1
12099,0,6,1,723,2,1,1,0
3819,1,1,0,1031,2,0,1,0
2681,1,8,1,419,4,1,1,0
19049,0,4,1,380,2,0,0,0
2863,0,2,0,508,1,0,0,1
6091,1,1,0,114,2,0,0,0
10631,0,7,0,852,4,1,1,0
19890,0,2,1,511,3,1,1,1
11164,0,4,1,1620,3,1,0,0
11412,0,4,1,851,1,1,0,1
4880,0,1,0,1897,4,0,0,1
4277,0,2,0,976,2,0,0,1
15269,0,1,0,614,4,1,0,1
6576,1,6,1,469,0,1,1,0
19088,0,3,1,93,4,1,1,1
2482,1,1,0,1516,2,0,0,1
17015,1,8,0,1852,1,1,0,0
12608,1,4,0,1126,0,1,1,0
734,1,7,1,493,4,1,0,0
12096,0,2,1,763,3,1,0,0
14262,1,6,0,1560,2,1,0,0
16486,1,6,0,1509,1,1,0,1
14105,1,7,0,989,2,1,0,0
8497,1,1,1,479,4,1,0,0
12427,1,1,1,877,1,1,0,1
14494,0,2,1,167,3,1,0,0
2990,0,2,0,140,0,0,0,0
10958,1,5,0,94,4,1,0,0
8126,0,1,0,1205,1,0,0,0
3406,0,2,0,576,0,0,0,0
997,1,6,0,1028,1,1,0,0
9377,1,3,0,606,4,1,1,0
9571,1,4,0,1413,1,0,1,0
14996,0,1,0,1296,3,1,0,1
15340,1,5,0,1819,1,1,1,0
14783,0,4,0,1156,4,0,0,0
770,0,8,0,584,1,0,0,1
17989,0,3,1,816,0,1,0,1
11867,1,1,0,1928,0,1,0,0
13106,0,5,0,593,2,0,0,0
15868,1,1,1,1536,2,1,0,0
16733,1,5,0,686,3,1,0,0
1992,1,9,1,1836,0,1,0,1
3539,1,5,1,963,2,0,0,0
2954,1,2,0,987,1,0,0,1
11677,0,2,0,1076,3,0,0,0
11863,0,9,1,1314,4,1,0,1
11718,0,5,0,446,2,0,0,1
8335,0,8,0,237,2,0,0,0
2718,0,4,0,1813,0,0,1,1
3263,1,2,1,1515,3,1,0,0
3042,1,4,1,1304,0,1,1,0
2025,0,4,0,1068,0,0,1,1
3072,0,9,0,882,3,0,0,0
11805,0,6,1,766,1,1,0,0
10740,1,6,1,937,2,1,1,1
11066,1,5,0,1949,0,1,0,0
17474,1,6,0,359,2,1,0,0
11238,0,1,0,646,3,0,0,0
18296,0,5,1,1592,1,1,1,1
16035,0,6,1,1550,4,1,0,0
13245,0,8,0,690,1,1,0,1
589,1,4,1,462,3,1,0,0
11848,0,5,0,101,1,0,1,0
19375,0,4,0,692,4,0,0,0
3616,0,7,0,984,0,0,0,1
19824,1,6,0,1485,1,1,1,0
6510,1,4,0,769,3,1,1,1
153,0,6,1,268,1,1,0,1
19059,1,4,1,883,4,1,0,1
17099,1,8,0,1386,3,1,0,0
6044,1,3,1,408,1,0,0,0
7504,1,8,0,1061,3,1,0,0
1054,1,2,1,468,4,1,0,0
10725,0,6,1,1990,0,1,0,0
1729,0,8,1,1740,4,1,0,0
11073,0,1,1,259,0,1,1,0
6959,1,6,0,509,2,1,0,0
8941,1,9,1,1691,4,1,0,0
10639,1,2,1,1774,0,1,0,0
12782,1,1,1,309,2,1,0,0
3378,0,2,1,1636,2,0,0,1
19045,0,5,1,1297,2,0,0,0
6639,0,6,1,625,3,1,0,0
16854,0,1,1,110,4,1,0,0
957,0,7,1,1679,4,1,0,0
4986,0,4,0,679,4,0,0,0
13045,1,9,0,1284,4,1,0,0
7585,1,6,0,1681,3,1,0,0
13780,0,9,1,742,4,1,0,0
16867,1,1,0,907,0,1,0,1
14497,0,4,0,268,2,0,0,1
10844,0,2,0,1056,3,1,0,1
4434,1,6,1,1947,3,1,1,0
19209,0,4,0,940,4,1,0,1
12326,0,9,0,811,2,1,0,1
13540,0,3,0,1755,0,0,0,0
15120,1,1,0,1201,2,1,0,0
4351,1,1,0,104,1,0,0,0
12280,1,9,0,1260,2,1,0,0
16240,1,9,0,1117,0,1,0,0
1022,0,5,1,201,0,0,0,0
19399,1,2,0,1835,0,1,0,0
8057,1,9,0,899,3,1,0,0
19530,1,8,1,743,3,1,0,0
15896,0,6,1,925,1,1,0,1
1330,1,7,1,1791,2,1,0,0
10727,1,6,1,597,4,1,0,1
10106,0,5,1,1059,1,1,0,1
5033,0,4,0,1141,4,0,0,1
14395,0,7,0,688,4,1,0,1
16477,0,4,0,1482,1,0,0,1
303,1,9,1,1495,2,1,0,0
16644,0,5,0,1959,4,1,1,1
15999,1,8,0,920,3,1,0,0
3848,1,6,1,788,3,1,0,0
6818,1,4,1,399,1,1,0,1
19065,1,3,0,597,4,1,0,0
1193,1,6,1,117,1,1,0,0
15328,0,1,0,362,3,1,1,0
16134,1,2,1,204,1,1,0,1
5810,1,7,0,1170,4,1,0,1
9832,1,4,0,444,4,0,0,0
19359,0,5,0,727,3,0,0,0
3291,1,1,1,1641,0,1,0,1
18321,1,2,1,861,0,1,0,0
789,0,4,1,1321,2,0,1,0
2203,1,8,1,868,3,1,0,1
465,1,4,0,1605,2,0,0,1
14110,0,3,0,1511,3,0,0,0
11867,1,3,0,767,4,1,0,1
16203,1,5,0,1255,3,1,0,0
12842,1,3,1,1227,1,1,0,1
12491,1,8,1,362,2,1,1,0
4272,1,5,1,395,3,1,0,1
15723,0,7,1,248,2,1,0,0
2478,0,8,0,1464,3,0,0,0
17689,0,5,1,914,0,1,0,1
12131,1,8,1,1420,2,1,0,0
5769,1,3,1,761,4,1,0,0
2835,1,7,0,656,4,1,1,1
9967,0,8,0,1819,3,0,0,0
8590,1,7,0,356,4,1,0,1
1056,1,2,1,1425,4,1,0,0
9406,1,8,0,241,2,1,0,0
6723,0,6,0,1365,3,1,0,1
15008,0,3,0,1911,2,0,1,0
17958,1,4,0,229,3,1,1,0
4560,1,7,0,1567,4,1,0,0
14086,1,3,0,621,3,1,0,1
12738,0,1,1,931,3,1,0,1
19312,0,6,1,1563,1,1,0,0
2950,0,3,0,855,3,0,0,1
13399,1,6,1,1696,1,1,0,0
10798,0,3,0,529,2,1,1,1
19448,1,6,1,267,1,1,0,0
4694,1,4,0,1153,2,0,0,0
14382,0,4,1,220,3,1,0,0
16385,1,2,0,1106,2,1,0,1
14434,0,4,0,561,4,0,0,0
6744,1,4,1,1577,3,1,0,0
2950,1,7,0,1044,1,1,0,0
15033,0,5,1,1351,0,1,0,1
265,1,8,0,1061,3,1,0,0
10801,1,7,0,382,4,1,0,0
1019,1,9,0,1936,2,1,0,0
8405,1,8,0,39,1,1,0,0
19988,1,9,1,1133,1,1,1,0
17475,1,1,1,429,4,1,1,0
15815,1,3,1,1088,4,1,0,0
3939,1,5,1,1199,3,1,0,0
17742,0,9,1,791,0,1,0,0
11718,0,8,0,32,0,1,0,0
13619,1,7,0,945,2,1,0,1
10876,1,2,1,1745,1,1,1,0
167,0,6,0,1915,3,0,0,0
9888,1,4,1,531,1,0,0,0
5760,0,5,0,106,3,0,1,1
4578,0,5,1,482,4,0,0,0
8310,0,4,0,206,2,0,0,0
11022,1,4,0,1271,4,1,0,0
3621,1,4,1,835,1,1,0,1
672,1,2,0,1703,2,0,0,1
7182,0,1,1,89,3,0,0,0
5495,0,2,0,1340,3,0,1,0
15507,0,7,1,1035,2,1,1,0
18742,1,1,0,1073,4,1,0,1
11194,0,6,1,1935,2,1,0,0
750,0,4,0,896,4,0,0,0
5841,1,2,0,1597,2,0,0,0
13381,0,3,1,1195,4,1,0,1
6938,0,7,1,143,0,0,0,0
19071,1,6,1,207,2,1,0,0
3362,1,6,1,1487,4,1,0,0
17822,0,8,0,509,1,1,0,0
5096,1,8,0,1225,1,1,1,0
11926,0,6,0,5,2,1,0,1
2927,1,1,0,211,2,0,0,0
14311,0,7,0,29,3,1,0,0
5332,1,8,1,1214,4,1,0,1
2317,0,5,1,188,2,0,0,0
14332,1,4,1,1861,1,1,0,0
14126,1,7,1,1791,1,1,0,0
19445,1,6,1,1174,1,1,0,0
19710,1,6,0,525,4,1,1,0
13978,1,3,0,946,0,1,0,1
6937,1,4,1,1908,2,0,0,0
7131,1,5,1,1967,0,0,0,0
14906,0,9,1,1390,4,1,0,0
3816,0,8,0,157,2,0,0,0
3514,1,3,1,80,3,1,0,0
17932,1,6,1,1892,2,1,0,0
670,0,1,1,1297,2,0,0,0
19388,0,3,0,660,2,0,0,0
13388,1,7,1,1742,2,1,0,0
18989,0,7,0,626,2,1,0,1
1017,0,2,1,1542,4,0,0,0
10166,1,3,1,1814,2,1,1,1
7082,1,7,0,232,4,1,0,0
6436,1,6,0,1673,2,1,0,0
18162,0,7,1,160,2,1,0,1
17099,1,9,1,344,4,1,0,0
10041,1,8,0,1313,2,1,0,0
12480,0,6,0,205,1,1,0,1
19989,1,4,1,995,2,1,0,1
11767,0,9,0,838,3,1,0,0
4629,0,7,0,305,4,0,0,0
17619,0,5,1,1384,2,1,1,0
12292,0,2,1,670,2,0,0,0
8666,0,9,1,1894,4,1,0,1
7326,0,7,0,400,0,0,0,1
5262,1,9,1,1473,1,1,1,0
16690,1,9,1,106,1,1,1,0
1419,1,5,0,1106,2,0,1,0
1241,0,7,1,342,4,1,1,0
4727,1,5,0,986,3,1,1,0
14601,0,3,0,1806,2,0,0,0
2790,1,8,1,952,1,1,0,0
7423,0,8,1,1445,2,0,0,0
3355,1,9,0,49,4,1,0,0
5313,0,6,1,206,3,1,1,0
4208,1,2,0,1242,0,0,1,0
19504,0,3,0,1842,3,0,0,0
18341,1,6,1,1700,2,1,0,0
19273,0,1,1,1460,1,0,0,0
9902,1,2,0,791,4,0,0,0
11513,1,8,0,1346,2,1,1,0
15095,1,8,1,231,0,1,0,0
12683,0,6,0,1735,4,1,0,1
5121,0,3,0,1511,4,0,1,0
18871,0,2,0,1453,4,0,0,0
6682,0,6,1,883,2,1,0,1
13555,0,1,0,726,0,0,0,0
13217,1,6,0,284,2,1,0,0
19050,0,9,1,1510,4,1,1,1
17459,1,7,0,276,4,1,0,1
1362,1,9,0,433,1,1,0,0
7482,0,2,1,1209,3,0,0,0
3427,1,5,1,1746,2,1,1,0
18743,0,9,1,633,0,1,0,0
10120,0,7,1,216,4,1,0,1
17741,0,9,1,97,2,1,0,0
16948,1,6,0,955,3,1,0,0
14162,0,7,0,1143,2,1,1,0
19778,0,5,1,365,3,1,0,0
6874,0,6,0,1818,2,0,0,0
15260,1,1,1,1427,1,1,0,1
1330,0,1,0,1008,2,0,0,0
9176,1,2,0,618,1,0,0,0
3905,1,4,0,397,3,1,1,0
14815,0,9,1,458,4,1,0,0
5850,1,7,1,318,4,1,0,0
15727,1,6,1,382,2,1,0,0
13332,0,1,0,142,0,0,0,0
3235,0,5,1,457,2,0,0,1
7053,0,4,0,501,1,0,0,0
1646,1,5,0,1931,1,0,0,0
15557,0,9,1,323,3,1,0,0
17578,1,3,0,1000,2,1,0,0
2511,1,4,0,268,3,1,0,1
19101,1,8,0,1827,0,1,1,0
14213,1,3,1,487,4,1,0,0
4245,1,3,1,878,4,1,0,1
2875,0,9,1,679,2,1,0,1
13293,0,5,0,1184,3,1,1,0
12951,1,1,0,1767,3,1,0,0
13170,1,7,1,14,0,1,0,0
19639,0,7,0,1004,3,1,1,0
4070,0,6,1,705,1,0,0,0
14219,1,6,1,155,1,1,0,0
4431,1,3,1,101,1,0,0,0
10395,0,3,1,572,2,1,1,0
2042,0,9,0,1067,1,0,0,0
16675,1,1,0,1217,1,1,0,0
13504,0,7,0,1335,4,1,0,0
961,0,7,1,621,2,0,0,0
9375,1,8,0,1629,1,1,0,0
17133,1,6,1,1752,0,1,1,0
4234,1,8,1,1015,1,1,0,0
11903,0,1,1,465,2,0,0,0
15508,1,1,0,1187,3,1,0,0
17520,0,9,1,351,4,1,0,0
16451,1,4,0,234,4,1,0,1
4231,1,3,0,1952,2,0,0,0
18632,0,6,0,403,1,1,1,0
12157,0,9,0,351,0,1,0,0
11449,1,4,0,1191,1,1,0,0
11586,1,9,0,1172,1,1,0,0
5557,0,5,0,28,0,0,0,1
6179,1,7,0,259,4,1,0,0
12553,0,3,1,1952,1,1,0,1
18914,0,3,1,1622,3,1,1,0
18363,1,3,0,620,3,1,0,1
12258,0,8,0,1466,2,1,1,0
15835,0,6,0,1974,2,1,1,0
15930,0,9,0,1962,0,1,0,0
15225,1,9,0,1653,0,1,0,0
12005,0,8,1,876,2,1,0,0
12398,1,1,0,1551,1,1,0,0
2111,1,6,0,1235,4,1,0,1
3473,1,4,0,1854,3,0,0,0
10435,0,4,1,543,0,1,0,1
10792,0,3,1,1469,2,1,0,1
14627,1,9,0,1818,3,1,0,0
12873,1,2,1,453,0,1,0,0
1389,0,1,1,697,0,0,0,1
1547,1,3,1,404,1,1,1,1
19683,1,4,1,1019,0,1,0,0
19667,0,4,1,1090,4,1,0,0
14239,1,6,1,1429,0,1,0,0
13857,0,1,1,883,4,1,0,0
5562,0,1,1,1852,1,0,0,0
19700,1,2,0,575,4,1,0,1
19620,0,4,0,1459,3,0,0,0
19802,0,7,1,1252,0,1,0,0
19266,0,6,1,1500,2,1,0,1
7757,1,9,0,1492,2,1,0,0
5020,1,7,0,1125,4,1,0,0
10445,1,5,1,423,1,1,0,0
8517,0,6,0,1380,4,0,0,0
17260,0,9,1,1163,4,1,1,1
5308,1,1,0,1655,4,1,1,0
787,1,9,1,1593,3,1,1,0
17013,0,6,0,1155,3,1,0,1
13323,1,4,1,549,4,1,0,0
8180,1,5,0,468,1,0,0,0
18637,1,1,0,1504,0,1,1,0
9586,1,7,1,111,2,1,0,0
6194,1,8,1,153,3,1,0,1
7792,0,5,0,917,0,0,1,1
11188,1,2,0,762,3,1,0,1
3203,1,8,1,1266,3,1,0,0
2540,0,7,0,720,3,0,0,0
7224,0,9,0,880,4,0,0,0
17328,0,4,0,682,4,0,0,0
14131,0,9,0,769,3,1,0,0
14636,1,4,0,279,3,1,0,0
546,1,3,1,363,2,1,1,1
4015,1,3,0,1649,0,0,0,0
15887,1,2,0,1432,0,1,1,1
19593,0,3,1,1199,1,1,0,1
17718,0,8,1,601,1,1,0,0
6687,1,8,1,1159,1,1,0,1
326,1,2,1,1530,4,1,0,0
11251,1,2,1,294,4,1,1,0
5658,1,2,0,1519,2,0,0,1
12071,0,7,0,1839,4,1,0,0
286,1,6,0,871,1,1,0,0
14780,0,1,1,1443,3,1,0,0
14659,0,2,1,1230,1,1,0,1
11169,0,1,1,1342,2,1,0,1
2635,0,7,0,73,3,0,0,0
2032,1,6,0,259,4,1,0,1
2132,1,2,0,1382,3,1,1,1
1352,1,2,0,1172,2,1,1,1
5609,1,2,0,1249,4,0,0,0
5174,0,8,0,1129,0,0,0,1
14000,0,7,1,1580,1,1,1,0
14623,0,1,0,1952,1,0,1,0
1981,1,4,0,356,2,1,1,1
369,0,4,0,1562,2,0,0,0
1730,0,7,0,1840,1,0,0,0
18058,0,2,0,1285,3,0,0,0
13483,0,4,1,571,0,1,1,1
16252,1,1,0,573,0,1,0,0
11184,0,4,0,817,2,0,0,1
1795,0,1,1,1950,2,0,0,0
19742,1,2,1,1937,3,1,0,0
14921,1,2,0,1094,2,1,0,0
3362,1,3,0,1978,0,0,0,1
1545,0,8,0,1471,1,0,0,0
16536,0,6,0,1981,0,1,0,0
10049,0,6,0,447,3,1,0,0
18150,0,9,1,783,1,1,1,1
7001,1,8,1,1281,1,1,1,0
19269,0,2,0,909,0,0,0,0
819,0,6,0,944,1,0,1,0
8697,1,1,1,896,1,0,0,0
6955,1,9,1,930,2,1,0,1
18778,1,4,0,637,1,1,1,1
8363,0,4,0,926,3,0,0,1
14620,0,9,0,531,1,1,0,1
11974,0,3,0,119,2,0,1,0
14179,0,5,0,1856,4,1,1,1
17182,0,1,0,66,4,1,0,1
7343,1,6,1,245,3,1,0,0
9118,1,3,1,57,3,1,0,0
16832,0,1,1,1068,1,0,0,0
12200,0,6,1,524,1,1,0,0
16791,0,2,0,1914,4,0,0,0
19900,0,8,1,424,4,1,0,1
4920,0,2,1,1772,0,0,0,1
11101,1,4,0,1560,4,1,0,0
14007,1,3,1,395,4,1,1,0
11769,1,9,0,450,3,1,0,0
16016,0,2,0,1281,0,0,0,0
10978,0,3,1,954,0,0,0,0
3085,1,7,1,1820,1,1,1,0
8212,1,4,1,1860,1,0,0,0
8567,0,6,0,1385,0,0,0,0
19031,1,3,1,763,0,1,0,0
436,1,1,0,1630,1,0,0,1
10265,0,6,1,1404,3,1,0,0
19463,1,4,0,443,3,1,0,0
12868,1,2,1,967,3,1,0,1
4068,1,7,1,892,3,1,0,1
1010,0,5,0,534,1,0,1,0
18480,1,6,1,1498,2,1,0,0
15732,1,6,1,157,4,1,0,0
16379,1,9,0,89,4,1,0,0
3229,0,2,1,202,4,0,0,0
5547,0,6,1,980,4,1,0,0
6229,1,9,0,462,1,1,1,1
5950,0,4,1,1505,2,0,0,0
7546,1,6,0,709,1,1,0,1
12049,0,7,1,1581,2,1,0,0
8619,0,1,1,454,1,0,0,0
414,1,5,0,1494,0,0,0,0
11837,1,4,1,380,2,1,0,1
1234,1,2,0,401,4,1,0,1
11038,0,2,0,1103,2,0,0,0
15688,1,2,1,551,3,1,0,0
8447,0,7,0,936,2,0,0,1
5692,0,4,1,1820,3,0,0,0
18208,1,6,0,1013,3,1,0,1
19827,0,7,1,1410,0,1,0,1
17370,1,9,1,978,2,1,0,1
11097,0,2,0,1691,0,0,0,1
821,1,9,1,661,4,1,0,0
9204,0,5,1,1367,2,0,1,0
19841,0,6,1,903,1,1,0,1
970,1,6,0,445,1,1,0,0
6851,0,3,1,52,1,0,0,1
16981,1,7,1,1275,3,1,1,0
1856,0,7,0,1968,1,0,0,0
1217,0,8,1,1918,4,1,0,0
11701,0,5,0,1683,2,1,1,1
2928,1,2,0,329,2,0,0,0
15096,1,3,1,1932,3,1,0,0
18131,1,9,0,1518,3,1,1,0
13978,1,6,1,1374,3,1,0,0
7092,1,8,1,1991,4,1,0,1
13878,0,8,1,770,2,1,0,1
6871,0,5,0,1809,0,0,0,0
16626,1,1,0,1483,3,1,0,1
19245,0,6,1,498,1,1,0,1
3535,0,7,1,125,0,0,0,0
6722,0,9,0,204,0,0,0,0
12952,0,2,1,768,3,1,0,0
14906,1,2,0,643,1,1,0,1
10723,0,1,0,1045,3,1,1,1
1948,1,5,1,590,3,1,1,0
2796,1,2,1,1871,1,0,0,0
1817,0,3,1,1587,0,0,1,1
19556,1,2,0,362,0,1,0,0
9359,0,4,0,361,1,0,0,1
2886,0,3,0,1802,0,0,0,1
14254,0,9,0,1140,4,1,0,0
13509,1,2,1,55,3,1,0,0
3891,1,7,0,292,4,1,0,0
3971,1,3,1,1075,4,1,0,0
1906,0,8,0,842,4,1,0,1
17988,0,4,0,785,2,0,1,0
19792,0,4,1,254,2,1,1,0
13404,1,9,0,492,4,1,1,0
18174,0,3,1,985,3,1,0,1
15649,0,7,0,573,4,1,0,1
3403,1,1,1,859,4,1,0,1
19597,1,7,0,993,2,1,0,0
16161,1,2,0,1995,4,1,0,1
15298,0,6,1,1933,3,1,1,1
17988,0,9,1,961,3,1,0,1
10755,0,6,1,1887,4,1,0,0
9024,1,3,0,225,3,0,0,0
10040,1,1,0,1493,4,1,1,0
4024,1,4,0,1872,2,0,1,0
9883,1,4,0,103,4,0,0,0
4585,0,8,0,970,0,0,1,0
12729,0,7,0,1072,2,1,0,0
13333,0,7,1,737,3,1,0,1
13001,0,7,0,1366,3,1,0,0
291,0,2,0,233,2,0,0,0
5017,0,9,1,1606,0,1,1,0
5931,0,6,1,1583,2,1,1,0
10260,0,2,1,228,1,1,1,0
13782,1,1,1,1007,0,1,0,1
12491,1,1,1,522,2,1,0,0
1974,0,1,0,1721,1,0,0,1
9162,1,4,0,1616,4,0,0,0
4863,0,4,1,13,0,0,0,0
10334,0,9,1,1523,4,1,0,0
9321,1,1,0,445,1,1,1,1
11510,0,3,1,1850,3,1,0,0
14619,0,3,0,340,3,0,0,0
1151,0,8,0,1348,3,1,0,1
12325,0,2,1,1620,4,1,0,1
9865,0,6,0,598,0,0,0,0
11482,0,4,0,157,4,1,1,1
12680,0,6,0,656,4,1,0,1
12089,1,5,0,1003,3,1,0,0
12039,1,9,1,1599,4,1,0,0
18589,0,9,1,1455,1,1,1,0
407,1,1,1,1579,2,0,0,0
3459,0,3,1,1431,2,0,0,0
3276,0,1,1,1182,2,0,0,0
1351,0,6,0,1209,3,1,1,0
5466,0,3,0,798,3,0,0,1
18001,1,1,0,491,2,1,0,0
6326,1,6,0,835,0,1,0,1
14430,1,5,1,952,2,1,1,0
4991,1,8,1,1560,4,1,0,0
5092,0,2,0,357,2,0,1,0
2061,1,8,1,717,2,1,0,0
12597,0,5,0,362,0,0,0,1
19347,0,8,0,1248,3,1,0,0
10948,1,4,1,1637,3,1,0,0
13355,0,4,1,1228,4,1,0,1
4667,1,4,1,8,2,0,0,0
16179,1,6,0,472,1,1,0,1
6613,1,4,1,172,4,1,0,0
15335,1,9,0,1744,3,1,0,0
11855,1,9,1,96,0,1,0,0
11251,0,3,0,674,3,0,0,0
16667,1,7,1,1827,3,1,0,0
3458,1,5,0,608,0,0,1,0
9690,0,9,0,1330,2,0,1,0
11088,1,2,1,1681,2,1,0,1
7778,1,3,0,1282,3,0,0,0
5798,0,5,1,474,4,0,0,0
1373,0,5,1,1974,1,0,0,1
11341,1,7,1,1324,4,1,1,0
17580,0,8,0,1489,4,1,1,1
9597,1,8,1,614,3,1,0,0
9207,0,1,0,689,3,0,0,0
11373,1,1,1,898,1,1,0,0
8102,1,3,1,1352,1,0,0,0
4347,1,1,0,110,1,0,0,0
9320,0,1,0,710,3,0,0,1
19838,1,8,1,1929,3,1,0,0
10803,0,1,0,1153,4,1,0,1
15572,1,9,1,965,3,1,1,0
16754,1,2,0,871,2,1,0,1
17670,1,9,0,1161,2,1,0,0
12492,1,7,1,1934,1,1,0,0
12056,1,9,0,1563,3,1,0,1
15741,0,3,1,649,2,1,0,1
14098,0,1,1,1188,4,1,0,1
6405,0,1,0,349,0,0,0,1
18882,1,6,1,463,4,1,0,0
12821,1,7,0,1892,0,1,0,0
7095,0,9,0,1667,4,1,1,0
12527,1,6,1,1528,2,1,0,0
13882,1,5,0,885,3,1,1,1
2330,1,2,1,1175,0,0,0,0
6611,0,2,1,1914,3,0,0,0
16612,0,8,0,246,3,1,0,0
9561,0,1,0,1134,2,0,0,0
4865,0,8,1,1609,1,0,0,0
13372,0,7,1,798,1,1,0,0
5652,1,7,1,1299,0,1,0,0
727,1,5,0,870,2,0,0,0
12089,1,3,0,1091,3,1,1,0
13880,1,7,1,1074,4,1,0,0
6689,0,7,0,816,4,0,0,0
2144,0,7,1,515,0,0,0,0
13271,1,2,0,226,0,1,1,1
18825,0,3,1,578,0,0,0,0
5984,1,3,1,506,2,0,0,0
8285,1,4,1,155,4,1,0,1
349,1,9,1,1898,2,1,1,0
19409,1,1,1,1504,2,1,1,0
17458,0,7,1,111,3,1,0,0
9275,1,7,0,483,2,1,0,1
16360,0,4,1,808,2,1,1,0
2772,1,1,1,1917,3,1,0,0
7379,1,3,1,1792,1,1,1,0
8762,1,5,1,274,3,1,0,0
2087,1,2,1,155,0,0,0,0
16574,0,7,0,1675,1,1,0,0
13048,1,7,1,1191,4,1,0,1
13126,0,5,1,1043,2,0,0,0
2873,1,6,1,345,1,1,1,1
13259,1,1,1,1927,4,1,0,0
9978,1,4,0,735,3,0,0,0
10278,0,4,0,569,3,1,1,0
10477,1,8,1,1922,0,1,1,0
7447,1,2,1,294,0,0,0,0
1108,1,1,0,645,1,0,0,1
3883,1,7,1,1486,2,1,1,1
4398,1,6,0,338,3,1,0,1
4768,0,5,1,1828,1,0,0,0
2152,0,8,0,452,1,0,1,0
1816,1,2,0,344,1,0,0,0
410,1,2,1,717,0,0,0,0
14491,0,9,1,631,3,1,0,1
1360,1,1,1,765,0,0,0,0
13257,0,6,1,85,0,1,0,0
11560,1,3,0,1721,1,1,0,0
17068,1,5,0,737,4,1,0,0
14111,0,8,1,660,4,1,0,0
2966,1,7,0,1413,4,1,0,0
14465,0,4,1,1816,1,0,0,0
5998,0,8,1,227,2,0,0,0
18495,0,2,1,1310,3,1,0,0
6351,1,7,0,1308,1,1,0,0
5039,0,5,1,1717,1,0,0,1
4106,0,6,0,1971,0,0,0,1
1725,1,3,1,109,4,1,0,0
11056,1,7,0,135,1,1,0,0
17374,1,7,0,938,2,1,0,0
6178,1,2,0,291,3,0,0,0
9023,1,1,0,1911,2,0,0,1
4061,1,2,1,1826,1,1,0,1
18988,0,8,0,1639,1,1,0,0
8906,1,3,0,1737,0,0,0,0
18203,0,4,1,1532,2,0,0,0
13658,1,8,0,1653,0,1,1,0
6786,0,3,1,1868,2,0,0,0
1687,0,6,0,822,4,1,0,1
9903,1,2,1,1053,4,1,0,0
17380,1,3,0,394,2,1,1,0
10450,0,1,0,27,0,0,0,0
18916,1,9,0,1491,4,1,1,1
11554,1,4,0,13,1,1,0,0
15949,0,6,1,554,3,1,0,0
6937,0,7,0,933,0,0,0,0
1549,0,2,1,445,2,0,0,1
5554,1,8,1,224,3,1,0,0
9524,1,9,1,1487,3,1,0,0
4217,1,2,1,21,1,0,0,0
8969,1,5,0,1411,0,0,1,0
10950,0,2,0,1672,3,0,0,0
18512,1,5,0,1350,0,1,0,0
14443,0,7,0,1757,1,1,1,0
6945,1,6,0,467,2,1,0,1
4724,1,4,0,1681,3,1,0,1
8948,0,2,1,1546,3,0,0,0
16649,1,7,1,1249,3,1,0,1
13236,1,9,0,653,0,1,1,0
689,0,1,0,1499,3,0,0,0
19305,1,3,0,618,0,1,0,0
6609,0,7,1,780,4,1,1,0
7793,0,9,0,1730,4,1,0,1
9554,0,5,0,458,0,0,1,0
16555,0,7,0,640,4,1,0,0
11808,1,7,1,1237,1,1,0,0
13042,1,4,1,663,1,1,0,0
16752,1,5,0,961,4,1,0,0
10068,0,2,1,1505,2,0,0,0
2562,1,8,1,1920,0,1,0,0
9560,1,1,1,180,4,1,1,0
1115,1,2,0,1853,0,0,0,0
9375,1,3,0,538,4,1,1,1
13369,0,7,1,527,1,1,0,0
506,0,6,1,22,2,1,0,1
7484,1,7,1,1369,0,1,1,0
11368,0,5,0,577,2,0,0,0
17469,1,4,1,763,1,1,0,1
11895,1,7,1,922,3,1,0,0
4585,1,3,0,1045,3,0,0,0
9001,0,7,1,745,0,0,0,0
2718,1,2,1,1432,1,0,0,0
9703,0,8,0,1511,0,0,0,0
7028,0,6,1,1552,0,0,0,0
5468,1,3,1,1440,0,0,0,0
4721,0,3,1,1296,2,0,0,0
14819,0,5,1,1229,4,1,0,1
11226,1,3,0,1322,1,1,1,0
7666,0,6,0,672,2,0,0,0
12406,0,2,0,1970,4,1,1,1
15186,1,8,1,1577,0,1,1,0
17487,1,9,0,1132,3,1,1,0
18950,0,7,0,637,2,1,0,0
18423,1,3,1,1024,1,1,1,0
18119,1,4,0,152,1,1,1,0
9990,0,2,1,13,4,0,0,0
8195,0,9,1,715,2,0,0,0
12819,1,5,1,1103,0,1,0,1
10383,0,2,0,906,4,0,0,0
18379,1,6,0,1578,1,1,1,0
14331,1,7,1,1193,2,1,0,0
14798,0,2,0,249,3,1,0,1
17557,0,1,1,1145,0,0,0,0
5284,1,7,0,387,1,1,0,0
2502,1,1,0,439,2,0,0,0
4995,1,3,0,1296,3,0,0,0
11504,1,4,0,300,1,1,0,0
15261,0,2,0,721,3,0,0,0
9443,1,7,1,473,1,1,0,1
10737,0,5,0,1182,4,0,0,0
2056,0,1,0,1007,4,0,0,1
7123,1,8,0,633,4,1,1,0
14162,0,7,0,1251,2,1,0,0
14433,0,4,0,421,4,0,0,0
4007,1,2,1,956,2,0,0,0
907,0,7,1,973,0,1,0,1
14131,0,2,1,24,4,1,0,1
4927,1,6,0,1766,2,1,0,0
13799,1,1,0,538,1,1,0,0
4624,1,7,1,1594,2,1,0,0
15293,1,7,1,777,2,1,1,1
16323,1,4,1,638,1,1,0,0
18768,1,4,1,1981,2,1,0,1
5413,1,5,0,1811,1,0,0,0
13698,0,2,1,540,3,1,0,0
13158,0,9,0,903,4,1,1,0
17241,1,4,1,1837,0,1,0,0
4987,0,9,0,1152,2,0,0,0
3954,0,3,0,1118,1,0,0,0
12558,1,9,0,1727,4,1,0,1
14636,0,1,1,421,2,0,0,0
3658,1,7,0,1296,4,1,0,0
9872,0,4,0,484,3,0,0,1
17445,1,7,1,1029,2,1,0,1
3675,0,6,1,157,1,0,0,0
2518,0,4,1,52,3,0,1,0
4298,0,4,1,243,2,0,0,0
1101,1,8,1,1687,4,1,1,1
7219,0,7,1,774,3,1,0,0
19329,0,4,0,420,1,0,0,0
9773,1,6,0,1977,2,1,0,0
5416,1,6,1,1953,4,1,0,1
16344,0,1,1,1841,4,1,0,1
16906,0,2,0,425,3,0,0,0
11973,0,4,0,80,2,0,0,0
4366,0,6,0,695,4,1,1,0
7649,1,6,1,354,3,1,0,1
19194,0,1,0,1643,0,0,0,0
10689,0,8,0,1690,4,1,1,0
1757,1,2,1,293,3,1,0,1
19025,0,5,1,717,0,1,0,1
6863,0,4,1,1140,3,0,0,1
19559,0,5,0,529,4,0,0,0
3264,1,5,1,480,0,1,1,1
18537,1,8,0,1312,3,1,0,1
8579,0,7,0,1692,2,0,0,0
5837,0,9,1,477,0,0,0,0
19701,1,1,0,25,3,1,0,1
17931,0,6,1,431,2,1,1,0
6109,0,6,1,1302,0,1,1,1
17091,1,2,1,317,3,1,1,0
4652,1,8,1,638,4,1,1,1
18248,1,6,0,1836,0,1,1,1
9517,0,9,1,358,0,0,0,0
9321,0,5,0,1300,2,0,0,0
2771,0,7,0,1901,3,0,0,0
6619,0,6,1,690,4,1,1,1
4062,1,5,0,344,2,0,0,0
12834,0,6,1,1455,0,1,0,0
13222,0,4,1,559,2,1,1,1
19661,1,3,1,712,2,1,0,0
3822,1,1,0,563,2,0,1,0
5006,0,1,1,439,0,0,0,0
7363,1,6,1,1486,1,1,0,0
13799,1,9,0,1831,2,1,0,0
11188,0,8,1,1294,1,1,0,0
908,0,2,1,1733,4,1,1,1
9270,0,9,1,1455,4,1,0,1
16360,0,8,1,1045,4,1,0,0
17209,1,9,1,143,3,1,1,0
10793,1,4,1,1784,0,1,0,0
7801,0,9,0,868,1,0,0,0
17700,0,2,1,353,3,1,0,0
18681,1,1,1,1489,1,1,0,0
14291,0,9,1,1017,0,1,0,0
19290,0,8,1,468,2,1,1,0
17456,0,7,0,1537,3,1,0,0
13804,0,8,1,1488,0,1,0,0
2223,1,1,0,877,3,0,0,0
11633,0,9,1,1874,4,1,1,1
16708,1,9,1,1418,3,1,1,0
14548,0,9,0,919,2,1,0,0
14686,0,6,0,1810,2,1,1,1
1914,1,4,1,1777,1,0,0,0
13101,0,2,1,1082,3,1,0,0
17590,1,4,1,1150,4,1,0,0
16608,0,7,1,841,2,1,0,0
19730,0,1,1,878,1,0,0,0
13480,0,9,1,1485,4,1,0,0
15506,0,3,0,52,4,1,0,1
3031,0,4,1,1012,4,0,0,1
13667,1,5,1,1759,0,1,0,1
14138,1,3,1,814,2,1,0,1
12417,0,4,0,1899,0,0,0,1
3071,0,5,0,269,0,0,0,0
2117,1,1,0,96,2,1,1,1
2515,1,9,1,273,3,1,0,1
19580,0,4,0,1347,1,0,1,0
1709,0,9,1,1597,2,0,0,0
817,1,4,1,1857,1,1,0,1
12762,0,1,1,1717,3,1,0,0
6882,1,5,1,133,2,1,1,0
1148,0,9,1,928,4,1,1,0
11718,1,3,1,89,2,1,0,0
8407,1,5,1,685,3,1,0,0
8005,0,3,0,824,0,0,0,0
10093,1,3,0,5,2,1,1,1
10438,0,1,0,357,4,0,0,0
5678,0,2,1,1367,2,0,0,0
13934,0,2,0,204,0,0,1,0
18104,0,9,1,1698,2,1,0,0
6648,1,7,0,1597,4,1,0,0
7481,0,8,0,471,3,0,0,0
3041,0,2,1,464,4,0,0,0
5795,0,9,0,497,3,0,0,0
6501,0,3,1,702,4,0,0,0
15279,1,2,0,837,1,1,0,0
14556,0,1,0,63,2,0,0,1
13197,1,9,0,1580,2,1,0,0
6297,1,8,1,239,0,1,0,0
5550,1,4,1,540,1,0,0,0
18037,0,7,0,198,0,1,0,0
17496,0,3,0,781,2,0,1,0
8478,0,3,1,1707,0,0,0,0
1981,0,4,0,30,3,0,0,0
6899,1,2,0,666,1,0,0,0
14697,1,4,1,1233,4,1,0,0
13775,0,3,0,1087,3,0,0,0
4686,0,8,0,1865,4,0,0,0
8530,0,2,1,1081,0,0,0,1
2445,0,9,1,1856,2,1,0,1
16559,0,3,1,1744,3,1,0,0
9648,0,4,1,1457,1,0,0,0
5977,0,3,0,1332,4,0,0,0
6885,1,3,1,1599,3,1,0,0
15933,1,8,1,1784,2,1,0,0
5022,1,8,0,1490,1,1,0,0
18814,1,6,1,1677,1,1,0,0
4786,0,4,1,1629,4,0,0,1
14507,0,1,0,1131,3,0,0,0
18386,0,4,1,1901,3,1,0,0
12305,0,8,1,600,1,1,1,0
13279,0,6,0,1018,0,1,0,0
18543,1,2,1,1325,1,1,0,0
16624,0,3,1,620,2,1,0,1
18273,1,7,0,1070,3,1,0,1
116,0,4,0,77,4,0,1,1
13474,1,4,1,729,3,1,1,0
16948,0,5,1,1193,1,1,1,0
18311,1,8,1,814,2,1,0,0
6056,0,7,0,1153,0,0,0,0
16573,0,9,1,1737,3,1,0,0
4915,0,5,1,708,1,0,0,1
19335,0,1,0,1884,1,0,0,0
2943,1,4,1,268,1,1,1,1
16072,0,6,1,1624,2,1,0,1
17453,1,6,1,765,1,1,1,1
1194,0,9,0,1774,1,0,0,1
6224,1,5,0,585,1,0,0,0
19679,0,5,1,419,3,1,0,0
1504,0,6,1,870,1,1,0,1
4082,1,6,0,1891,2,1,0,1
12615,0,3,1,1185,3,1,0,0
15890,0,6,0,1082,1,1,0,1
12305,1,8,0,384,0,1,0,0
12848,0,6,0,1909,2,1,0,0
3192,1,5,0,803,0,0,0,0
14071,0,3,0,510,2,1,1,1
14716,1,1,1,430,0,1,0,0
5033,1,5,0,1364,1,0,0,0
5026,1,6,1,578,0,1,0,0
4069,1,6,1,940,0,1,1,0
3065,0,6,1,1050,2,0,0,0
4419,0,3,0,1834,1,0,1,0
9075,1,4,1,589,2,1,0,1
7208,0,3,1,798,1,0,0,0
9241,0,2,1,372,4,0,1,0
16528,0,8,0,928,3,1,0,0
1910,1,7,1,1060,3,1,0,0
10373,0,8,0,1555,2,1,1,0
9121,0,6,0,1814,1,0,0,0
18393,1,7,1,1857,0,1,0,0
6464,0,1,1,1849,3,0,0,0
2681,1,5,0,1291,2,0,0,0
791,1,4,0,1818,2,0,0,0
1031,1,3,1,1456,2,0,0,0
13228,0,2,1,1043,1,0,0,0
14326,0,9,1,1363,2,1,0,0
13961,1,8,1,140,4,1,0,0
15575,1,2,1,67,0,1,0,0
3506,1,6,0,1015,2,1,0,0
8439,1,3,0,1848,1,0,0,0
17516,1,3,0,1554,0,1,0,1
17795,1,5,0,1393,0,1,0,0
8679,0,7,0,261,3,1,0,1
3221,1,7,1,1648,2,1,0,0
18357,1,1,0,1944,2,1,0,0
16046,1,7,1,974,1,1,0,1
3848,0,7,0,627,4,0,0,0
377,0,6,0,1702,4,0,0,0
18343,0,6,1,579,3,1,0,0
11663,0,2,0,1791,4,0,0,0
6892,1,3,0,1606,1,1,1,1
14018,0,3,0,1996,3,1,0,1
10474,1,3,0,1844,2,1,0,1
4775,1,2,1,1022,4,1,0,0
1270,1,9,0,1227,1,1,0,0
8781,1,6,0,639,1,1,0,0
10817,1,2,0,1959,2,1,0,0
12550,1,3,0,1979,1,1,0,1
10780,0,6,0,410,3,1,1,0
10168,0,4,0,833,3,0,0,0
2562,0,7,0,1104,0,0,0,1
13750,0,6,0,1712,2,1,0,1
387,0,6,1,113,1,1,0,1
18391,1,3,1,623,4,1,0,0
1261,0,8,1,821,3,1,0,0
16613,0,9,0,1161,2,1,0,1
2463,0,6,0,1669,2,0,0,1
6083,1,2,1,1908,3,1,0,0
16627,1,1,1,840,0,1,0,0
8307,1,3,1,189,2,1,0,1
14858,0,3,1,277,1,1,1,0
344,0,8,0,1761,4,0,0,0
17410,0,5,1,103,4,1,0,0
3278,0,1,0,107,3,0,0,0
2276,0,4,1,1599,2,0,0,1
5102,1,7,0,1940,4,1,0,0
986,0,5,0,1978,2,0,0,0
19882,1,6,0,757,3,1,0,1
13821,0,4,0,173,0,0,0,1
12242,1,2,1,1942,4,1,0,0
2754,1,9,0,1869,1,1,0,0
12084,1,2,0,999,3,1,0,0
17855,1,2,1,1355,0,1,1,0
7235,0,2,1,722,1,0,1,0
420,0,1,1,1215,1,0,0,1
4754,0,3,1,1694,4,0,1,0
16231,1,6,0,831,2,1,0,0
10870,0,7,1,225,3,1,1,1
6653,0,1,0,1708,1,0,0,0
11659,0,5,1,1347,4,1,0,1
9109,0,5,0,1978,0,0,1,0
13582,1,1,1,1532,1,1,0,1
7598,1,4,1,1985,0,1,1,0
6736,0,1,1,1572,3,0,1,0
7462,0,1,1,134,4,0,0,0
16495,0,7,0,1061,0,1,0,1
16678,1,7,1,93,2,1,0,0
2637,1,3,0,75,0,0,0,0
19326,1,7,0,756,0,1,0,0
15316,0,3,1,183,4,1,0,0
18713,1,2,1,717,4,1,0,1
3109,1,4,0,459,1,0,0,0
14309,1,3,0,1723,0,1,0,0
15775,1,7,0,1702,0,1,0,0
15129,1,1,0,627,4,1,0,0
2177,0,6,0,409,2,0,0,0
14007,0,2,1,207,4,1,0,0
3967,0,8,1,1269,2,0,0,0
16252,0,5,0,1357,4,1,0,1
4973,1,3,1,673,3,1,0,0
8735,0,7,0,1549,0,0,0,0
397,0,2,1,1318,2,0,0,1
13195,0,5,0,1013,3,1,0,1
9136,1,8,1,1978,2,1,0,0
1115,0,1,1,1940,1,0,0,0
1484,1,1,0,748,1,0,0,1
8845,1,3,1,273,0,1,1,0
18834,1,3,0,379,3,1,0,1
17753,0,7,0,626,3,1,1,0
1360,1,6,1,664,1,1,0,1
7801,0,7,0,1050,0,0,1,0
10501,0,4,1,680,1,0,0,0
15619,0,2,1,544,3,1,0,0
11964,1,2,0,733,2,1,0,1
15781,1,1,1,1742,3,1,0,1
5643,0,9,0,1957,0,0,0,0
18365,1,7,0,1878,3,1,0,0
12588,1,3,1,1634,4,1,0,0
10179,1,2,0,91,3,1,0,0
10844,0,3,1,476,4,1,0,0
3909,1,7,1,1913,1,1,0,0
7306,1,5,0,726,4,1,1,1
13846,0,3,1,1212,3,1,0,0
16095,1,9,0,1593,3,1,0,1
16135,0,2,0,1643,3,1,0,1
11771,1,7,0,1978,0,1,0,0
13310,1,6,0,1219,1,1,0,0
17893,1,6,1,534,4,1,0,1
5297,1,7,0,698,2,1,0,0
15653,1,6,0,880,4,1,0,0
7552,1,2,0,85,3,1,1,1
8818,0,5,1,592,2,0,0,1
14959,1,3,1,841,2,1,0,0
2272,1,9,0,77,4,1,0,1
13258,1,8,1,330,4,1,0,0
16763,0,2,1,383,4,1,0,0
19153,0,1,0,1457,4,0,0,0
11185,0,4,0,377,1,1,1,1
4081,1,4,1,341,0,0,0,0
5347,1,2,1,1201,0,1,1,1
10653,0,7,1,1450,4,1,0,0
6235,0,3,0,424,0,0,0,1
5673,0,7,1,1991,4,1,0,0
13831,1,7,1,174,4,1,0,0
7289,0,1,1,406,4,1,1,1
14641,1,6,1,82,1,1,0,0
10978,1,4,0,21,3,1,0,1
11187,1,8,0,691,0,1,0,0
13767,0,8,0,1010,0,1,1,1
2876,1,3,1,398,1,0,0,0
9411,0,4,0,330,1,0,0,0
7797,0,1,1,225,4,0,1,0
14729,0,2,1,1801,4,1,1,1
8486,0,7,0,1426,3,1,1,0
17146,1,7,1,781,0,1,0,1
8144,1,9,1,1787,1,1,0,0
9715,1,9,1,1809,3,1,0,0
15134,1,9,0,894,0,1,0,0
5160,0,6,0,1879,3,1,1,0
11000,0,8,0,1945,3,1,0,0
5681,0,9,0,438,4,1,0,1
2114,0,7,0,1296,3,0,0,0
13097,1,4,0,1304,4,1,0,0
10735,0,4,0,223,0,0,0,0
13748,1,6,0,1611,0,1,0,0
7248,0,4,0,1687,4,0,0,0
18848,0,7,0,1961,2,1,0,1
14122,0,8,1,1895,3,1,0,0
6019,0,8,0,509,0,0,1,0
15986,1,8,1,1366,3,1,0,1
6738,1,2,1,1953,2,0,0,0
4751,1,2,0,617,3,0,0,0
709,1,2,0,1066,2,0,0,0
8040,0,2,1,1200,1,0,0,1
10448,0,4,0,1269,2,0,1,0
3966,1,5,0,1277,0,0,0,0
16855,1,4,1,1298,4,1,0,0
17099,0,5,0,959,4,0,0,0
2353,0,4,0,1358,3,0,0,1
5042,1,7,1,604,1,1,0,0
12430,1,1,1,1035,3,1,0,1
964,1,1,1,152,2,0,0,0
1368,0,2,0,189,4,0,0,0
7554,1,1,1,960,2,1,0,1
13766,1,3,0,676,4,1,1,0
12470,1,6,0,638,4,1,0,0
5329,1,6,0,211,4,1,0,1
